time,oscillator_id,action,carrier_sense_start,carrier_sense_end,blocking_oscillator_id,blocking_transmission_start,blocking_transmission_end
4560.0,3,send_clear,4555.0,4560.0,,,
5526.4896,1,send_clear,5521.4896,5526.4896,,,
5534.6896,2,skip_busy,5529.6896,5534.6896,1,5526.4896,5547.0336
5535.0896,4,skip_busy,5530.0896,5535.0896,1,5526.4896,5547.0336
6485.43024,0,send_clear,6480.43024,6485.43024,,,
9560.0,3,send_clear,9555.0,9560.0,,,
10575.13856,1,send_clear,10570.13856,10575.13856,,,
11579.583263999999,2,send_clear,11574.583263999999,11579.583263999999,,,
11579.623264,4,skip_busy,11574.623264,11579.623264,2,11579.583263999999,11600.127263999999
11584.657328,0,skip_busy,11579.657328,11584.657328,2,11579.583263999999,11600.127263999999
14560.0,3,send_clear,14555.0,14560.0,,,
15580.003456,1,send_clear,15575.003456,15580.003456,,,
16598.4510368,2,send_clear,16593.4510368,16598.4510368,,,
17605.057859520002,4,send_clear,17600.057859520002,17605.057859520002,,,
17605.56126592,0,skip_busy,17600.56126592,17605.56126592,4,17605.057859520002,17625.601859520004
19560.0,3,send_clear,19555.0,19560.0,,,
20580.489945600002,1,send_clear,20575.489945600002,20580.489945600002,,,
21600.775654720004,2,send_clear,21595.775654720004,21600.775654720004,,,
22619.693475200005,4,send_clear,22614.693475200005,22619.693475200005,,,
23626.769854272006,0,send_clear,23621.769854272006,23626.769854272006,,,
24638.58246884481,3,send_clear,24633.58246884481,24638.58246884481,,,
25651.26281652033,1,send_clear,25646.26281652033,25651.26281652033,,,
26664.703700340302,2,send_clear,26659.703700340302,26664.703700340302,,,
27678.692277826274,4,send_clear,27673.692277826274,27678.692277826274,,,
28691.98963547085,0,send_clear,28686.98963547085,28691.98963547085,,,
29705.13851880825,3,send_clear,29700.13851880825,29705.13851880825,,,
30718.24054857946,1,send_clear,30713.24054857946,30718.24054857946,,,
31731.376463755543,2,send_clear,31726.376463755543,31731.376463755543,,,
32744.59764516262,4,send_clear,32739.59764516262,32744.59764516262,,,
33757.826444193444,0,send_clear,33752.826444193444,33757.826444193444,,,
34771.04725165493,3,send_clear,34766.04725165493,34771.04725165493,,,
35784.25618134738,1,send_clear,35779.25618134738,35784.25618134738,,,
36797.457809588195,2,send_clear,36792.457809588195,36797.457809588195,,,
37810.66139314564,4,send_clear,37805.66139314564,37810.66139314564,,,
38823.86749825042,0,send_clear,38818.86749825042,38823.86749825042,,,
39837.07507359087,3,send_clear,39832.07507359087,39837.07507359087,,,
40850.28278436653,1,send_clear,40845.28278436653,40850.28278436653,,,
41863.489886888696,2,send_clear,41858.489886888696,41863.489886888696,,,
42876.69663751439,4,send_clear,42871.69663751439,42876.69663751439,,,
43889.903323588,0,send_clear,43884.903323588,43889.903323588,,,
44903.11009858829,3,send_clear,44898.11009858829,44903.11009858829,,,
45916.316967166116,1,send_clear,45911.316967166116,45916.316967166116,,,
46929.523859138375,2,send_clear,46924.523859138375,46929.523859138375,,,
47942.73073697598,4,send_clear,47937.73073697598,47942.73073697598,,,
48955.93759563718,0,send_clear,48950.93759563718,48955.93759563718,,,
49969.144445932296,3,send_clear,49964.144445932296,49969.144445932296,,,
50982.35129805568,1,send_clear,50977.35129805568,50982.35129805568,,,
51995.55815416395,2,send_clear,51990.55815416395,51995.55815416395,,,
53008.765012445154,4,send_clear,53003.765012445154,53008.765012445154,,,
54021.971870764355,0,send_clear,54016.971870764355,54021.971870764355,,,
55035.17872828115,3,send_clear,55030.17872828115,55035.17872828115,,,
56048.385585258606,1,send_clear,56043.385585258606,56048.385585258606,,,
57061.59244214914,2,send_clear,57056.59244214914,57061.59244214914,,,
58074.79929917875,4,send_clear,58069.79929917875,58074.79929917875,,,
59088.00615633731,0,send_clear,59083.00615633731,59088.00615633731,,,
60101.2130135317,3,send_clear,60096.2130135317,60101.2130135317,,,
61114.41987070439,1,send_clear,61109.41987070439,61114.41987070439,,,
62127.62672784887,2,send_clear,62122.62672784887,62127.62672784887,,,
63140.833584981854,4,send_clear,63135.833584981854,63140.833584981854,,,
64154.0404421174,0,send_clear,64149.0404421174,64154.0404421174,,,
65167.24729925884,3,send_clear,65162.24729925884,65167.24729925884,,,
66180.4541564034,1,send_clear,66175.4541564034,66180.4541564034,,,
67193.66101354794,2,send_clear,67188.66101354794,67193.66101354794,,,
68206.86787069133,4,send_clear,68201.86787069133,68206.86787069133,,,
69220.07472783394,0,send_clear,69215.07472783394,69220.07472783394,,,
70233.28158497643,3,send_clear,70228.28158497643,70233.28158497643,,,
71246.48844211912,1,send_clear,71241.48844211912,71246.48844211912,,,
72259.695299262,2,send_clear,72254.695299262,72259.695299262,,,
73272.90215640493,4,send_clear,73267.90215640493,73272.90215640493,,,
74286.10901354783,0,send_clear,74281.10901354783,74286.10901354783,,,
75299.31587069068,3,send_clear,75294.31587069068,75299.31587069068,,,
76312.52272783352,1,send_clear,76307.52272783352,76312.52272783352,,,
77325.72958497636,2,send_clear,77320.72958497636,77325.72958497636,,,
78338.93644211921,4,send_clear,78333.93644211921,78338.93644211921,,,
79352.14329926207,0,send_clear,79347.14329926207,79352.14329926207,,,
80365.35015640492,3,send_clear,80360.35015640492,80365.35015640492,,,
81378.55701354778,1,send_clear,81373.55701354778,81378.55701354778,,,
82391.76387069063,2,send_clear,82386.76387069063,82391.76387069063,,,
83404.97072783348,4,send_clear,83399.97072783348,83404.97072783348,,,
84418.17758497634,0,send_clear,84413.17758497634,84418.17758497634,,,
85431.38444211919,3,send_clear,85426.38444211919,85431.38444211919,,,
86444.59129926204,1,send_clear,86439.59129926204,86444.59129926204,,,
87457.7981564049,2,send_clear,87452.7981564049,87457.7981564049,,,
88471.00501354775,4,send_clear,88466.00501354775,88471.00501354775,,,
89484.2118706906,0,send_clear,89479.2118706906,89484.2118706906,,,
90497.41872783346,3,send_clear,90492.41872783346,90497.41872783346,,,
91510.62558497631,1,send_clear,91505.62558497631,91510.62558497631,,,
92523.83244211916,2,send_clear,92518.83244211916,92523.83244211916,,,
93537.03929926202,4,send_clear,93532.03929926202,93537.03929926202,,,
94550.24615640487,0,send_clear,94545.24615640487,94550.24615640487,,,
95563.45301354773,3,send_clear,95558.45301354773,95563.45301354773,,,
96576.65987069058,1,send_clear,96571.65987069058,96576.65987069058,,,
97589.86672783343,2,send_clear,97584.86672783343,97589.86672783343,,,
98603.07358497629,4,send_clear,98598.07358497629,98603.07358497629,,,
99616.28044211914,0,send_clear,99611.28044211914,99616.28044211914,,,
100629.487299262,3,send_clear,100624.487299262,100629.487299262,,,
101642.69415640485,1,send_clear,101637.69415640485,101642.69415640485,,,
102655.9010135477,2,send_clear,102650.9010135477,102655.9010135477,,,
103669.10787069055,4,send_clear,103664.10787069055,103669.10787069055,,,
104682.3147278334,0,send_clear,104677.3147278334,104682.3147278334,,,
105695.52158497626,3,send_clear,105690.52158497626,105695.52158497626,,,
106708.72844211911,1,send_clear,106703.72844211911,106708.72844211911,,,
107721.93529926197,2,send_clear,107716.93529926197,107721.93529926197,,,
108735.14215640482,4,send_clear,108730.14215640482,108735.14215640482,,,
109748.34901354767,0,send_clear,109743.34901354767,109748.34901354767,,,
110761.55587069053,3,send_clear,110756.55587069053,110761.55587069053,,,
111774.76272783338,1,send_clear,111769.76272783338,111774.76272783338,,,
112787.96958497624,2,send_clear,112782.96958497624,112787.96958497624,,,
113801.17644211909,4,send_clear,113796.17644211909,113801.17644211909,,,
114814.38329926194,0,send_clear,114809.38329926194,114814.38329926194,,,
115827.5901564048,3,send_clear,115822.5901564048,115827.5901564048,,,
116840.79701354765,1,send_clear,116835.79701354765,116840.79701354765,,,
117854.0038706905,2,send_clear,117849.0038706905,117854.0038706905,,,
118867.21072783336,4,send_clear,118862.21072783336,118867.21072783336,,,
119880.41758497621,0,send_clear,119875.41758497621,119880.41758497621,,,
120893.62444211906,3,send_clear,120888.62444211906,120893.62444211906,,,
121906.83129926192,1,send_clear,121901.83129926192,121906.83129926192,,,
122920.03815640477,2,send_clear,122915.03815640477,122920.03815640477,,,
123933.24501354762,4,send_clear,123928.24501354762,123933.24501354762,,,
124946.45187069048,0,send_clear,124941.45187069048,124946.45187069048,,,
125959.65872783333,3,send_clear,125954.65872783333,125959.65872783333,,,
126972.86558497619,1,send_clear,126967.86558497619,126972.86558497619,,,
127986.07244211904,2,send_clear,127981.07244211904,127986.07244211904,,,
128999.27929926189,4,send_clear,128994.27929926189,128999.27929926189,,,
130012.48615640475,0,send_clear,130007.48615640475,130012.48615640475,,,
131025.6930135476,3,send_clear,131020.6930135476,131025.6930135476,,,
132038.89987069045,1,send_clear,132033.89987069045,132038.89987069045,,,
133052.1067278333,2,send_clear,133047.1067278333,133052.1067278333,,,
134065.31358497616,4,send_clear,134060.31358497616,134065.31358497616,,,
135078.520442119,0,send_clear,135073.520442119,135078.520442119,,,
136091.72729926187,3,send_clear,136086.72729926187,136091.72729926187,,,
137104.93415640472,1,send_clear,137099.93415640472,137104.93415640472,,,
138118.14101354757,2,send_clear,138113.14101354757,138118.14101354757,,,
139131.34787069043,4,send_clear,139126.34787069043,139131.34787069043,,,
140144.55472783328,0,send_clear,140139.55472783328,140144.55472783328,,,
141157.76158497614,3,send_clear,141152.76158497614,141157.76158497614,,,
142170.968442119,1,send_clear,142165.968442119,142170.968442119,,,
143184.17529926184,2,send_clear,143179.17529926184,143184.17529926184,,,
144197.3821564047,4,send_clear,144192.3821564047,144197.3821564047,,,
145210.58901354755,0,send_clear,145205.58901354755,145210.58901354755,,,
146223.7958706904,3,send_clear,146218.7958706904,146223.7958706904,,,
147237.00272783326,1,send_clear,147232.00272783326,147237.00272783326,,,
148250.2095849761,2,send_clear,148245.2095849761,148250.2095849761,,,
149263.41644211896,4,send_clear,149258.41644211896,149263.41644211896,,,
150276.62329926182,0,send_clear,150271.62329926182,150276.62329926182,,,
151289.83015640467,3,send_clear,151284.83015640467,151289.83015640467,,,
152303.03701354752,1,send_clear,152298.03701354752,152303.03701354752,,,
153316.24387069038,2,send_clear,153311.24387069038,153316.24387069038,,,
154329.45072783323,4,send_clear,154324.45072783323,154329.45072783323,,,
155342.65758497608,0,send_clear,155337.65758497608,155342.65758497608,,,
156355.86444211894,3,send_clear,156350.86444211894,156355.86444211894,,,
157369.0712992618,1,send_clear,157364.0712992618,157369.0712992618,,,
158382.27815640465,2,send_clear,158377.27815640465,158382.27815640465,,,
159395.4850135475,4,send_clear,159390.4850135475,159395.4850135475,,,
160408.69187069035,0,send_clear,160403.69187069035,160408.69187069035,,,
161421.8987278332,3,send_clear,161416.8987278332,161421.8987278332,,,
162435.10558497606,1,send_clear,162430.10558497606,162435.10558497606,,,
163448.3124421189,2,send_clear,163443.3124421189,163448.3124421189,,,
164461.51929926177,4,send_clear,164456.51929926177,164461.51929926177,,,
165474.72615640462,0,send_clear,165469.72615640462,165474.72615640462,,,
166487.93301354747,3,send_clear,166482.93301354747,166487.93301354747,,,
167501.13987069033,1,send_clear,167496.13987069033,167501.13987069033,,,
168514.34672783318,2,send_clear,168509.34672783318,168514.34672783318,,,
169527.55358497603,4,send_clear,169522.55358497603,169527.55358497603,,,
170540.7604421189,0,send_clear,170535.7604421189,170540.7604421189,,,
171553.96729926174,3,send_clear,171548.96729926174,171553.96729926174,,,
172567.1741564046,1,send_clear,172562.1741564046,172567.1741564046,,,
173580.38101354745,2,send_clear,173575.38101354745,173580.38101354745,,,
174593.5878706903,4,send_clear,174588.5878706903,174593.5878706903,,,
175606.79472783316,0,send_clear,175601.79472783316,175606.79472783316,,,
176620.001584976,3,send_clear,176615.001584976,176620.001584976,,,
177633.20844211886,1,send_clear,177628.20844211886,177633.20844211886,,,
178646.41529926172,2,send_clear,178641.41529926172,178646.41529926172,,,
179659.62215640457,4,send_clear,179654.62215640457,179659.62215640457,,,
180672.82901354742,0,send_clear,180667.82901354742,180672.82901354742,,,
181686.03587069028,3,send_clear,181681.03587069028,181686.03587069028,,,
182699.24272783313,1,send_clear,182694.24272783313,182699.24272783313,,,
183712.44958497598,2,send_clear,183707.44958497598,183712.44958497598,,,
184725.65644211884,4,send_clear,184720.65644211884,184725.65644211884,,,
185738.8632992617,0,send_clear,185733.8632992617,185738.8632992617,,,
186752.07015640454,3,send_clear,186747.07015640454,186752.07015640454,,,
187765.2770135474,1,send_clear,187760.2770135474,187765.2770135474,,,
188778.48387069025,2,send_clear,188773.48387069025,188778.48387069025,,,
189791.6907278331,4,send_clear,189786.6907278331,189791.6907278331,,,
190804.89758497596,0,send_clear,190799.89758497596,190804.89758497596,,,
191818.1044421188,3,send_clear,191813.1044421188,191818.1044421188,,,
192831.31129926167,1,send_clear,192826.31129926167,192831.31129926167,,,
193844.51815640452,2,send_clear,193839.51815640452,193844.51815640452,,,
194857.72501354737,4,send_clear,194852.72501354737,194857.72501354737,,,
195870.93187069023,0,send_clear,195865.93187069023,195870.93187069023,,,
196884.13872783308,3,send_clear,196879.13872783308,196884.13872783308,,,
197897.34558497593,1,send_clear,197892.34558497593,197897.34558497593,,,
198910.5524421188,2,send_clear,198905.5524421188,198910.5524421188,,,
199923.75929926164,4,send_clear,199918.75929926164,199923.75929926164,,,
200936.9661564045,0,send_clear,200931.9661564045,200936.9661564045,,,
201950.17301354735,3,send_clear,201945.17301354735,201950.17301354735,,,
202963.3798706902,1,send_clear,202958.3798706902,202963.3798706902,,,
203976.58672783306,2,send_clear,203971.58672783306,203976.58672783306,,,
204989.7935849759,4,send_clear,204984.7935849759,204989.7935849759,,,
206003.00044211876,0,send_clear,205998.00044211876,206003.00044211876,,,
207016.20729926162,3,send_clear,207011.20729926162,207016.20729926162,,,
208029.41415640447,1,send_clear,208024.41415640447,208029.41415640447,,,
209042.62101354732,2,send_clear,209037.62101354732,209042.62101354732,,,
210055.82787069018,4,send_clear,210050.82787069018,210055.82787069018,,,
211069.03472783303,0,send_clear,211064.03472783303,211069.03472783303,,,
212082.24158497588,3,send_clear,212077.24158497588,212082.24158497588,,,
213095.44844211874,1,send_clear,213090.44844211874,213095.44844211874,,,
214108.6552992616,2,send_clear,214103.6552992616,214108.6552992616,,,
215121.86215640444,4,send_clear,215116.86215640444,215121.86215640444,,,
216135.0690135473,0,send_clear,216130.0690135473,216135.0690135473,,,
217148.27587069015,3,send_clear,217143.27587069015,217148.27587069015,,,
218161.482727833,1,send_clear,218156.482727833,218161.482727833,,,
219174.68958497586,2,send_clear,219169.68958497586,219174.68958497586,,,
220187.8964421187,4,send_clear,220182.8964421187,220187.8964421187,,,
221201.10329926157,0,send_clear,221196.10329926157,221201.10329926157,,,
222214.31015640442,3,send_clear,222209.31015640442,222214.31015640442,,,
223227.51701354727,1,send_clear,223222.51701354727,223227.51701354727,,,
224240.72387069013,2,send_clear,224235.72387069013,224240.72387069013,,,
225253.93072783298,4,send_clear,225248.93072783298,225253.93072783298,,,
226267.13758497583,0,send_clear,226262.13758497583,226267.13758497583,,,
227280.3444421187,3,send_clear,227275.3444421187,227280.3444421187,,,
228293.55129926154,1,send_clear,228288.55129926154,228293.55129926154,,,
229306.7581564044,2,send_clear,229301.7581564044,229306.7581564044,,,
230319.96501354725,4,send_clear,230314.96501354725,230319.96501354725,,,
231333.1718706901,0,send_clear,231328.1718706901,231333.1718706901,,,
232346.37872783295,3,send_clear,232341.37872783295,232346.37872783295,,,
233359.5855849758,1,send_clear,233354.5855849758,233359.5855849758,,,
234372.79244211866,2,send_clear,234367.79244211866,234372.79244211866,,,
235385.99929926152,4,send_clear,235380.99929926152,235385.99929926152,,,
236399.20615640437,0,send_clear,236394.20615640437,236399.20615640437,,,
237412.41301354722,3,send_clear,237407.41301354722,237412.41301354722,,,
238425.61987069008,1,send_clear,238420.61987069008,238425.61987069008,,,
239438.82672783293,2,send_clear,239433.82672783293,239438.82672783293,,,
240452.03358497578,4,send_clear,240447.03358497578,240452.03358497578,,,
241465.24044211864,0,send_clear,241460.24044211864,241465.24044211864,,,
242478.4472992615,3,send_clear,242473.4472992615,242478.4472992615,,,
243491.65415640434,1,send_clear,243486.65415640434,243491.65415640434,,,
244504.8610135472,2,send_clear,244499.8610135472,244504.8610135472,,,
245518.06787069005,4,send_clear,245513.06787069005,245518.06787069005,,,
246531.2747278329,0,send_clear,246526.2747278329,246531.2747278329,,,
247544.48158497576,3,send_clear,247539.48158497576,247544.48158497576,,,
248557.6884421186,1,send_clear,248552.6884421186,248557.6884421186,,,
249570.89529926146,2,send_clear,249565.89529926146,249570.89529926146,,,
250584.10215640432,4,send_clear,250579.10215640432,250584.10215640432,,,
251597.30901354717,0,send_clear,251592.30901354717,251597.30901354717,,,
252610.51587069003,3,send_clear,252605.51587069003,252610.51587069003,,,
253623.72272783288,1,send_clear,253618.72272783288,253623.72272783288,,,
254636.92958497573,2,send_clear,254631.92958497573,254636.92958497573,,,
255650.1364421186,4,send_clear,255645.1364421186,255650.1364421186,,,
256663.34329926144,0,send_clear,256658.34329926144,256663.34329926144,,,
257676.5501564043,3,send_clear,257671.5501564043,257676.5501564043,,,
258689.75701354715,1,send_clear,258684.75701354715,258689.75701354715,,,
259702.96387069,2,send_clear,259697.96387069,259702.96387069,,,
260716.17072783285,4,send_clear,260711.17072783285,260716.17072783285,,,
261729.3775849757,0,send_clear,261724.3775849757,261729.3775849757,,,
262742.58444211853,3,send_clear,262737.58444211853,262742.58444211853,,,
263755.7912992614,1,send_clear,263750.7912992614,263755.7912992614,,,
264768.99815640424,2,send_clear,264763.99815640424,264768.99815640424,,,
265782.2050135471,4,send_clear,265777.2050135471,265782.2050135471,,,
266795.41187068995,0,send_clear,266790.41187068995,266795.41187068995,,,
267808.6187278328,3,send_clear,267803.6187278328,267808.6187278328,,,
268821.82558497565,1,send_clear,268816.82558497565,268821.82558497565,,,
269835.0324421185,2,send_clear,269830.0324421185,269835.0324421185,,,
270848.23929926136,4,send_clear,270843.23929926136,270848.23929926136,,,
271861.4461564042,0,send_clear,271856.4461564042,271861.4461564042,,,
272874.65301354707,3,send_clear,272869.65301354707,272874.65301354707,,,
273887.8598706899,1,send_clear,273882.8598706899,273887.8598706899,,,
274901.0667278328,2,send_clear,274896.0667278328,274901.0667278328,,,
275914.2735849756,4,send_clear,275909.2735849756,275914.2735849756,,,
276927.4804421185,0,send_clear,276922.4804421185,276927.4804421185,,,
277940.68729926134,3,send_clear,277935.68729926134,277940.68729926134,,,
278953.8941564042,1,send_clear,278948.8941564042,278953.8941564042,,,
279967.10101354704,2,send_clear,279962.10101354704,279967.10101354704,,,
280980.3078706899,4,send_clear,280975.3078706899,280980.3078706899,,,
281993.51472783275,0,send_clear,281988.51472783275,281993.51472783275,,,
283006.7215849756,3,send_clear,283001.7215849756,283006.7215849756,,,
284019.92844211846,1,send_clear,284014.92844211846,284019.92844211846,,,
285033.1352992613,2,send_clear,285028.1352992613,285033.1352992613,,,
286046.34215640416,4,send_clear,286041.34215640416,286046.34215640416,,,
287059.549013547,0,send_clear,287054.549013547,287059.549013547,,,
288072.75587068987,3,send_clear,288067.75587068987,288072.75587068987,,,
289085.9627278327,1,send_clear,289080.9627278327,289085.9627278327,,,
290099.1695849756,2,send_clear,290094.1695849756,290099.1695849756,,,
291112.37644211843,4,send_clear,291107.37644211843,291112.37644211843,,,
292125.5832992613,0,send_clear,292120.5832992613,292125.5832992613,,,
293138.79015640414,3,send_clear,293133.79015640414,293138.79015640414,,,
294151.997013547,1,send_clear,294146.997013547,294151.997013547,,,
295165.20387068985,2,send_clear,295160.20387068985,295165.20387068985,,,
296178.4107278327,4,send_clear,296173.4107278327,296178.4107278327,,,
297191.61758497555,0,send_clear,297186.61758497555,297191.61758497555,,,
298204.8244421184,3,send_clear,298199.8244421184,298204.8244421184,,,
299218.03129926126,1,send_clear,299213.03129926126,299218.03129926126,,,
300231.2381564041,2,send_clear,300226.2381564041,300231.2381564041,,,
301244.44501354697,4,send_clear,301239.44501354697,301244.44501354697,,,
302257.6518706898,0,send_clear,302252.6518706898,302257.6518706898,,,
303270.8587278327,3,send_clear,303265.8587278327,303270.8587278327,,,
304284.0655849755,1,send_clear,304279.0655849755,304284.0655849755,,,
305297.2724421184,2,send_clear,305292.2724421184,305297.2724421184,,,
306310.47929926123,4,send_clear,306305.47929926123,306310.47929926123,,,
307323.6861564041,0,send_clear,307318.6861564041,307323.6861564041,,,
308336.89301354694,3,send_clear,308331.89301354694,308336.89301354694,,,
309350.0998706898,1,send_clear,309345.0998706898,309350.0998706898,,,
310363.30672783265,2,send_clear,310358.30672783265,310363.30672783265,,,
311376.5135849755,4,send_clear,311371.5135849755,311376.5135849755,,,
312389.72044211836,0,send_clear,312384.72044211836,312389.72044211836,,,
313402.9272992612,3,send_clear,313397.9272992612,313402.9272992612,,,
314416.13415640406,1,send_clear,314411.13415640406,314416.13415640406,,,
315429.3410135469,2,send_clear,315424.3410135469,315429.3410135469,,,
316442.54787068977,4,send_clear,316437.54787068977,316442.54787068977,,,
317455.7547278326,0,send_clear,317450.7547278326,317455.7547278326,,,
318468.9615849755,3,send_clear,318463.9615849755,318468.9615849755,,,
319482.16844211833,1,send_clear,319477.16844211833,319482.16844211833,,,
320495.3752992612,2,send_clear,320490.3752992612,320495.3752992612,,,
321508.58215640404,4,send_clear,321503.58215640404,321508.58215640404,,,
322521.7890135469,0,send_clear,322516.7890135469,322521.7890135469,,,
323534.99587068975,3,send_clear,323529.99587068975,323534.99587068975,,,
324548.2027278326,1,send_clear,324543.2027278326,324548.2027278326,,,
325561.40958497545,2,send_clear,325556.40958497545,325561.40958497545,,,
326574.6164421183,4,send_clear,326569.6164421183,326574.6164421183,,,
327587.82329926116,0,send_clear,327582.82329926116,327587.82329926116,,,
328601.030156404,3,send_clear,328596.030156404,328601.030156404,,,
329614.23701354687,1,send_clear,329609.23701354687,329614.23701354687,,,
330627.4438706897,2,send_clear,330622.4438706897,330627.4438706897,,,
331640.6507278326,4,send_clear,331635.6507278326,331640.6507278326,,,
332653.8575849754,0,send_clear,332648.8575849754,332653.8575849754,,,
333667.0644421183,3,send_clear,333662.0644421183,333667.0644421183,,,
334680.27129926113,1,send_clear,334675.27129926113,334680.27129926113,,,
335693.478156404,2,send_clear,335688.478156404,335693.478156404,,,
336706.68501354684,4,send_clear,336701.68501354684,336706.68501354684,,,
337719.8918706897,0,send_clear,337714.8918706897,337719.8918706897,,,
338733.09872783255,3,send_clear,338728.09872783255,338733.09872783255,,,
339746.3055849754,1,send_clear,339741.3055849754,339746.3055849754,,,
340759.51244211826,2,send_clear,340754.51244211826,340759.51244211826,,,
341772.7192992611,4,send_clear,341767.7192992611,341772.7192992611,,,
342785.92615640396,0,send_clear,342780.92615640396,342785.92615640396,,,
343799.1330135468,3,send_clear,343794.1330135468,343799.1330135468,,,
344812.33987068967,1,send_clear,344807.33987068967,344812.33987068967,,,
345825.5467278325,2,send_clear,345820.5467278325,345825.5467278325,,,
346838.7535849754,4,send_clear,346833.7535849754,346838.7535849754,,,
347851.96044211823,0,send_clear,347846.96044211823,347851.96044211823,,,
348865.1672992611,3,send_clear,348860.1672992611,348865.1672992611,,,
349878.37415640394,1,send_clear,349873.37415640394,349878.37415640394,,,
350891.5810135468,2,send_clear,350886.5810135468,350891.5810135468,,,
351904.78787068964,4,send_clear,351899.78787068964,351904.78787068964,,,
352917.9947278325,0,send_clear,352912.9947278325,352917.9947278325,,,
353931.20158497535,3,send_clear,353926.20158497535,353931.20158497535,,,
354944.4084421182,1,send_clear,354939.4084421182,354944.4084421182,,,
355957.61529926106,2,send_clear,355952.61529926106,355957.61529926106,,,
356970.8221564039,4,send_clear,356965.8221564039,356970.8221564039,,,
357984.02901354677,0,send_clear,357979.02901354677,357984.02901354677,,,
358997.2358706896,3,send_clear,358992.2358706896,358997.2358706896,,,
360010.4427278325,1,send_clear,360005.4427278325,360010.4427278325,,,
361023.6495849753,2,send_clear,361018.6495849753,361023.6495849753,,,
362036.8564421182,4,send_clear,362031.8564421182,362036.8564421182,,,
363050.06329926103,0,send_clear,363045.06329926103,363050.06329926103,,,
364063.2701564039,3,send_clear,364058.2701564039,364063.2701564039,,,
365076.47701354674,1,send_clear,365071.47701354674,365076.47701354674,,,
366089.6838706896,2,send_clear,366084.6838706896,366089.6838706896,,,
367102.89072783245,4,send_clear,367097.89072783245,367102.89072783245,,,
368116.0975849753,0,send_clear,368111.0975849753,368116.0975849753,,,
369129.30444211815,3,send_clear,369124.30444211815,369129.30444211815,,,
370142.511299261,1,send_clear,370137.511299261,370142.511299261,,,
371155.71815640386,2,send_clear,371150.71815640386,371155.71815640386,,,
372168.9250135467,4,send_clear,372163.9250135467,372168.9250135467,,,
373182.13187068957,0,send_clear,373177.13187068957,373182.13187068957,,,
374195.3387278324,3,send_clear,374190.3387278324,374195.3387278324,,,
375208.5455849753,1,send_clear,375203.5455849753,375208.5455849753,,,
376221.75244211813,2,send_clear,376216.75244211813,376221.75244211813,,,
377234.959299261,4,send_clear,377229.959299261,377234.959299261,,,
378248.16615640384,0,send_clear,378243.16615640384,378248.16615640384,,,
379261.3730135467,3,send_clear,379256.3730135467,379261.3730135467,,,
380274.57987068954,1,send_clear,380269.57987068954,380274.57987068954,,,
381287.7867278324,2,send_clear,381282.7867278324,381287.7867278324,,,
382300.99358497525,4,send_clear,382295.99358497525,382300.99358497525,,,
383314.2004421181,0,send_clear,383309.2004421181,383314.2004421181,,,
384327.40729926096,3,send_clear,384322.40729926096,384327.40729926096,,,
385340.6141564038,1,send_clear,385335.6141564038,385340.6141564038,,,
386353.82101354667,2,send_clear,386348.82101354667,386353.82101354667,,,
387367.0278706895,4,send_clear,387362.0278706895,387367.0278706895,,,
388380.2347278324,0,send_clear,388375.2347278324,388380.2347278324,,,
389393.4415849752,3,send_clear,389388.4415849752,389393.4415849752,,,
390406.6484421181,1,send_clear,390401.6484421181,390406.6484421181,,,
391419.85529926093,2,send_clear,391414.85529926093,391419.85529926093,,,
392433.0621564038,4,send_clear,392428.0621564038,392433.0621564038,,,
393446.26901354664,0,send_clear,393441.26901354664,393446.26901354664,,,
394459.4758706895,3,send_clear,394454.4758706895,394459.4758706895,,,
395472.68272783235,1,send_clear,395467.68272783235,395472.68272783235,,,
396485.8895849752,2,send_clear,396480.8895849752,396485.8895849752,,,
397499.09644211805,4,send_clear,397494.09644211805,397499.09644211805,,,
398512.3032992609,0,send_clear,398507.3032992609,398512.3032992609,,,
399525.51015640376,3,send_clear,399520.51015640376,399525.51015640376,,,
400538.7170135466,1,send_clear,400533.7170135466,400538.7170135466,,,
401551.92387068947,2,send_clear,401546.92387068947,401551.92387068947,,,
402565.1307278323,4,send_clear,402560.1307278323,402565.1307278323,,,
403578.3375849752,0,send_clear,403573.3375849752,403578.3375849752,,,
404591.54444211803,3,send_clear,404586.54444211803,404591.54444211803,,,
405604.7512992609,1,send_clear,405599.7512992609,405604.7512992609,,,
406617.95815640374,2,send_clear,406612.95815640374,406617.95815640374,,,
407631.1650135466,4,send_clear,407626.1650135466,407631.1650135466,,,
408644.37187068944,0,send_clear,408639.37187068944,408644.37187068944,,,
409657.5787278323,3,send_clear,409652.5787278323,409657.5787278323,,,
410670.78558497515,1,send_clear,410665.78558497515,410670.78558497515,,,
411683.992442118,2,send_clear,411678.992442118,411683.992442118,,,
412697.19929926086,4,send_clear,412692.19929926086,412697.19929926086,,,
413710.4061564037,0,send_clear,413705.4061564037,413710.4061564037,,,
414723.61301354656,3,send_clear,414718.61301354656,414723.61301354656,,,
415736.8198706894,1,send_clear,415731.8198706894,415736.8198706894,,,
416750.0267278323,2,send_clear,416745.0267278323,416750.0267278323,,,
417763.2335849751,4,send_clear,417758.2335849751,417763.2335849751,,,
418776.440442118,0,send_clear,418771.440442118,418776.440442118,,,
419789.64729926083,3,send_clear,419784.64729926083,419789.64729926083,,,
420802.8541564037,1,send_clear,420797.8541564037,420802.8541564037,,,
421816.06101354654,2,send_clear,421811.06101354654,421816.06101354654,,,
422829.2678706894,4,send_clear,422824.2678706894,422829.2678706894,,,
423842.47472783225,0,send_clear,423837.47472783225,423842.47472783225,,,
424855.6815849751,3,send_clear,424850.6815849751,424855.6815849751,,,
425868.88844211795,1,send_clear,425863.88844211795,425868.88844211795,,,
426882.0952992608,2,send_clear,426877.0952992608,426882.0952992608,,,
427895.30215640366,4,send_clear,427890.30215640366,427895.30215640366,,,
428908.5090135465,0,send_clear,428903.5090135465,428908.5090135465,,,
429921.71587068937,3,send_clear,429916.71587068937,429921.71587068937,,,
430934.9227278322,1,send_clear,430929.9227278322,430934.9227278322,,,
431948.1295849751,2,send_clear,431943.1295849751,431948.1295849751,,,
432961.3364421179,4,send_clear,432956.3364421179,432961.3364421179,,,
433974.5432992608,0,send_clear,433969.5432992608,433974.5432992608,,,
434987.75015640364,3,send_clear,434982.75015640364,434987.75015640364,,,
436000.9570135465,1,send_clear,435995.9570135465,436000.9570135465,,,
437014.16387068934,2,send_clear,437009.16387068934,437014.16387068934,,,
438027.3707278322,4,send_clear,438022.3707278322,438027.3707278322,,,
439040.57758497505,0,send_clear,439035.57758497505,439040.57758497505,,,
440053.7844421179,3,send_clear,440048.7844421179,440053.7844421179,,,
441066.99129926076,1,send_clear,441061.99129926076,441066.99129926076,,,
442080.1981564036,2,send_clear,442075.1981564036,442080.1981564036,,,
443093.40501354646,4,send_clear,443088.40501354646,443093.40501354646,,,
444106.6118706893,0,send_clear,444101.6118706893,444106.6118706893,,,
445119.8187278322,3,send_clear,445114.8187278322,445119.8187278322,,,
446133.025584975,1,send_clear,446128.025584975,446133.025584975,,,
447146.2324421179,2,send_clear,447141.2324421179,447146.2324421179,,,
448159.43929926073,4,send_clear,448154.43929926073,448159.43929926073,,,
449172.6461564036,0,send_clear,449167.6461564036,449172.6461564036,,,
450185.85301354644,3,send_clear,450180.85301354644,450185.85301354644,,,
451199.0598706893,1,send_clear,451194.0598706893,451199.0598706893,,,
452212.26672783215,2,send_clear,452207.26672783215,452212.26672783215,,,
453225.473584975,4,send_clear,453220.473584975,453225.473584975,,,
454238.68044211785,0,send_clear,454233.68044211785,454238.68044211785,,,
455251.8872992607,3,send_clear,455246.8872992607,455251.8872992607,,,
456265.09415640356,1,send_clear,456260.09415640356,456265.09415640356,,,
457278.3010135464,2,send_clear,457273.3010135464,457278.3010135464,,,
458291.50787068927,4,send_clear,458286.50787068927,458291.50787068927,,,
459304.7147278321,0,send_clear,459299.7147278321,459304.7147278321,,,
460317.921584975,3,send_clear,460312.921584975,460317.921584975,,,
461331.1284421178,1,send_clear,461326.1284421178,461331.1284421178,,,
462344.3352992607,2,send_clear,462339.3352992607,462344.3352992607,,,
463357.54215640354,4,send_clear,463352.54215640354,463357.54215640354,,,
464370.7490135464,0,send_clear,464365.7490135464,464370.7490135464,,,
465383.95587068924,3,send_clear,465378.95587068924,465383.95587068924,,,
466397.1627278321,1,send_clear,466392.1627278321,466397.1627278321,,,
467410.36958497495,2,send_clear,467405.36958497495,467410.36958497495,,,
468423.5764421178,4,send_clear,468418.5764421178,468423.5764421178,,,
469436.78329926066,0,send_clear,469431.78329926066,469436.78329926066,,,
470449.9901564035,3,send_clear,470444.9901564035,470449.9901564035,,,
471463.19701354636,1,send_clear,471458.19701354636,471463.19701354636,,,
472476.4038706892,2,send_clear,472471.4038706892,472476.4038706892,,,
473489.61072783207,4,send_clear,473484.61072783207,473489.61072783207,,,
474502.8175849749,0,send_clear,474497.8175849749,474502.8175849749,,,
475516.0244421178,3,send_clear,475511.0244421178,475516.0244421178,,,
476529.23129926063,1,send_clear,476524.23129926063,476529.23129926063,,,
477542.4381564035,2,send_clear,477537.4381564035,477542.4381564035,,,
478555.64501354634,4,send_clear,478550.64501354634,478555.64501354634,,,
479568.8518706892,0,send_clear,479563.8518706892,479568.8518706892,,,
480582.05872783205,3,send_clear,480577.05872783205,480582.05872783205,,,
481595.2655849749,1,send_clear,481590.2655849749,481595.2655849749,,,
482608.47244211775,2,send_clear,482603.47244211775,482608.47244211775,,,
483621.6792992606,4,send_clear,483616.6792992606,483621.6792992606,,,
484634.88615640346,0,send_clear,484629.88615640346,484634.88615640346,,,
485648.0930135463,3,send_clear,485643.0930135463,485648.0930135463,,,
486661.29987068917,1,send_clear,486656.29987068917,486661.29987068917,,,
487674.506727832,2,send_clear,487669.506727832,487674.506727832,,,
488687.7135849749,4,send_clear,488682.7135849749,488687.7135849749,,,
489700.9204421177,0,send_clear,489695.9204421177,489700.9204421177,,,
490714.1272992606,3,send_clear,490709.1272992606,490714.1272992606,,,
491727.33415640343,1,send_clear,491722.33415640343,491727.33415640343,,,
492740.5410135463,2,send_clear,492735.5410135463,492740.5410135463,,,
493753.74787068914,4,send_clear,493748.74787068914,493753.74787068914,,,
494766.954727832,0,send_clear,494761.954727832,494766.954727832,,,
495780.16158497485,3,send_clear,495775.16158497485,495780.16158497485,,,
496793.3684421177,1,send_clear,496788.3684421177,496793.3684421177,,,
497806.57529926056,2,send_clear,497801.57529926056,497806.57529926056,,,
498819.7821564034,4,send_clear,498814.7821564034,498819.7821564034,,,
499832.98901354626,0,send_clear,499827.98901354626,499832.98901354626,,,
500846.1958706891,3,send_clear,500841.1958706891,500846.1958706891,,,
501859.40272783197,1,send_clear,501854.40272783197,501859.40272783197,,,
502872.6095849748,2,send_clear,502867.6095849748,502872.6095849748,,,
503885.8164421177,4,send_clear,503880.8164421177,503885.8164421177,,,
504899.02329926053,0,send_clear,504894.02329926053,504899.02329926053,,,
505912.2301564034,3,send_clear,505907.2301564034,505912.2301564034,,,
506925.43701354624,1,send_clear,506920.43701354624,506925.43701354624,,,
507938.6438706891,2,send_clear,507933.6438706891,507938.6438706891,,,
508951.85072783194,4,send_clear,508946.85072783194,508951.85072783194,,,
509965.0575849748,0,send_clear,509960.0575849748,509965.0575849748,,,
510978.26444211765,3,send_clear,510973.26444211765,510978.26444211765,,,
511991.4712992605,1,send_clear,511986.4712992605,511991.4712992605,,,
513004.67815640336,2,send_clear,512999.67815640336,513004.67815640336,,,
514017.8850135462,4,send_clear,514012.8850135462,514017.8850135462,,,
515031.09187068907,0,send_clear,515026.09187068907,515031.09187068907,,,
516044.2987278319,3,send_clear,516039.2987278319,516044.2987278319,,,
517057.5055849748,1,send_clear,517052.5055849748,517057.5055849748,,,
518070.7124421176,2,send_clear,518065.7124421176,518070.7124421176,,,
519083.9192992605,4,send_clear,519078.9192992605,519083.9192992605,,,
520097.12615640333,0,send_clear,520092.12615640333,520097.12615640333,,,
521110.3330135462,3,send_clear,521105.3330135462,521110.3330135462,,,
522123.53987068904,1,send_clear,522118.53987068904,522123.53987068904,,,
523136.7467278319,2,send_clear,523131.7467278319,523136.7467278319,,,
524149.95358497475,4,send_clear,524144.95358497475,524149.95358497475,,,
525163.1604421176,0,send_clear,525158.1604421176,525163.1604421176,,,
526176.3672992605,3,send_clear,526171.3672992605,526176.3672992605,,,
527189.5741564033,1,send_clear,527184.5741564033,527189.5741564033,,,
528202.7810135462,2,send_clear,528197.7810135462,528202.7810135462,,,
529215.987870689,4,send_clear,529210.987870689,529215.987870689,,,
530229.1947278319,0,send_clear,530224.1947278319,530229.1947278319,,,
531242.4015849747,3,send_clear,531237.4015849747,531242.4015849747,,,
532255.6084421176,1,send_clear,532250.6084421176,532255.6084421176,,,
533268.8152992604,2,send_clear,533263.8152992604,533268.8152992604,,,
534282.0221564033,4,send_clear,534277.0221564033,534282.0221564033,,,
535295.2290135461,0,send_clear,535290.2290135461,535295.2290135461,,,
536308.435870689,3,send_clear,536303.435870689,536308.435870689,,,
537321.6427278318,1,send_clear,537316.6427278318,537321.6427278318,,,
538334.8495849747,2,send_clear,538329.8495849747,538334.8495849747,,,
539348.0564421176,4,send_clear,539343.0564421176,539348.0564421176,,,
540361.2632992604,0,send_clear,540356.2632992604,540361.2632992604,,,
541374.4701564033,3,send_clear,541369.4701564033,541374.4701564033,,,
542387.6770135461,1,send_clear,542382.6770135461,542387.6770135461,,,
543400.883870689,2,send_clear,543395.883870689,543400.883870689,,,
544414.0907278318,4,send_clear,544409.0907278318,544414.0907278318,,,
545427.2975849747,0,send_clear,545422.2975849747,545427.2975849747,,,
546440.5044421175,3,send_clear,546435.5044421175,546440.5044421175,,,
547453.7112992604,1,send_clear,547448.7112992604,547453.7112992604,,,
548466.9181564032,2,send_clear,548461.9181564032,548466.9181564032,,,
549480.1250135461,4,send_clear,549475.1250135461,549480.1250135461,,,
550493.3318706889,0,send_clear,550488.3318706889,550493.3318706889,,,
551506.5387278318,3,send_clear,551501.5387278318,551506.5387278318,,,
552519.7455849746,1,send_clear,552514.7455849746,552519.7455849746,,,
553532.9524421175,2,send_clear,553527.9524421175,553532.9524421175,,,
554546.1592992604,4,send_clear,554541.1592992604,554546.1592992604,,,
555559.3661564032,0,send_clear,555554.3661564032,555559.3661564032,,,
556572.5730135461,3,send_clear,556567.5730135461,556572.5730135461,,,
557585.7798706889,1,send_clear,557580.7798706889,557585.7798706889,,,
558598.9867278318,2,send_clear,558593.9867278318,558598.9867278318,,,
559612.1935849746,4,send_clear,559607.1935849746,559612.1935849746,,,
560625.4004421175,0,send_clear,560620.4004421175,560625.4004421175,,,
561638.6072992603,3,send_clear,561633.6072992603,561638.6072992603,,,
562651.8141564032,1,send_clear,562646.8141564032,562651.8141564032,,,
563665.021013546,2,send_clear,563660.021013546,563665.021013546,,,
564678.2278706889,4,send_clear,564673.2278706889,564678.2278706889,,,
565691.4347278317,0,send_clear,565686.4347278317,565691.4347278317,,,
566704.6415849746,3,send_clear,566699.6415849746,566704.6415849746,,,
567717.8484421175,1,send_clear,567712.8484421175,567717.8484421175,,,
568731.0552992603,2,send_clear,568726.0552992603,568731.0552992603,,,
569744.2621564032,4,send_clear,569739.2621564032,569744.2621564032,,,
570757.469013546,0,send_clear,570752.469013546,570757.469013546,,,
571770.6758706889,3,send_clear,571765.6758706889,571770.6758706889,,,
572783.8827278317,1,send_clear,572778.8827278317,572783.8827278317,,,
573797.0895849746,2,send_clear,573792.0895849746,573797.0895849746,,,
574810.2964421174,4,send_clear,574805.2964421174,574810.2964421174,,,
575823.5032992603,0,send_clear,575818.5032992603,575823.5032992603,,,
576836.7101564031,3,send_clear,576831.7101564031,576836.7101564031,,,
577849.917013546,1,send_clear,577844.917013546,577849.917013546,,,
578863.1238706888,2,send_clear,578858.1238706888,578863.1238706888,,,
579876.3307278317,4,send_clear,579871.3307278317,579876.3307278317,,,
580889.5375849745,0,send_clear,580884.5375849745,580889.5375849745,,,
581902.7444421174,3,send_clear,581897.7444421174,581902.7444421174,,,
582915.9512992603,1,send_clear,582910.9512992603,582915.9512992603,,,
583929.1581564031,2,send_clear,583924.1581564031,583929.1581564031,,,
584942.365013546,4,send_clear,584937.365013546,584942.365013546,,,
585955.5718706888,0,send_clear,585950.5718706888,585955.5718706888,,,
586968.7787278317,3,send_clear,586963.7787278317,586968.7787278317,,,
587981.9855849745,1,send_clear,587976.9855849745,587981.9855849745,,,
588995.1924421174,2,send_clear,588990.1924421174,588995.1924421174,,,
590008.3992992602,4,send_clear,590003.3992992602,590008.3992992602,,,
591021.6061564031,0,send_clear,591016.6061564031,591021.6061564031,,,
592034.8130135459,3,send_clear,592029.8130135459,592034.8130135459,,,
593048.0198706888,1,send_clear,593043.0198706888,593048.0198706888,,,
594061.2267278316,2,send_clear,594056.2267278316,594061.2267278316,,,
595074.4335849745,4,send_clear,595069.4335849745,595074.4335849745,,,
596087.6404421174,0,send_clear,596082.6404421174,596087.6404421174,,,
597100.8472992602,3,send_clear,597095.8472992602,597100.8472992602,,,
598114.054156403,1,send_clear,598109.054156403,598114.054156403,,,
599127.2610135459,2,send_clear,599122.2610135459,599127.2610135459,,,
600140.4678706888,4,send_clear,600135.4678706888,600140.4678706888,,,
601153.6747278316,0,send_clear,601148.6747278316,601153.6747278316,,,
602166.8815849745,3,send_clear,602161.8815849745,602166.8815849745,,,
603180.0884421173,1,send_clear,603175.0884421173,603180.0884421173,,,
604193.2952992602,2,send_clear,604188.2952992602,604193.2952992602,,,
605206.502156403,4,send_clear,605201.502156403,605206.502156403,,,
606219.7090135459,0,send_clear,606214.7090135459,606219.7090135459,,,
607232.9158706887,3,send_clear,607227.9158706887,607232.9158706887,,,
608246.1227278316,1,send_clear,608241.1227278316,608246.1227278316,,,
609259.3295849744,2,send_clear,609254.3295849744,609259.3295849744,,,
610272.5364421173,4,send_clear,610267.5364421173,610272.5364421173,,,
611285.7432992602,0,send_clear,611280.7432992602,611285.7432992602,,,
612298.950156403,3,send_clear,612293.950156403,612298.950156403,,,
613312.1570135459,1,send_clear,613307.1570135459,613312.1570135459,,,
614325.3638706887,2,send_clear,614320.3638706887,614325.3638706887,,,
615338.5707278316,4,send_clear,615333.5707278316,615338.5707278316,,,
616351.7775849744,0,send_clear,616346.7775849744,616351.7775849744,,,
617364.9844421173,3,send_clear,617359.9844421173,617364.9844421173,,,
618378.1912992601,1,send_clear,618373.1912992601,618378.1912992601,,,
619391.398156403,2,send_clear,619386.398156403,619391.398156403,,,
620404.6050135458,4,send_clear,620399.6050135458,620404.6050135458,,,
621417.8118706887,0,send_clear,621412.8118706887,621417.8118706887,,,
622431.0187278315,3,send_clear,622426.0187278315,622431.0187278315,,,
623444.2255849744,1,send_clear,623439.2255849744,623444.2255849744,,,
624457.4324421172,2,send_clear,624452.4324421172,624457.4324421172,,,
625470.6392992601,4,send_clear,625465.6392992601,625470.6392992601,,,
626483.846156403,0,send_clear,626478.846156403,626483.846156403,,,
627497.0530135458,3,send_clear,627492.0530135458,627497.0530135458,,,
628510.2598706887,1,send_clear,628505.2598706887,628510.2598706887,,,
629523.4667278315,2,send_clear,629518.4667278315,629523.4667278315,,,
630536.6735849744,4,send_clear,630531.6735849744,630536.6735849744,,,
631549.8804421172,0,send_clear,631544.8804421172,631549.8804421172,,,
632563.0872992601,3,send_clear,632558.0872992601,632563.0872992601,,,
633576.2941564029,1,send_clear,633571.2941564029,633576.2941564029,,,
634589.5010135458,2,send_clear,634584.5010135458,634589.5010135458,,,
635602.7078706886,4,send_clear,635597.7078706886,635602.7078706886,,,
636615.9147278315,0,send_clear,636610.9147278315,636615.9147278315,,,
637629.1215849743,3,send_clear,637624.1215849743,637629.1215849743,,,
638642.3284421172,1,send_clear,638637.3284421172,638642.3284421172,,,
639655.53529926,2,send_clear,639650.53529926,639655.53529926,,,
640668.7421564029,4,send_clear,640663.7421564029,640668.7421564029,,,
641681.9490135458,0,send_clear,641676.9490135458,641681.9490135458,,,
642695.1558706886,3,send_clear,642690.1558706886,642695.1558706886,,,
643708.3627278315,1,send_clear,643703.3627278315,643708.3627278315,,,
644721.5695849743,2,send_clear,644716.5695849743,644721.5695849743,,,
645734.7764421172,4,send_clear,645729.7764421172,645734.7764421172,,,
646747.98329926,0,send_clear,646742.98329926,646747.98329926,,,
647761.1901564029,3,send_clear,647756.1901564029,647761.1901564029,,,
648774.3970135457,1,send_clear,648769.3970135457,648774.3970135457,,,
649787.6038706886,2,send_clear,649782.6038706886,649787.6038706886,,,
650800.8107278314,4,send_clear,650795.8107278314,650800.8107278314,,,
651814.0175849743,0,send_clear,651809.0175849743,651814.0175849743,,,
652827.2244421171,3,send_clear,652822.2244421171,652827.2244421171,,,
653840.43129926,1,send_clear,653835.43129926,653840.43129926,,,
654853.6381564029,2,send_clear,654848.6381564029,654853.6381564029,,,
655866.8450135457,4,send_clear,655861.8450135457,655866.8450135457,,,
656880.0518706886,0,send_clear,656875.0518706886,656880.0518706886,,,
657893.2587278314,3,send_clear,657888.2587278314,657893.2587278314,,,
658906.4655849743,1,send_clear,658901.4655849743,658906.4655849743,,,
659919.6724421171,2,send_clear,659914.6724421171,659919.6724421171,,,
660932.87929926,4,send_clear,660927.87929926,660932.87929926,,,
661946.0861564028,0,send_clear,661941.0861564028,661946.0861564028,,,
662959.2930135457,3,send_clear,662954.2930135457,662959.2930135457,,,
663972.4998706885,1,send_clear,663967.4998706885,663972.4998706885,,,
664985.7067278314,2,send_clear,664980.7067278314,664985.7067278314,,,
665998.9135849742,4,send_clear,665993.9135849742,665998.9135849742,,,
667012.1204421171,0,send_clear,667007.1204421171,667012.1204421171,,,
668025.32729926,3,send_clear,668020.32729926,668025.32729926,,,
669038.5341564028,1,send_clear,669033.5341564028,669038.5341564028,,,
670051.7410135457,2,send_clear,670046.7410135457,670051.7410135457,,,
671064.9478706885,4,send_clear,671059.9478706885,671064.9478706885,,,
672078.1547278314,0,send_clear,672073.1547278314,672078.1547278314,,,
673091.3615849742,3,send_clear,673086.3615849742,673091.3615849742,,,
674104.5684421171,1,send_clear,674099.5684421171,674104.5684421171,,,
675117.7752992599,2,send_clear,675112.7752992599,675117.7752992599,,,
676130.9821564028,4,send_clear,676125.9821564028,676130.9821564028,,,
677144.1890135456,0,send_clear,677139.1890135456,677144.1890135456,,,
678157.3958706885,3,send_clear,678152.3958706885,678157.3958706885,,,
679170.6027278313,1,send_clear,679165.6027278313,679170.6027278313,,,
680183.8095849742,2,send_clear,680178.8095849742,680183.8095849742,,,
681197.016442117,4,send_clear,681192.016442117,681197.016442117,,,
682210.2232992599,0,send_clear,682205.2232992599,682210.2232992599,,,
683223.4301564028,3,send_clear,683218.4301564028,683223.4301564028,,,
684236.6370135456,1,send_clear,684231.6370135456,684236.6370135456,,,
685249.8438706885,2,send_clear,685244.8438706885,685249.8438706885,,,
686263.0507278313,4,send_clear,686258.0507278313,686263.0507278313,,,
687276.2575849742,0,send_clear,687271.2575849742,687276.2575849742,,,
688289.464442117,3,send_clear,688284.464442117,688289.464442117,,,
689302.6712992599,1,send_clear,689297.6712992599,689302.6712992599,,,
690315.8781564027,2,send_clear,690310.8781564027,690315.8781564027,,,
691329.0850135456,4,send_clear,691324.0850135456,691329.0850135456,,,
692342.2918706884,0,send_clear,692337.2918706884,692342.2918706884,,,
693355.4987278313,3,send_clear,693350.4987278313,693355.4987278313,,,
694368.7055849741,1,send_clear,694363.7055849741,694368.7055849741,,,
695381.912442117,2,send_clear,695376.912442117,695381.912442117,,,
696395.1192992599,4,send_clear,696390.1192992599,696395.1192992599,,,
697408.3261564027,0,send_clear,697403.3261564027,697408.3261564027,,,
698421.5330135456,3,send_clear,698416.5330135456,698421.5330135456,,,
699434.7398706884,1,send_clear,699429.7398706884,699434.7398706884,,,
700447.9467278313,2,send_clear,700442.9467278313,700447.9467278313,,,
701461.1535849741,4,send_clear,701456.1535849741,701461.1535849741,,,
702474.360442117,0,send_clear,702469.360442117,702474.360442117,,,
703487.5672992598,3,send_clear,703482.5672992598,703487.5672992598,,,
704500.7741564027,1,send_clear,704495.7741564027,704500.7741564027,,,
705513.9810135455,2,send_clear,705508.9810135455,705513.9810135455,,,
706527.1878706884,4,send_clear,706522.1878706884,706527.1878706884,,,
707540.3947278312,0,send_clear,707535.3947278312,707540.3947278312,,,
708553.6015849741,3,send_clear,708548.6015849741,708553.6015849741,,,
709566.808442117,1,send_clear,709561.808442117,709566.808442117,,,
710580.0152992598,2,send_clear,710575.0152992598,710580.0152992598,,,
711593.2221564027,4,send_clear,711588.2221564027,711593.2221564027,,,
712606.4290135455,0,send_clear,712601.4290135455,712606.4290135455,,,
713619.6358706884,3,send_clear,713614.6358706884,713619.6358706884,,,
714632.8427278312,1,send_clear,714627.8427278312,714632.8427278312,,,
715646.0495849741,2,send_clear,715641.0495849741,715646.0495849741,,,
716659.2564421169,4,send_clear,716654.2564421169,716659.2564421169,,,
717672.4632992598,0,send_clear,717667.4632992598,717672.4632992598,,,
718685.6701564026,3,send_clear,718680.6701564026,718685.6701564026,,,
719698.8770135455,1,send_clear,719693.8770135455,719698.8770135455,,,
720712.0838706883,2,send_clear,720707.0838706883,720712.0838706883,,,
721725.2907278312,4,send_clear,721720.2907278312,721725.2907278312,,,
722738.497584974,0,send_clear,722733.497584974,722738.497584974,,,
723751.7044421169,3,send_clear,723746.7044421169,723751.7044421169,,,
724764.9112992598,1,send_clear,724759.9112992598,724764.9112992598,,,
725778.1181564026,2,send_clear,725773.1181564026,725778.1181564026,,,
726791.3250135455,4,send_clear,726786.3250135455,726791.3250135455,,,
727804.5318706883,0,send_clear,727799.5318706883,727804.5318706883,,,
728817.7387278312,3,send_clear,728812.7387278312,728817.7387278312,,,
729830.945584974,1,send_clear,729825.945584974,729830.945584974,,,
730844.1524421169,2,send_clear,730839.1524421169,730844.1524421169,,,
731857.3592992597,4,send_clear,731852.3592992597,731857.3592992597,,,
732870.5661564026,0,send_clear,732865.5661564026,732870.5661564026,,,
733883.7730135454,3,send_clear,733878.7730135454,733883.7730135454,,,
734896.9798706883,1,send_clear,734891.9798706883,734896.9798706883,,,
735910.1867278311,2,send_clear,735905.1867278311,735910.1867278311,,,
736923.393584974,4,send_clear,736918.393584974,736923.393584974,,,
737936.6004421168,0,send_clear,737931.6004421168,737936.6004421168,,,
738949.8072992597,3,send_clear,738944.8072992597,738949.8072992597,,,
739963.0141564026,1,send_clear,739958.0141564026,739963.0141564026,,,
740976.2210135454,2,send_clear,740971.2210135454,740976.2210135454,,,
741989.4278706883,4,send_clear,741984.4278706883,741989.4278706883,,,
743002.6347278311,0,send_clear,742997.6347278311,743002.6347278311,,,
744015.841584974,3,send_clear,744010.841584974,744015.841584974,,,
745029.0484421168,1,send_clear,745024.0484421168,745029.0484421168,,,
746042.2552992597,2,send_clear,746037.2552992597,746042.2552992597,,,
747055.4621564025,4,send_clear,747050.4621564025,747055.4621564025,,,
748068.6690135454,0,send_clear,748063.6690135454,748068.6690135454,,,
749081.8758706882,3,send_clear,749076.8758706882,749081.8758706882,,,
750095.0827278311,1,send_clear,750090.0827278311,750095.0827278311,,,
751108.289584974,2,send_clear,751103.289584974,751108.289584974,,,
752121.4964421168,4,send_clear,752116.4964421168,752121.4964421168,,,
753134.7032992597,0,send_clear,753129.7032992597,753134.7032992597,,,
754147.9101564025,3,send_clear,754142.9101564025,754147.9101564025,,,
755161.1170135454,1,send_clear,755156.1170135454,755161.1170135454,,,
756174.3238706882,2,send_clear,756169.3238706882,756174.3238706882,,,
757187.5307278311,4,send_clear,757182.5307278311,757187.5307278311,,,
758200.7375849739,0,send_clear,758195.7375849739,758200.7375849739,,,
759213.9444421168,3,send_clear,759208.9444421168,759213.9444421168,,,
760227.1512992596,1,send_clear,760222.1512992596,760227.1512992596,,,
761240.3581564025,2,send_clear,761235.3581564025,761240.3581564025,,,
762253.5650135453,4,send_clear,762248.5650135453,762253.5650135453,,,
763266.7718706882,0,send_clear,763261.7718706882,763266.7718706882,,,
764279.978727831,3,send_clear,764274.978727831,764279.978727831,,,
765293.1855849739,1,send_clear,765288.1855849739,765293.1855849739,,,
766306.3924421167,2,send_clear,766301.3924421167,766306.3924421167,,,
767319.5992992596,4,send_clear,767314.5992992596,767319.5992992596,,,
768332.8061564025,0,send_clear,768327.8061564025,768332.8061564025,,,
769346.0130135453,3,send_clear,769341.0130135453,769346.0130135453,,,
770359.2198706882,1,send_clear,770354.2198706882,770359.2198706882,,,
771372.426727831,2,send_clear,771367.426727831,771372.426727831,,,
772385.6335849739,4,send_clear,772380.6335849739,772385.6335849739,,,
773398.8404421167,0,send_clear,773393.8404421167,773398.8404421167,,,
774412.0472992596,3,send_clear,774407.0472992596,774412.0472992596,,,
775425.2541564024,1,send_clear,775420.2541564024,775425.2541564024,,,
776438.4610135453,2,send_clear,776433.4610135453,776438.4610135453,,,
777451.6678706881,4,send_clear,777446.6678706881,777451.6678706881,,,
778464.874727831,0,send_clear,778459.874727831,778464.874727831,,,
779478.0815849738,3,send_clear,779473.0815849738,779478.0815849738,,,
780491.2884421167,1,send_clear,780486.2884421167,780491.2884421167,,,
781504.4952992595,2,send_clear,781499.4952992595,781504.4952992595,,,
782517.7021564024,4,send_clear,782512.7021564024,782517.7021564024,,,
783530.9090135453,0,send_clear,783525.9090135453,783530.9090135453,,,
784544.1158706881,3,send_clear,784539.1158706881,784544.1158706881,,,
785557.322727831,1,send_clear,785552.322727831,785557.322727831,,,
786570.5295849738,2,send_clear,786565.5295849738,786570.5295849738,,,
787583.7364421167,4,send_clear,787578.7364421167,787583.7364421167,,,
788596.9432992595,0,send_clear,788591.9432992595,788596.9432992595,,,
789610.1501564024,3,send_clear,789605.1501564024,789610.1501564024,,,
790623.3570135452,1,send_clear,790618.3570135452,790623.3570135452,,,
791636.5638706881,2,send_clear,791631.5638706881,791636.5638706881,,,
792649.7707278309,4,send_clear,792644.7707278309,792649.7707278309,,,
793662.9775849738,0,send_clear,793657.9775849738,793662.9775849738,,,
794676.1844421166,3,send_clear,794671.1844421166,794676.1844421166,,,
795689.3912992595,1,send_clear,795684.3912992595,795689.3912992595,,,
796702.5981564024,2,send_clear,796697.5981564024,796702.5981564024,,,
797715.8050135452,4,send_clear,797710.8050135452,797715.8050135452,,,
798729.0118706881,0,send_clear,798724.0118706881,798729.0118706881,,,
799742.2187278309,3,send_clear,799737.2187278309,799742.2187278309,,,
800755.4255849738,1,send_clear,800750.4255849738,800755.4255849738,,,
801768.6324421166,2,send_clear,801763.6324421166,801768.6324421166,,,
802781.8392992595,4,send_clear,802776.8392992595,802781.8392992595,,,
803795.0461564023,0,send_clear,803790.0461564023,803795.0461564023,,,
804808.2530135452,3,send_clear,804803.2530135452,804808.2530135452,,,
805821.459870688,1,send_clear,805816.459870688,805821.459870688,,,
806834.6667278309,2,send_clear,806829.6667278309,806834.6667278309,,,
807847.8735849737,4,send_clear,807842.8735849737,807847.8735849737,,,
808861.0804421166,0,send_clear,808856.0804421166,808861.0804421166,,,
809874.2872992594,3,send_clear,809869.2872992594,809874.2872992594,,,
810887.4941564023,1,send_clear,810882.4941564023,810887.4941564023,,,
811900.7010135452,2,send_clear,811895.7010135452,811900.7010135452,,,
812913.907870688,4,send_clear,812908.907870688,812913.907870688,,,
813927.1147278309,0,send_clear,813922.1147278309,813927.1147278309,,,
814940.3215849737,3,send_clear,814935.3215849737,814940.3215849737,,,
815953.5284421166,1,send_clear,815948.5284421166,815953.5284421166,,,
816966.7352992594,2,send_clear,816961.7352992594,816966.7352992594,,,
817979.9421564023,4,send_clear,817974.9421564023,817979.9421564023,,,
818993.1490135451,0,send_clear,818988.1490135451,818993.1490135451,,,
820006.355870688,3,send_clear,820001.355870688,820006.355870688,,,
821019.5627278308,1,send_clear,821014.5627278308,821019.5627278308,,,
822032.7695849737,2,send_clear,822027.7695849737,822032.7695849737,,,
823045.9764421165,4,send_clear,823040.9764421165,823045.9764421165,,,
824059.1832992594,0,send_clear,824054.1832992594,824059.1832992594,,,
825072.3901564023,3,send_clear,825067.3901564023,825072.3901564023,,,
826085.5970135451,1,send_clear,826080.5970135451,826085.5970135451,,,
827098.803870688,2,send_clear,827093.803870688,827098.803870688,,,
828112.0107278308,4,send_clear,828107.0107278308,828112.0107278308,,,
829125.2175849737,0,send_clear,829120.2175849737,829125.2175849737,,,
830138.4244421165,3,send_clear,830133.4244421165,830138.4244421165,,,
831151.6312992594,1,send_clear,831146.6312992594,831151.6312992594,,,
832164.8381564022,2,send_clear,832159.8381564022,832164.8381564022,,,
833178.0450135451,4,send_clear,833173.0450135451,833178.0450135451,,,
834191.2518706879,0,send_clear,834186.2518706879,834191.2518706879,,,
835204.4587278308,3,send_clear,835199.4587278308,835204.4587278308,,,
836217.6655849736,1,send_clear,836212.6655849736,836217.6655849736,,,
837230.8724421165,2,send_clear,837225.8724421165,837230.8724421165,,,
838244.0792992593,4,send_clear,838239.0792992593,838244.0792992593,,,
839257.2861564022,0,send_clear,839252.2861564022,839257.2861564022,,,
840270.493013545,3,send_clear,840265.493013545,840270.493013545,,,
841283.6998706879,1,send_clear,841278.6998706879,841283.6998706879,,,
842296.9067278308,2,send_clear,842291.9067278308,842296.9067278308,,,
843310.1135849736,4,send_clear,843305.1135849736,843310.1135849736,,,
844323.3204421165,0,send_clear,844318.3204421165,844323.3204421165,,,
845336.5272992593,3,send_clear,845331.5272992593,845336.5272992593,,,
846349.7341564022,1,send_clear,846344.7341564022,846349.7341564022,,,
847362.941013545,2,send_clear,847357.941013545,847362.941013545,,,
848376.1478706879,4,send_clear,848371.1478706879,848376.1478706879,,,
849389.3547278307,0,send_clear,849384.3547278307,849389.3547278307,,,
850402.5615849736,3,send_clear,850397.5615849736,850402.5615849736,,,
851415.7684421164,1,send_clear,851410.7684421164,851415.7684421164,,,
852428.9752992593,2,send_clear,852423.9752992593,852428.9752992593,,,
853442.1821564022,4,send_clear,853437.1821564022,853442.1821564022,,,
854455.389013545,0,send_clear,854450.389013545,854455.389013545,,,
855468.5958706879,3,send_clear,855463.5958706879,855468.5958706879,,,
856481.8027278307,1,send_clear,856476.8027278307,856481.8027278307,,,
857495.0095849736,2,send_clear,857490.0095849736,857495.0095849736,,,
858508.2164421164,4,send_clear,858503.2164421164,858508.2164421164,,,
859521.4232992593,0,send_clear,859516.4232992593,859521.4232992593,,,
860534.6301564021,3,send_clear,860529.6301564021,860534.6301564021,,,
861547.837013545,1,send_clear,861542.837013545,861547.837013545,,,
862561.0438706878,2,send_clear,862556.0438706878,862561.0438706878,,,
863574.2507278307,4,send_clear,863569.2507278307,863574.2507278307,,,
864587.4575849735,0,send_clear,864582.4575849735,864587.4575849735,,,
865600.6644421164,3,send_clear,865595.6644421164,865600.6644421164,,,
866613.8712992592,1,send_clear,866608.8712992592,866613.8712992592,,,
867627.0781564021,2,send_clear,867622.0781564021,867627.0781564021,,,
868640.285013545,4,send_clear,868635.285013545,868640.285013545,,,
869653.4918706878,0,send_clear,869648.4918706878,869653.4918706878,,,
870666.6987278307,3,send_clear,870661.6987278307,870666.6987278307,,,
871679.9055849735,1,send_clear,871674.9055849735,871679.9055849735,,,
872693.1124421164,2,send_clear,872688.1124421164,872693.1124421164,,,
873706.3192992592,4,send_clear,873701.3192992592,873706.3192992592,,,
874719.5261564021,0,send_clear,874714.5261564021,874719.5261564021,,,
875732.7330135449,3,send_clear,875727.7330135449,875732.7330135449,,,
876745.9398706878,1,send_clear,876740.9398706878,876745.9398706878,,,
877759.1467278306,2,send_clear,877754.1467278306,877759.1467278306,,,
878772.3535849735,4,send_clear,878767.3535849735,878772.3535849735,,,
879785.5604421163,0,send_clear,879780.5604421163,879785.5604421163,,,
880798.7672992592,3,send_clear,880793.7672992592,880798.7672992592,,,
881811.974156402,1,send_clear,881806.974156402,881811.974156402,,,
882825.1810135449,2,send_clear,882820.1810135449,882825.1810135449,,,
883838.3878706878,4,send_clear,883833.3878706878,883838.3878706878,,,
884851.5947278306,0,send_clear,884846.5947278306,884851.5947278306,,,
885864.8015849735,3,send_clear,885859.8015849735,885864.8015849735,,,
886878.0084421163,1,send_clear,886873.0084421163,886878.0084421163,,,
887891.2152992592,2,send_clear,887886.2152992592,887891.2152992592,,,
888904.422156402,4,send_clear,888899.422156402,888904.422156402,,,
889917.6290135449,0,send_clear,889912.6290135449,889917.6290135449,,,
890930.8358706877,3,send_clear,890925.8358706877,890930.8358706877,,,
891944.0427278306,1,send_clear,891939.0427278306,891944.0427278306,,,
892957.2495849734,2,send_clear,892952.2495849734,892957.2495849734,,,
893970.4564421163,4,send_clear,893965.4564421163,893970.4564421163,,,
894983.6632992591,0,send_clear,894978.6632992591,894983.6632992591,,,
895996.870156402,3,send_clear,895991.870156402,895996.870156402,,,
897010.0770135449,1,send_clear,897005.0770135449,897010.0770135449,,,
898023.2838706877,2,send_clear,898018.2838706877,898023.2838706877,,,
899036.4907278306,4,send_clear,899031.4907278306,899036.4907278306,,,
