coupling_function,device_count,k,run_count,overall_per_percent_median,ttu_cycle_median,ttu_reach_rate_percent,max_convergence_cycle_censored_median,max_convergence_rate_percent,mingap_convergence_cycle_censored_median,mingap_convergence_rate_percent,aux_mean_convergence_cycle_censored_median,aux_mean_convergence_rate_percent,final_10_cycle_new_mean_abs_dev_median,final_10_cycle_new_max_abs_dev_median,final_10_cycle_min_gap_median,simultaneous_collision_count_total,max_safe_k_ge95_lower,max_safe_k_ge95_upper,max_safe_k_ge95_values,max_safe_k_ge95_count,mingap_safe_k_ge95_lower,mingap_safe_k_ge95_upper,mingap_safe_k_ge95_values,mingap_safe_k_ge95_count,per_optimal_k,epsilon_tolerance_rad,fit_eligible,plot_function
KURAMOTO,5,1.0,1000,0.0,10.0,92.5,,35.099999999999994,1.0,92.5,1.0,94.7,0.7822342955679848,1.4505636177840653,0.2514199829873946,0,1000.0,2000.0,1000;1500;2000,3,7.0,2000.0,7;10;15;20;30;50;70;100;150;200;300;500;700;1000;1500;2000,16,1.0,1.224537524338598,False,Kuramoto based
KURAMOTO,5,2.0,1000,0.0,10.0,93.1,,37.4,1.0,93.1,1.0,95.5,0.751538556810197,1.4067528506394478,0.3082010695324498,0,1000.0,2000.0,1000;1500;2000,3,7.0,2000.0,7;10;15;20;30;50;70;100;150;200;300;500;700;1000;1500;2000,16,1.0,1.224537524338598,False,Kuramoto based
KURAMOTO,5,3.0,1000,0.0,10.0,94.0,,41.0,1.0,94.0,1.0,96.0,0.722917212028185,1.3650885965098576,0.3643880013556206,0,1000.0,2000.0,1000;1500;2000,3,7.0,2000.0,7;10;15;20;30;50;70;100;150;200;300;500;700;1000;1500;2000,16,1.0,1.224537524338598,False,Kuramoto based
KURAMOTO,5,5.0,1000,0.0,10.0,94.7,,45.6,1.0,94.8,1.0,97.3,0.6665281930820786,1.2982906638915632,0.5065286280161334,0,1000.0,2000.0,1000;1500;2000,3,7.0,2000.0,7;10;15;20;30;50;70;100;150;200;300;500;700;1000;1500;2000,16,1.0,1.224537524338598,False,Kuramoto based
KURAMOTO,5,7.0,1000,0.0,10.0,95.1,,49.0,1.0,95.1,1.0,97.9,0.6165550249245242,1.2546352548383817,0.677460501395189,0,1000.0,2000.0,1000;1500;2000,3,7.0,2000.0,7;10;15;20;30;50;70;100;150;200;300;500;700;1000;1500;2000,16,1.0,1.224537524338598,False,Kuramoto based
KURAMOTO,5,10.0,1000,0.0,10.0,96.0,129.0,53.7,1.0,96.0,1.0,98.8,0.5590735315400892,1.1910809127913544,0.8114450968232076,0,1000.0,2000.0,1000;1500;2000,3,7.0,2000.0,7;10;15;20;30;50;70;100;150;200;300;500;700;1000;1500;2000,16,1.0,1.224537524338598,True,Kuramoto based
KURAMOTO,5,15.0,1000,0.0,10.0,96.4,87.5,56.8,1.0,96.4,1.0,99.7,0.550520944632262,1.1577955065920291,0.8122013755124138,0,1000.0,2000.0,1000;1500;2000,3,7.0,2000.0,7;10;15;20;30;50;70;100;150;200;300;500;700;1000;1500;2000,16,1.0,1.224537524338598,True,Kuramoto based
KURAMOTO,5,20.0,1000,0.0,10.0,96.6,65.0,57.8,1.0,96.6,1.0,100.0,0.5360539050262118,1.1423110090179474,0.812935429139519,0,1000.0,2000.0,1000;1500;2000,3,7.0,2000.0,7;10;15;20;30;50;70;100;150;200;300;500;700;1000;1500;2000,16,1.0,1.224537524338598,True,Kuramoto based
KURAMOTO,5,30.0,1000,0.0,10.0,97.8,44.0,58.3,1.0,97.9,1.0,100.0,0.5327559748556314,1.1322096134737951,0.8141142891360578,0,1000.0,2000.0,1000;1500;2000,3,7.0,2000.0,7;10;15;20;30;50;70;100;150;200;300;500;700;1000;1500;2000,16,1.0,1.224537524338598,True,Kuramoto based
KURAMOTO,5,50.0,1000,0.0,10.0,99.6,27.0,59.4,1.0,99.6,1.0,100.0,0.5292524435192216,1.1248904746720094,0.8173364549787313,0,1000.0,2000.0,1000;1500;2000,3,7.0,2000.0,7;10;15;20;30;50;70;100;150;200;300;500;700;1000;1500;2000,16,1.0,1.224537524338598,True,Kuramoto based
KURAMOTO,5,70.0,1000,0.0,10.0,100.0,20.0,59.4,1.0,100.0,1.0,100.0,0.5245847632783464,1.1152233949345949,0.8183188493826652,0,1000.0,2000.0,1000;1500;2000,3,7.0,2000.0,7;10;15;20;30;50;70;100;150;200;300;500;700;1000;1500;2000,16,1.0,1.224537524338598,True,Kuramoto based
KURAMOTO,5,100.0,1000,0.0,10.0,100.0,14.0,60.5,1.0,100.0,1.0,100.0,0.5184243022963199,1.1143325340637784,0.8214775883428607,0,1000.0,2000.0,1000;1500;2000,3,7.0,2000.0,7;10;15;20;30;50;70;100;150;200;300;500;700;1000;1500;2000,16,1.0,1.224537524338598,True,Kuramoto based
KURAMOTO,5,150.0,1000,0.0,10.0,100.0,10.0,61.1,1.0,100.0,1.0,100.0,0.5046392273458798,1.096499422999425,0.8290271966633652,0,1000.0,2000.0,1000;1500;2000,3,7.0,2000.0,7;10;15;20;30;50;70;100;150;200;300;500;700;1000;1500;2000,16,1.0,1.224537524338598,True,Kuramoto based
KURAMOTO,5,200.0,1000,0.0,10.0,100.0,8.0,61.9,1.0,100.0,1.0,100.0,0.4872258565337122,1.0695918941626363,0.8395454814237886,0,1000.0,2000.0,1000;1500;2000,3,7.0,2000.0,7;10;15;20;30;50;70;100;150;200;300;500;700;1000;1500;2000,16,1.0,1.224537524338598,True,Kuramoto based
KURAMOTO,5,300.0,1000,0.0,10.0,100.0,5.0,63.6,1.0,100.0,1.0,100.0,0.4574808149961613,1.022518299187657,0.8500613375045244,0,1000.0,2000.0,1000;1500;2000,3,7.0,2000.0,7;10;15;20;30;50;70;100;150;200;300;500;700;1000;1500;2000,16,1.0,1.224537524338598,True,Kuramoto based
KURAMOTO,5,500.0,1000,0.0,10.0,100.0,4.0,82.39999999999999,1.0,100.0,1.0,100.0,0.4091590244677185,0.9421551472649958,0.8601640052144606,0,1000.0,2000.0,1000;1500;2000,3,7.0,2000.0,7;10;15;20;30;50;70;100;150;200;300;500;700;1000;1500;2000,16,1.0,1.224537524338598,True,Kuramoto based
KURAMOTO,5,700.0,1000,0.0,10.0,100.0,3.0,92.1,1.0,100.0,1.0,100.0,0.3618188355088241,0.8189284300390245,0.8633867056177873,0,1000.0,2000.0,1000;1500;2000,3,7.0,2000.0,7;10;15;20;30;50;70;100;150;200;300;500;700;1000;1500;2000,16,1.0,1.224537524338598,True,Kuramoto based
KURAMOTO,5,1000.0,1000,0.0,10.0,100.0,3.0,97.8,1.0,100.0,1.0,100.0,0.3081168378282002,0.6255442494770183,0.8796585148308437,0,1000.0,2000.0,1000;1500;2000,3,7.0,2000.0,7;10;15;20;30;50;70;100;150;200;300;500;700;1000;1500;2000,16,1.0,1.224537524338598,True,Kuramoto based
KURAMOTO,5,1500.0,1000,0.0,10.0,100.0,2.0,99.1,1.0,100.0,1.0,100.0,0.2749269819000436,0.5172288702183387,0.8909612277855568,0,1000.0,2000.0,1000;1500;2000,3,7.0,2000.0,7;10;15;20;30;50;70;100;150;200;300;500;700;1000;1500;2000,16,1.0,1.224537524338598,True,Kuramoto based
KURAMOTO,5,2000.0,1000,0.0,10.0,100.0,3.0,99.7,1.0,100.0,1.0,100.0,0.2860131383290599,0.522382982459315,0.8858694676194698,0,1000.0,2000.0,1000;1500;2000,3,7.0,2000.0,7;10;15;20;30;50;70;100;150;200;300;500;700;1000;1500;2000,16,1.0,1.224537524338598,True,Kuramoto based
KURAMOTO,10,1.0,1000,0.0,10.0,74.8,,10.8,1.0,74.9,1.0,96.6,0.4095325577118499,1.1072688767639054,0.0610099300640041,0,30.0,700.0,30;50;70;100;150;200;300;500;700,9,50.0,2000.0,50;70;100;150;200;300;500;700;1000;1500;2000,11,1.0,0.5962189936206396,False,Kuramoto based
KURAMOTO,10,2.0,1000,0.0,10.0,77.7,,15.0,1.0,77.7,1.0,97.2,0.3820313102715451,1.0561570535605216,0.0759244238153185,0,30.0,700.0,30;50;70;100;150;200;300;500;700,9,50.0,2000.0,50;70;100;150;200;300;500;700;1000;1500;2000,11,1.0,0.5962189936206396,False,Kuramoto based
KURAMOTO,10,3.0,1000,0.0,10.0,79.3,,18.7,1.0,79.4,1.0,98.3,0.3559122859001346,0.9859985849429072,0.0944503788227916,0,30.0,700.0,30;50;70;100;150;200;300;500;700,9,50.0,2000.0,50;70;100;150;200;300;500;700;1000;1500;2000,11,1.0,0.5962189936206396,False,Kuramoto based
KURAMOTO,10,5.0,1000,0.0,10.0,81.3,,28.3,1.0,81.3,1.0,98.9,0.3048147371049644,0.8672449824058539,0.1409923232425425,0,30.0,700.0,30;50;70;100;150;200;300;500;700,9,50.0,2000.0,50;70;100;150;200;300;500;700;1000;1500;2000,11,1.0,0.5962189936206396,False,Kuramoto based
KURAMOTO,10,7.0,1000,0.0,10.0,82.8,,39.4,1.0,82.8,1.0,99.5,0.2647044985251995,0.7363978953099353,0.199736804766729,0,30.0,700.0,30;50;70;100;150;200;300;500;700,9,50.0,2000.0,50;70;100;150;200;300;500;700;1000;1500;2000,11,1.0,0.5962189936206396,False,Kuramoto based
KURAMOTO,10,10.0,1000,0.0,10.0,84.5,153.5,54.7,1.0,84.5,1.0,99.9,0.2000935920076408,0.5493177498743713,0.2992808897303699,0,30.0,700.0,30;50;70;100;150;200;300;500;700,9,50.0,2000.0,50;70;100;150;200;300;500;700;1000;1500;2000,11,1.0,0.5962189936206396,False,Kuramoto based
KURAMOTO,10,15.0,1000,0.0,10.0,86.7,103.0,76.7,1.0,86.7,1.0,99.9,0.1034953911473939,0.253016056236639,0.4721145834521923,0,30.0,700.0,30;50;70;100;150;200;300;500;700,9,50.0,2000.0,50;70;100;150;200;300;500;700;1000;1500;2000,11,1.0,0.5962189936206396,False,Kuramoto based
KURAMOTO,10,20.0,1000,0.0,10.0,87.9,78.0,89.2,1.0,87.8,1.0,100.0,0.0237296242873988,0.0926036217654273,0.6053602881137448,0,30.0,700.0,30;50;70;100;150;200;300;500;700,9,50.0,2000.0,50;70;100;150;200;300;500;700;1000;1500;2000,11,1.0,0.5962189936206396,False,Kuramoto based
KURAMOTO,10,30.0,1000,0.0,10.0,92.2,52.0,98.2,1.0,92.2,1.0,100.0,0.0164987864640883,0.081558130315839,0.6086826772042526,0,30.0,700.0,30;50;70;100;150;200;300;500;700,9,50.0,2000.0,50;70;100;150;200;300;500;700;1000;1500;2000,11,1.0,0.5962189936206396,False,Kuramoto based
KURAMOTO,10,50.0,1000,0.0,10.0,99.4,32.0,100.0,1.0,99.4,1.0,100.0,0.0216704287501905,0.0929049835055718,0.5969304472296526,0,30.0,700.0,30;50;70;100;150;200;300;500;700,9,50.0,2000.0,50;70;100;150;200;300;500;700;1000;1500;2000,11,1.0,0.5962189936206396,True,Kuramoto based
KURAMOTO,10,70.0,1000,0.0,10.0,99.8,24.0,100.0,1.0,99.8,1.0,100.0,0.0276819088924601,0.1065279598901199,0.5849233932960998,0,30.0,700.0,30;50;70;100;150;200;300;500;700,9,50.0,2000.0,50;70;100;150;200;300;500;700;1000;1500;2000,11,1.0,0.5962189936206396,True,Kuramoto based
KURAMOTO,10,100.0,1000,0.0,10.0,100.0,18.0,100.0,1.0,100.0,1.0,100.0,0.0372426051603297,0.1268965336448928,0.5666725617863662,0,30.0,700.0,30;50;70;100;150;200;300;500;700,9,50.0,2000.0,50;70;100;150;200;300;500;700;1000;1500;2000,11,1.0,0.5962189936206396,True,Kuramoto based
KURAMOTO,10,150.0,1000,0.0,10.0,100.0,13.0,100.0,1.0,100.0,1.0,100.0,0.0515203040713013,0.1585254021469068,0.536863005948752,0,30.0,700.0,30;50;70;100;150;200;300;500;700,9,50.0,2000.0,50;70;100;150;200;300;500;700;1000;1500;2000,11,1.0,0.5962189936206396,True,Kuramoto based
KURAMOTO,10,200.0,1000,0.0,10.0,100.0,11.0,100.0,1.0,100.0,1.0,100.0,0.0657243584098626,0.1909138283938374,0.5084151025930678,0,30.0,700.0,30;50;70;100;150;200;300;500;700,9,50.0,2000.0,50;70;100;150;200;300;500;700;1000;1500;2000,11,1.0,0.5962189936206396,True,Kuramoto based
KURAMOTO,10,300.0,1000,0.0,10.0,100.0,9.0,100.0,1.0,100.0,1.0,100.0,0.0928052823293137,0.2439524252693323,0.457736630793374,0,30.0,700.0,30;50;70;100;150;200;300;500;700,9,50.0,2000.0,50;70;100;150;200;300;500;700;1000;1500;2000,11,1.0,0.5962189936206396,True,Kuramoto based
KURAMOTO,10,500.0,1000,0.0,10.0,100.0,8.0,100.0,1.0,100.0,1.0,100.0,0.1468156130964556,0.3478243431259992,0.3666381652841541,0,30.0,700.0,30;50;70;100;150;200;300;500;700,9,50.0,2000.0,50;70;100;150;200;300;500;700;1000;1500;2000,11,1.0,0.5962189936206396,True,Kuramoto based
KURAMOTO,10,700.0,1000,0.0,10.0,100.0,18.0,99.9,1.0,100.0,1.0,100.0,0.2014565763071144,0.4707642899919712,0.2687617839992343,0,30.0,700.0,30;50;70;100;150;200;300;500;700,9,50.0,2000.0,50;70;100;150;200;300;500;700;1000;1500;2000,11,1.0,0.5962189936206396,True,Kuramoto based
KURAMOTO,10,1000.0,1000,1.7777777777777777,13.0,100.0,,14.3,10.0,100.0,1.0,100.0,0.2724241674735521,0.6241848797401097,0.1240140553491607,0,30.0,700.0,30;50;70;100;150;200;300;500;700,9,50.0,2000.0,50;70;100;150;200;300;500;700;1000;1500;2000,11,1.0,0.5962189936206396,True,Kuramoto based
KURAMOTO,10,1500.0,1000,2.2222222222222223,18.0,100.0,,0.0,20.0,99.7,1.0,100.0,0.3217605880043456,0.7630207857133404,0.0989060706553407,0,30.0,700.0,30;50;70;100;150;200;300;500;700,9,50.0,2000.0,50;70;100;150;200;300;500;700;1000;1500;2000,11,1.0,0.5962189936206396,True,Kuramoto based
KURAMOTO,10,2000.0,1000,2.388888888888889,19.0,99.9,,0.0,22.0,99.5,1.0,100.0,0.3502684323014694,0.8744854679695644,0.0892575070450648,0,30.0,700.0,30;50;70;100;150;200;300;500;700,9,50.0,2000.0,50;70;100;150;200;300;500;700;1000;1500;2000,11,1.0,0.5962189936206396,True,Kuramoto based
KURAMOTO,20,1.0,1000,5.680555555555555,10.0,27.500000000000004,,0.6,,27.500000000000004,1.0,98.0,0.2037255209006692,0.7099228634797579,0.011446427187699,0,30.0,500.0,30;50;70;100;150;200;300;500,8,70.0,700.0,70;100;150;200;300;500;700,7,500.0,0.28205972826166026,False,Kuramoto based
KURAMOTO,20,2.0,1000,5.0,28.0,34.9,,1.3,,34.9,1.0,98.9,0.1910973115521539,0.6572260763672191,0.0072653707344362,0,30.0,500.0,30;50;70;100;150;200;300;500,8,70.0,700.0,70;100;150;200;300;500;700,7,500.0,0.28205972826166026,False,Kuramoto based
KURAMOTO,20,3.0,1000,5.0,29.0,39.1,,4.2,,39.1,1.0,99.3,0.1788545160825514,0.6096885589908237,0.0040969991308633,0,30.0,500.0,30;50;70;100;150;200;300;500,8,70.0,700.0,70;100;150;200;300;500;700,7,500.0,0.28205972826166026,False,Kuramoto based
KURAMOTO,20,5.0,1000,5.0,26.0,43.4,,14.9,,43.3,1.0,99.7,0.1565378989649392,0.4975509034928025,0.0034675366485681,0,30.0,500.0,30;50;70;100;150;200;300;500,8,70.0,700.0,70;100;150;200;300;500;700,7,500.0,0.28205972826166026,False,Kuramoto based
KURAMOTO,20,7.0,1000,5.0,24.0,45.8,,26.8,,45.8,1.0,99.9,0.1361059271317358,0.3973039512129056,0.0088181341707155,0,30.0,500.0,30;50;70;100;150;200;300;500,8,70.0,700.0,70;100;150;200;300;500;700,7,500.0,0.28205972826166026,False,Kuramoto based
KURAMOTO,20,10.0,1000,5.0,22.0,49.7,169.5,50.7,,49.6,1.0,100.0,0.1098312892845071,0.2898717520613065,0.0328620271590483,0,30.0,500.0,30;50;70;100;150;200;300;500,8,70.0,700.0,70;100;150;200;300;500;700,7,500.0,0.28205972826166026,False,Kuramoto based
KURAMOTO,20,15.0,1000,3.638888888888889,21.0,56.00000000000001,114.0,75.8,121.0,56.00000000000001,1.0,100.0,0.0777579147486095,0.2048318561058319,0.0907177458440708,0,30.0,500.0,30;50;70;100;150;200;300;500,8,70.0,700.0,70;100;150;200;300;500;700,7,500.0,0.28205972826166026,False,Kuramoto based
KURAMOTO,20,20.0,1000,2.680555555555556,21.0,61.9,86.0,91.2,86.5,61.9,1.0,100.0,0.048945135892431,0.1355274778819077,0.1656577644606209,0,30.0,500.0,30;50;70;100;150;200;300;500,8,70.0,700.0,70;100;150;200;300;500;700,7,500.0,0.28205972826166026,False,Kuramoto based
KURAMOTO,20,30.0,1000,1.7638888888888888,19.0,66.8,58.5,98.8,58.0,66.7,1.0,100.0,0.01692944493966,0.0734891169862066,0.2793509733318421,0,30.0,500.0,30;50;70;100;150;200;300;500,8,70.0,700.0,70;100;150;200;300;500;700,7,500.0,0.28205972826166026,False,Kuramoto based
KURAMOTO,20,50.0,1000,1.0277777777777777,22.0,83.2,36.0,99.9,34.0,83.1,1.0,100.0,0.0117537658175957,0.0545462342218492,0.2926126235250232,0,30.0,500.0,30;50;70;100;150;200;300;500,8,70.0,700.0,70;100;150;200;300;500;700,7,500.0,0.28205972826166026,False,Kuramoto based
KURAMOTO,20,70.0,1000,0.7222222222222222,29.0,98.6,27.0,100.0,24.0,98.4,1.0,100.0,0.0135088213415011,0.0581904932765742,0.2879379005740868,0,30.0,500.0,30;50;70;100;150;200;300;500,8,70.0,700.0,70;100;150;200;300;500;700,7,500.0,0.28205972826166026,True,Kuramoto based
KURAMOTO,20,100.0,1000,0.4166666666666667,22.0,100.0,20.0,100.0,14.0,100.0,1.0,100.0,0.0177027239519024,0.0691533837544597,0.2795390430108008,0,30.0,500.0,30;50;70;100;150;200;300;500,8,70.0,700.0,70;100;150;200;300;500;700,7,500.0,0.28205972826166026,True,Kuramoto based
KURAMOTO,20,150.0,1000,0.2222222222222222,16.0,100.0,16.0,100.0,7.0,100.0,1.0,100.0,0.0255716875396736,0.0893964593860975,0.2642553842684225,0,30.0,500.0,30;50;70;100;150;200;300;500,8,70.0,700.0,70;100;150;200;300;500;700,7,500.0,0.28205972826166026,True,Kuramoto based
KURAMOTO,20,200.0,1000,0.1388888888888889,13.0,100.0,13.0,100.0,5.0,100.0,1.0,100.0,0.0330088607567998,0.1090301499207174,0.2485652342405328,0,30.0,500.0,30;50;70;100;150;200;300;500,8,70.0,700.0,70;100;150;200;300;500;700,7,500.0,0.28205972826166026,True,Kuramoto based
KURAMOTO,20,300.0,1000,0.0833333333333333,12.0,100.0,12.0,100.0,3.0,100.0,1.0,100.0,0.0478022783612372,0.1501409852919445,0.2171979093118428,0,30.0,500.0,30;50;70;100;150;200;300;500,8,70.0,700.0,70;100;150;200;300;500;700,7,500.0,0.28205972826166026,True,Kuramoto based
KURAMOTO,20,500.0,1000,0.0555555555555555,11.0,100.0,26.0,99.9,2.0,100.0,1.0,100.0,0.0770996207128889,0.2198850668765265,0.1589848854026502,0,30.0,500.0,30;50;70;100;150;200;300;500,8,70.0,700.0,70;100;150;200;300;500;700,7,500.0,0.28205972826166026,True,Kuramoto based
KURAMOTO,20,700.0,1000,0.0555555555555555,11.0,100.0,,31.8,3.0,100.0,1.0,100.0,0.1073423305244263,0.298355256782044,0.1006518152161932,0,30.0,500.0,30;50;70;100;150;200;300;500,8,70.0,700.0,70;100;150;200;300;500;700,7,500.0,0.28205972826166026,True,Kuramoto based
KURAMOTO,20,1000.0,1000,3.4166666666666665,98.5,67.0,,0.0,,7.7,1.0,100.0,0.1428891373613979,0.4106007752040165,0.0311673775796087,0,30.0,500.0,30;50;70;100;150;200;300;500,8,70.0,700.0,70;100;150;200;300;500;700,7,500.0,0.28205972826166026,False,Kuramoto based
KURAMOTO,20,1500.0,1000,4.916666666666667,180.0,29.1,,0.0,,0.3,1.0,100.0,0.1703019855099111,0.548934546610127,0.0212560921439763,0,30.0,500.0,30;50;70;100;150;200;300;500,8,70.0,700.0,70;100;150;200;300;500;700,7,500.0,0.28205972826166026,False,Kuramoto based
KURAMOTO,20,2000.0,1000,5.194444444444445,180.0,29.4,,0.0,,0.1,1.0,100.0,0.1829766967122475,0.630427611691768,0.020564436756052,0,30.0,500.0,30;50;70;100;150;200;300;500,8,70.0,700.0,70;100;150;200;300;500;700,7,500.0,0.28205972826166026,False,Kuramoto based
KURAMOTO,50,1.0,1000,18.0,165.0,0.1,,0.0,,0.1,1.0,93.5,0.0788566832905098,0.3881660096031922,3.218661967779868e-05,0,50.0,300.0,50;70;100;150;200;300,6,150.0,500.0,150;200;300;500,4,500.0,0.09356416904627267,False,Kuramoto based
KURAMOTO,50,2.0,1000,16.55,86.0,0.1,,0.0,,0.1,1.0,97.8,0.0731430447532215,0.3601789802700795,3.550380635475303e-05,0,50.0,300.0,50;70;100;150;200;300,6,150.0,500.0,150;200;300;500,4,500.0,0.09356416904627267,False,Kuramoto based
KURAMOTO,50,3.0,1000,15.494444444444444,108.0,0.2,,0.0,,0.2,1.0,99.4,0.0681638718438035,0.3329847786346768,3.962002162444245e-05,0,50.0,300.0,50;70;100;150;200;300,6,150.0,500.0,150;200;300;500,4,500.0,0.09356416904627267,False,Kuramoto based
KURAMOTO,50,5.0,1000,14.1,67.5,0.2,,0.3,,0.2,1.0,99.9,0.0587454956084548,0.2797114760327467,4.4795569119959744e-05,0,50.0,300.0,50;70;100;150;200;300,6,150.0,500.0,150;200;300;500,4,500.0,0.09356416904627267,False,Kuramoto based
KURAMOTO,50,7.0,1000,13.166666666666666,94.5,0.2,,1.4,,0.2,1.0,100.0,0.050978948339897,0.2325525862650196,4.484897857648384e-05,0,50.0,300.0,50;70;100;150;200;300,6,150.0,500.0,150;200;300;500,4,500.0,0.09356416904627267,False,Kuramoto based
KURAMOTO,50,10.0,1000,12.194444444444445,82.0,0.4,,11.5,,0.4,1.0,100.0,0.0424570329078815,0.1757145999883222,2.256825920832206e-05,0,50.0,300.0,50;70;100;150;200;300,6,150.0,500.0,150;200;300;500,4,500.0,0.09356416904627267,False,Kuramoto based
KURAMOTO,50,15.0,1000,10.855555555555556,152.5,1.0,,41.2,,1.0,1.0,100.0,0.0326268017166544,0.1132954114323726,2.7956727481681654e-05,0,50.0,300.0,50;70;100;150;200;300,6,150.0,500.0,150;200;300;500,4,500.0,0.09356416904627267,False,Kuramoto based
KURAMOTO,50,20.0,1000,9.844444444444443,140.0,1.7999999999999998,142.0,69.6,,1.6,1.0,100.0,0.0258590766657308,0.0862322893403749,8.056290528157817e-05,0,50.0,300.0,50;70;100;150;200;300,6,150.0,500.0,150;200;300;500,4,500.0,0.09356416904627267,False,Kuramoto based
KURAMOTO,50,30.0,1000,8.422222222222222,137.0,4.0,96.0,94.4,,3.8,1.0,100.0,0.01747771641104,0.0621959637995994,0.0007856204119966,0,50.0,300.0,50;70;100;150;200;300,6,150.0,500.0,150;200;300;500,4,500.0,0.09356416904627267,False,Kuramoto based
KURAMOTO,50,50.0,1000,6.727777777777778,121.0,10.5,60.0,99.7,,10.2,1.0,100.0,0.0121984236126987,0.0499744621437627,0.002553199605046,0,50.0,300.0,50;70;100;150;200;300,6,150.0,500.0,150;200;300;500,4,500.0,0.09356416904627267,False,Kuramoto based
KURAMOTO,50,70.0,1000,5.411111111111111,130.0,26.0,46.0,100.0,,25.4,1.0,100.0,0.0107569513274857,0.0448781953683878,0.0076907269396355,0,50.0,300.0,50;70;100;150;200;300,6,150.0,500.0,150;200;300;500,4,500.0,0.09356416904627267,False,Kuramoto based
KURAMOTO,50,100.0,1000,3.827777777777778,120.0,70.89999999999999,35.0,100.0,138.0,68.8,1.0,100.0,0.0105392264358068,0.0449203671816587,0.0983901854376816,0,50.0,300.0,50;70;100;150;200;300,6,150.0,500.0,150;200;300;500,4,500.0,0.09356416904627267,False,Kuramoto based
KURAMOTO,50,150.0,1000,2.1,73.0,99.0,28.0,100.0,68.0,98.9,1.0,100.0,0.011874232334662,0.0475046805427862,0.0975756722192027,0,50.0,300.0,50;70;100;150;200;300,6,150.0,500.0,150;200;300;500,4,500.0,0.09356416904627267,True,Kuramoto based
KURAMOTO,50,200.0,1000,1.3,46.0,100.0,28.0,100.0,40.0,100.0,1.0,100.0,0.0143350014880272,0.0570968381990549,0.0924232968626872,0,50.0,300.0,50;70;100;150;200;300,6,150.0,500.0,150;200;300;500,4,500.0,0.09356416904627267,True,Kuramoto based
KURAMOTO,50,300.0,1000,0.7111111111111111,26.0,100.0,44.0,99.0,21.0,100.0,1.0,100.0,0.0201456829322293,0.0736648465123133,0.0795803261508232,0,50.0,300.0,50;70;100;150;200;300,6,150.0,500.0,150;200;300;500,4,500.0,0.09356416904627267,True,Kuramoto based
KURAMOTO,50,500.0,1000,0.4444444444444444,18.0,100.0,,11.2,15.0,100.0,1.0,100.0,0.0315554599456865,0.106654706025289,0.054519416239617,0,50.0,300.0,50;70;100;150;200;300,6,150.0,500.0,150;200;300;500,4,500.0,0.09356416904627267,True,Kuramoto based
KURAMOTO,50,700.0,1000,3.2111111111111112,112.0,35.5,,0.0,,0.1,1.0,100.0,0.0437591642620087,0.1481349451729395,0.0250146125641125,0,50.0,300.0,50;70;100;150;200;300,6,150.0,500.0,150;200;300;500,4,500.0,0.09356416904627267,False,Kuramoto based
KURAMOTO,50,1000.0,1000,11.633333333333333,,0.0,,0.0,,0.0,1.0,100.0,0.0565143654491701,0.2145906372645876,0.0037144263574299,0,50.0,300.0,50;70;100;150;200;300,6,150.0,500.0,150;200;300;500,4,500.0,0.09356416904627267,False,Kuramoto based
KURAMOTO,50,1500.0,1000,13.855555555555556,,0.0,,0.0,,0.0,1.0,100.0,0.064302816906991,0.269605582745804,0.0031419542279834,0,50.0,300.0,50;70;100;150;200;300,6,150.0,500.0,150;200;300;500,4,500.0,0.09356416904627267,False,Kuramoto based
KURAMOTO,50,2000.0,1000,14.261111111111113,,0.0,,0.0,,0.0,1.0,100.0,0.0684431850437062,0.3097519620373331,0.0028840057864811,0,50.0,300.0,50;70;100;150;200;300,6,150.0,500.0,150;200;300;500,4,500.0,0.09356416904627267,False,Kuramoto based
LINEAR,5,1.0,1000,0.0,10.0,98.8,,39.0,1.0,98.8,1.0,96.4,0.7379284167261997,1.390656388781878,0.3852455277808433,0,700.0,1000.0,700;1000,2,1.0,2000.0,1;2;3;5;7;10;15;20;30;50;70;100;150;200;300;500;700;1000;1500;2000,20,1.0,1.224537524338598,False,frog chorus based
LINEAR,5,2.0,1000,0.0,10.0,99.2,,45.6,1.0,99.2,1.0,97.5,0.6768537350888335,1.2970590579362362,0.538336037920645,0,700.0,1000.0,700;1000,2,1.0,2000.0,1;2;3;5;7;10;15;20;30;50;70;100;150;200;300;500;700;1000;1500;2000,20,1.0,1.224537524338598,False,frog chorus based
LINEAR,5,3.0,1000,0.0,10.0,99.9,165.5,50.4,1.0,99.9,1.0,98.2,0.6194024232956317,1.2352611904927748,0.6743670756051404,0,700.0,1000.0,700;1000,2,1.0,2000.0,1;2;3;5;7;10;15;20;30;50;70;100;150;200;300;500;700;1000;1500;2000,20,1.0,1.224537524338598,False,frog chorus based
LINEAR,5,5.0,1000,0.0,10.0,100.0,100.0,55.400000000000006,1.0,100.0,1.0,99.6,0.5558452649701744,1.1741820841888866,0.8112690981685092,0,700.0,1000.0,700;1000,2,1.0,2000.0,1;2;3;5;7;10;15;20;30;50;70;100;150;200;300;500;700;1000;1500;2000,20,1.0,1.224537524338598,False,frog chorus based
LINEAR,5,7.0,1000,0.0,10.0,100.0,72.0,57.9,1.0,100.0,1.0,100.0,0.5484818412583681,1.1423144255175104,0.8117846572092349,0,700.0,1000.0,700;1000,2,1.0,2000.0,1;2;3;5;7;10;15;20;30;50;70;100;150;200;300;500;700;1000;1500;2000,20,1.0,1.224537524338598,False,frog chorus based
LINEAR,5,10.0,1000,0.0,10.0,100.0,51.0,58.7,1.0,100.0,1.0,100.0,0.5342259876150426,1.1306134806534438,0.8122861919978641,0,700.0,1000.0,700;1000,2,1.0,2000.0,1;2;3;5;7;10;15;20;30;50;70;100;150;200;300;500;700;1000;1500;2000,20,1.0,1.224537524338598,True,frog chorus based
LINEAR,5,15.0,1000,0.0,10.0,100.0,34.0,59.0,1.0,100.0,1.0,100.0,0.5327140353795281,1.1290509201154626,0.8129156815373773,0,700.0,1000.0,700;1000,2,1.0,2000.0,1;2;3;5;7;10;15;20;30;50;70;100;150;200;300;500;700;1000;1500;2000,20,1.0,1.224537524338598,True,frog chorus based
LINEAR,5,20.0,1000,0.0,10.0,100.0,26.0,58.9,1.0,100.0,1.0,100.0,0.5318116865099487,1.1287459202905017,0.8132916130787118,0,700.0,1000.0,700;1000,2,1.0,2000.0,1;2;3;5;7;10;15;20;30;50;70;100;150;200;300;500;700;1000;1500;2000,20,1.0,1.224537524338598,True,frog chorus based
LINEAR,5,30.0,1000,0.0,10.0,100.0,18.0,59.1,1.0,100.0,1.0,100.0,0.5298355010012524,1.1264587931791348,0.8145984179455132,0,700.0,1000.0,700;1000,2,1.0,2000.0,1;2;3;5;7;10;15;20;30;50;70;100;150;200;300;500;700;1000;1500;2000,20,1.0,1.224537524338598,True,frog chorus based
LINEAR,5,50.0,1000,0.0,10.0,100.0,11.0,60.0,1.0,100.0,1.0,100.0,0.5283796624499395,1.121175213299343,0.8165143110787563,0,700.0,1000.0,700;1000,2,1.0,2000.0,1;2;3;5;7;10;15;20;30;50;70;100;150;200;300;500;700;1000;1500;2000,20,1.0,1.224537524338598,True,frog chorus based
LINEAR,5,70.0,1000,0.0,10.0,100.0,8.0,60.4,1.0,100.0,1.0,100.0,0.5241843907956802,1.118373055477305,0.8190522909907504,0,700.0,1000.0,700;1000,2,1.0,2000.0,1;2;3;5;7;10;15;20;30;50;70;100;150;200;300;500;700;1000;1500;2000,20,1.0,1.224537524338598,True,frog chorus based
LINEAR,5,100.0,1000,0.0,10.0,100.0,6.0,60.0,1.0,100.0,1.0,100.0,0.5179785099011953,1.1080326735258237,0.8222817967441525,0,700.0,1000.0,700;1000,2,1.0,2000.0,1;2;3;5;7;10;15;20;30;50;70;100;150;200;300;500;700;1000;1500;2000,20,1.0,1.224537524338598,True,frog chorus based
LINEAR,5,150.0,1000,0.0,10.0,100.0,5.0,61.3,1.0,100.0,1.0,100.0,0.4970622806042306,1.0895652288164437,0.8353638122521216,0,700.0,1000.0,700;1000,2,1.0,2000.0,1;2;3;5;7;10;15;20;30;50;70;100;150;200;300;500;700;1000;1500;2000,20,1.0,1.224537524338598,True,frog chorus based
LINEAR,5,200.0,1000,0.0,10.0,100.0,4.0,62.4,1.0,100.0,1.0,100.0,0.4821242022107513,1.0594928635213,0.8409447870365454,0,700.0,1000.0,700;1000,2,1.0,2000.0,1;2;3;5;7;10;15;20;30;50;70;100;150;200;300;500;700;1000;1500;2000,20,1.0,1.224537524338598,True,frog chorus based
LINEAR,5,300.0,1000,0.0,10.0,100.0,3.0,66.0,1.0,100.0,1.0,100.0,0.4498323127621865,1.0125629707542074,0.8541672658084936,0,700.0,1000.0,700;1000,2,1.0,2000.0,1;2;3;5;7;10;15;20;30;50;70;100;150;200;300;500;700;1000;1500;2000,20,1.0,1.224537524338598,True,frog chorus based
LINEAR,5,500.0,1000,0.0,10.0,100.0,2.0,86.7,1.0,100.0,1.0,100.0,0.3852432461654267,0.906987412364874,0.870993054359267,0,700.0,1000.0,700;1000,2,1.0,2000.0,1;2;3;5;7;10;15;20;30;50;70;100;150;200;300;500;700;1000;1500;2000,20,1.0,1.224537524338598,True,frog chorus based
LINEAR,5,700.0,1000,0.0,10.0,100.0,2.0,98.2,1.0,100.0,1.0,100.0,0.3209584538306302,0.7117017449365939,0.90318619332488,0,700.0,1000.0,700;1000,2,1.0,2000.0,1;2;3;5;7;10;15;20;30;50;70;100;150;200;300;500;700;1000;1500;2000,20,1.0,1.224537524338598,True,frog chorus based
LINEAR,5,1000.0,1000,0.0,10.0,100.0,2.0,100.0,1.0,100.0,1.0,100.0,0.2778245980539415,0.4656133460914256,0.9141515882168008,0,700.0,1000.0,700;1000,2,1.0,2000.0,1;2;3;5;7;10;15;20;30;50;70;100;150;200;300;500;700;1000;1500;2000,20,1.0,1.224537524338598,True,frog chorus based
LINEAR,5,1500.0,1000,0.0,10.0,100.0,3.0,75.2,1.0,100.0,1.0,100.0,0.3309975987964318,0.8078381109231693,0.8236627619181136,0,700.0,1000.0,700;1000,2,1.0,2000.0,1;2;3;5;7;10;15;20;30;50;70;100;150;200;300;500;700;1000;1500;2000,20,1.0,1.224537524338598,True,frog chorus based
LINEAR,5,2000.0,1000,0.0,16.0,100.0,9.0,88.2,7.0,100.0,2.0,100.0,0.0176793394596134,0.0432837746136236,1.2165411292529411,0,700.0,1000.0,700;1000,2,1.0,2000.0,1;2;3;5;7;10;15;20;30;50;70;100;150;200;300;500;700;1000;1500;2000,20,1.0,1.224537524338598,True,frog chorus based
LINEAR,10,1.0,1000,0.0,10.0,90.9,,17.0,1.0,91.0,1.0,98.8,0.3518173122995593,1.0091651399651416,0.2251649656496342,0,10.0,300.0,10;15;20;30;50;70;100;150;200;300,10,2.0,700.0,2;3;5;7;10;15;20;30;50;70;100;150;200;300;500;700,16,1.0,0.5962189936206396,False,frog chorus based
LINEAR,10,2.0,1000,0.0,10.0,96.6,,26.6,1.0,96.6,1.0,99.9,0.2824757396489824,0.8760994049103483,0.3205320592809298,0,10.0,300.0,10;15;20;30;50;70;100;150;200;300,10,2.0,700.0,2;3;5;7;10;15;20;30;50;70;100;150;200;300;500;700,16,1.0,0.5962189936206396,False,frog chorus based
LINEAR,10,3.0,1000,0.0,10.0,99.3,,39.1,1.0,99.3,1.0,100.0,0.2249789335337861,0.7408370106742302,0.3943267868798961,0,10.0,300.0,10;15;20;30;50;70;100;150;200;300,10,2.0,700.0,2;3;5;7;10;15;20;30;50;70;100;150;200;300;500;700,16,1.0,0.5962189936206396,False,frog chorus based
LINEAR,10,5.0,1000,0.0,10.0,100.0,136.0,61.6,1.0,100.0,1.0,100.0,0.13969570363487,0.4436666601446241,0.4994279958199147,0,10.0,300.0,10;15;20;30;50;70;100;150;200;300,10,2.0,700.0,2;3;5;7;10;15;20;30;50;70;100;150;200;300;500;700,16,1.0,0.5962189936206396,False,frog chorus based
LINEAR,10,7.0,1000,0.0,10.0,100.0,98.0,80.0,1.0,100.0,1.0,100.0,0.069585536596264,0.1882550504480114,0.5687530954794737,0,10.0,300.0,10;15;20;30;50;70;100;150;200;300,10,2.0,700.0,2;3;5;7;10;15;20;30;50;70;100;150;200;300;500;700,16,1.0,0.5962189936206396,False,frog chorus based
LINEAR,10,10.0,1000,0.0,10.0,100.0,69.0,95.7,1.0,100.0,1.0,100.0,0.012895992321655,0.0749679986538682,0.6158600720441787,0,10.0,300.0,10;15;20;30;50;70;100;150;200;300,10,2.0,700.0,2;3;5;7;10;15;20;30;50;70;100;150;200;300;500;700,16,1.0,0.5962189936206396,True,frog chorus based
LINEAR,10,15.0,1000,0.0,10.0,100.0,46.0,100.0,1.0,100.0,1.0,100.0,0.0144250857360187,0.0775624970343842,0.6119751992297855,0,10.0,300.0,10;15;20;30;50;70;100;150;200;300,10,2.0,700.0,2;3;5;7;10;15;20;30;50;70;100;150;200;300;500;700,16,1.0,0.5962189936206396,True,frog chorus based
LINEAR,10,20.0,1000,0.0,10.0,100.0,35.0,100.0,1.0,100.0,1.0,100.0,0.0164784946140324,0.0809362313858261,0.607599898431624,0,10.0,300.0,10;15;20;30;50;70;100;150;200;300,10,2.0,700.0,2;3;5;7;10;15;20;30;50;70;100;150;200;300;500;700,16,1.0,0.5962189936206396,True,frog chorus based
LINEAR,10,30.0,1000,0.0,10.0,100.0,24.0,100.0,1.0,100.0,1.0,100.0,0.020773925519237,0.0883504789170456,0.5991241105839102,0,10.0,300.0,10;15;20;30;50;70;100;150;200;300,10,2.0,700.0,2;3;5;7;10;15;20;30;50;70;100;150;200;300;500;700,16,1.0,0.5962189936206396,True,frog chorus based
LINEAR,10,50.0,1000,0.0,10.0,100.0,15.0,100.0,1.0,100.0,1.0,100.0,0.0292342849383005,0.1023099272658786,0.583421589163445,0,10.0,300.0,10;15;20;30;50;70;100;150;200;300,10,2.0,700.0,2;3;5;7;10;15;20;30;50;70;100;150;200;300;500;700,16,1.0,0.5962189936206396,True,frog chorus based
LINEAR,10,70.0,1000,0.0,10.0,100.0,12.0,99.4,1.0,100.0,1.0,100.0,0.0375660660541622,0.1129161888572112,0.5708989100043017,0,10.0,300.0,10;15;20;30;50;70;100;150;200;300,10,2.0,700.0,2;3;5;7;10;15;20;30;50;70;100;150;200;300;500;700,16,1.0,0.5962189936206396,True,frog chorus based
LINEAR,10,100.0,1000,0.0,10.0,100.0,9.0,98.8,1.0,100.0,1.0,100.0,0.0511866864376763,0.131386301332356,0.5527073879732658,0,10.0,300.0,10;15;20;30;50;70;100;150;200;300,10,2.0,700.0,2;3;5;7;10;15;20;30;50;70;100;150;200;300;500;700,16,1.0,0.5962189936206396,True,frog chorus based
LINEAR,10,150.0,1000,0.0,10.0,100.0,7.0,98.6,1.0,100.0,1.0,100.0,0.0744541896304095,0.1573906264050278,0.528840881677883,0,10.0,300.0,10;15;20;30;50;70;100;150;200;300,10,2.0,700.0,2;3;5;7;10;15;20;30;50;70;100;150;200;300;500;700,16,1.0,0.5962189936206396,True,frog chorus based
LINEAR,10,200.0,1000,0.0,10.0,100.0,6.0,97.9,1.0,100.0,1.0,100.0,0.0989780985863721,0.1829067926062901,0.5089174475691356,0,10.0,300.0,10;15;20;30;50;70;100;150;200;300,10,2.0,700.0,2;3;5;7;10;15;20;30;50;70;100;150;200;300;500;700,16,1.0,0.5962189936206396,True,frog chorus based
LINEAR,10,300.0,1000,0.0,10.0,100.0,5.0,97.2,1.0,100.0,1.0,100.0,0.1489211479336009,0.2417075973511117,0.4677003766594608,0,10.0,300.0,10;15;20;30;50;70;100;150;200;300,10,2.0,700.0,2;3;5;7;10;15;20;30;50;70;100;150;200;300;500;700,16,1.0,0.5962189936206396,True,frog chorus based
LINEAR,10,500.0,1000,0.0,10.0,100.0,7.0,87.8,2.0,100.0,1.0,100.0,0.2581415147208842,0.3717888151285174,0.3751948285457462,0,10.0,300.0,10;15;20;30;50;70;100;150;200;300,10,2.0,700.0,2;3;5;7;10;15;20;30;50;70;100;150;200;300;500;700,16,1.0,0.5962189936206396,True,frog chorus based
LINEAR,10,700.0,1000,0.0,10.0,100.0,22.0,65.3,3.0,100.0,1.0,100.0,0.4062197095872016,0.7101987717748154,0.2651942350159735,0,10.0,300.0,10;15;20;30;50;70;100;150;200;300,10,2.0,700.0,2;3;5;7;10;15;20;30;50;70;100;150;200;300;500;700,16,1.0,0.5962189936206396,True,frog chorus based
LINEAR,10,1000.0,1000,0.4444444444444444,15.0,96.8,,0.0,13.0,90.5,5.0,89.0,0.5618025399973414,1.0097136726265377,0.0765992892671746,324,10.0,300.0,10;15;20;30;50;70;100;150;200;300,10,2.0,700.0,2;3;5;7;10;15;20;30;50;70;100;150;200;300;500;700,16,1.0,0.5962189936206396,False,frog chorus based
LINEAR,10,1500.0,1000,6.888888888888889,14.5,51.6,,0.0,,44.0,,2.3,0.704575792508664,1.4651397476399706,0.0278118312495008,490,10.0,300.0,10;15;20;30;50;70;100;150;200;300,10,2.0,700.0,2;3;5;7;10;15;20;30;50;70;100;150;200;300;500;700,16,1.0,0.5962189936206396,False,frog chorus based
LINEAR,10,2000.0,1000,47.888888888888886,10.0,2.7,,0.0,,1.5,,1.0,0.6283185301436194,0.6283187764159864,1.3779517971101995e-08,848,10.0,300.0,10;15;20;30;50;70;100;150;200;300,10,2.0,700.0,2;3;5;7;10;15;20;30;50;70;100;150;200;300;500;700,16,1.0,0.5962189936206396,False,frog chorus based
LINEAR,20,1.0,1000,2.6666666666666665,32.0,67.80000000000001,,6.5,81.0,67.80000000000001,1.0,99.9,0.1441116014849722,0.5661446231964625,0.1144907434282757,0,7.0,150.0,7;10;15;20;30;50;70;100;150,9,5.0,300.0,5;7;10;15;20;30;50;70;100;150;200;300,12,70.0,0.28205972826166026,False,frog chorus based
LINEAR,20,2.0,1000,1.3611111111111112,28.5,83.8,,33.0,41.0,83.7,1.0,100.0,0.1019377551718988,0.3859698689202429,0.1834181092650179,0,7.0,150.0,7;10;15;20;30;50;70;100;150,9,5.0,300.0,5;7;10;15;20;30;50;70;100;150;200;300,12,70.0,0.28205972826166026,False,frog chorus based
LINEAR,20,3.0,1000,0.9027777777777776,29.0,93.2,150.0,58.9,28.0,93.2,1.0,100.0,0.0734586561430176,0.2424685349773705,0.2281272158956952,0,7.0,150.0,7;10;15;20;30;50;70;100;150,9,5.0,300.0,5;7;10;15;20;30;50;70;100;150;200;300,12,70.0,0.28205972826166026,False,frog chorus based
LINEAR,20,5.0,1000,0.5555555555555556,25.0,99.9,91.0,88.6,17.5,99.9,1.0,100.0,0.0315489113291624,0.0913260748778552,0.2772637904098501,0,7.0,150.0,7;10;15;20;30;50;70;100;150,9,5.0,300.0,5;7;10;15;20;30;50;70;100;150;200;300,12,70.0,0.28205972826166026,False,frog chorus based
LINEAR,20,7.0,1000,0.4166666666666667,21.0,100.0,66.0,97.6,13.0,100.0,1.0,100.0,0.0117320383062722,0.0536992122140656,0.2941036219751941,0,7.0,150.0,7;10;15;20;30;50;70;100;150,9,5.0,300.0,5;7;10;15;20;30;50;70;100;150;200;300,12,70.0,0.28205972826166026,False,frog chorus based
LINEAR,20,10.0,1000,0.2777777777777778,17.0,100.0,46.0,99.7,9.0,100.0,1.0,100.0,0.013692614726412,0.0560266343800736,0.2882045019129952,0,7.0,150.0,7;10;15;20;30;50;70;100;150,9,5.0,300.0,5;7;10;15;20;30;50;70;100;150;200;300,12,70.0,0.28205972826166026,True,frog chorus based
LINEAR,20,15.0,1000,0.1944444444444444,15.0,100.0,31.5,100.0,7.0,100.0,1.0,100.0,0.019135430052662,0.0661352791303326,0.277054854287064,0,7.0,150.0,7;10;15;20;30;50;70;100;150,9,5.0,300.0,5;7;10;15;20;30;50;70;100;150;200;300,12,70.0,0.28205972826166026,True,frog chorus based
LINEAR,20,20.0,1000,0.1388888888888889,13.0,100.0,24.0,99.9,5.0,100.0,1.0,100.0,0.0239999387253764,0.0761585012679217,0.2666163831074346,0,7.0,150.0,7;10;15;20;30;50;70;100;150,9,5.0,300.0,5;7;10;15;20;30;50;70;100;150;200;300,12,70.0,0.28205972826166026,True,frog chorus based
LINEAR,20,30.0,1000,0.1111111111111111,12.0,100.0,17.0,99.5,4.0,100.0,1.0,100.0,0.0326415351227948,0.0941727837058148,0.2472963503793408,0,7.0,150.0,7;10;15;20;30;50;70;100;150,9,5.0,300.0,5;7;10;15;20;30;50;70;100;150;200;300,12,70.0,0.28205972826166026,True,frog chorus based
LINEAR,20,50.0,1000,0.1111111111111111,12.0,100.0,11.0,98.3,4.0,100.0,1.0,100.0,0.0446949864970363,0.1255388641956474,0.2216302683357049,0,7.0,150.0,7;10;15;20;30;50;70;100;150,9,5.0,300.0,5;7;10;15;20;30;50;70;100;150;200;300,12,70.0,0.28205972826166026,True,frog chorus based
LINEAR,20,70.0,1000,0.0833333333333333,12.0,100.0,9.0,97.5,4.0,100.0,1.0,100.0,0.0521295877847091,0.146443738530611,0.203182111741822,0,7.0,150.0,7;10;15;20;30;50;70;100;150,9,5.0,300.0,5;7;10;15;20;30;50;70;100;150;200;300,12,70.0,0.28205972826166026,True,frog chorus based
LINEAR,20,100.0,1000,0.1111111111111111,12.0,100.0,7.0,97.4,4.0,100.0,1.0,100.0,0.0637197389787282,0.1716503982353335,0.1836095629918979,0,7.0,150.0,7;10;15;20;30;50;70;100;150,9,5.0,300.0,5;7;10;15;20;30;50;70;100;150;200;300,12,70.0,0.28205972826166026,True,frog chorus based
LINEAR,20,150.0,1000,0.1388888888888889,13.0,100.0,7.0,96.1,5.0,100.0,1.0,100.0,0.0864888362569893,0.1998903367849279,0.1627622443021315,0,7.0,150.0,7;10;15;20;30;50;70;100;150,9,5.0,300.0,5;7;10;15;20;30;50;70;100;150;200;300,12,70.0,0.28205972826166026,True,frog chorus based
LINEAR,20,200.0,1000,0.25,16.0,99.0,22.0,92.9,9.0,98.8,1.0,100.0,0.1140422801842554,0.2289690090843994,0.1451968081496373,0,7.0,150.0,7;10;15;20;30;50;70;100;150,9,5.0,300.0,5;7;10;15;20;30;50;70;100;150;200;300,12,70.0,0.28205972826166026,True,frog chorus based
LINEAR,20,300.0,1000,0.6944444444444444,30.0,99.5,64.0,76.6,25.0,99.3,1.0,100.0,0.1763347483698897,0.3077305626243952,0.1118010935237738,0,7.0,150.0,7;10;15;20;30;50;70;100;150,9,5.0,300.0,5;7;10;15;20;30;50;70;100;150;200;300,12,70.0,0.28205972826166026,True,frog chorus based
LINEAR,20,500.0,1000,5.388888888888889,108.0,66.8,,0.0,,44.8,1.5,95.6,0.2800622553244134,0.5246047257398883,0.0270305196283469,988,7.0,150.0,7;10;15;20;30;50;70;100;150,9,5.0,300.0,5;7;10;15;20;30;50;70;100;150;200;300,12,70.0,0.28205972826166026,False,frog chorus based
LINEAR,20,700.0,1000,19.01388888888889,29.0,14.499999999999998,,0.0,,11.2,,16.8,0.3405531651029832,0.7590909689760004,0.0111905510563703,0,7.0,150.0,7;10;15;20;30;50;70;100;150,9,5.0,300.0,5;7;10;15;20;30;50;70;100;150;200;300,12,70.0,0.28205972826166026,False,frog chorus based
LINEAR,20,1000.0,1000,19.166666666666668,19.0,3.5000000000000004,,0.0,,1.9,,18.3,0.4008087802776038,1.1576203750758345,0.009306229581053,938,7.0,150.0,7;10;15;20;30;50;70;100;150,9,5.0,300.0,5;7;10;15;20;30;50;70;100;150;200;300,12,70.0,0.28205972826166026,False,frog chorus based
LINEAR,20,1500.0,1000,20.52777777777778,62.0,34.7,,0.0,,28.5,,38.1,0.4298955339556274,1.4003339418256264,0.0034222809468744,1014,7.0,150.0,7;10;15;20;30;50;70;100;150,9,5.0,300.0,5;7;10;15;20;30;50;70;100;150;200;300,12,70.0,0.28205972826166026,False,frog chorus based
LINEAR,20,2000.0,1000,68.55555555555556,,0.0,,0.0,,0.0,,0.6,0.932005812476749,0.9424778373215792,1.9793278127622216e-10,1399,7.0,150.0,7;10;15;20;30;50;70;100;150,9,5.0,300.0,5;7;10;15;20;30;50;70;100;150;200;300,12,70.0,0.28205972826166026,False,frog chorus based
LINEAR,50,1.0,1000,8.38888888888889,138.0,14.7,,6.6000000000000005,,13.5,1.0,100.0,0.0380950232930067,0.2114290968481473,0.0158105326152815,0,5.0,15.0,5;7;10;15,4,5.0,20.0,5;7;10;15;20,5,30.0,0.09356416904627267,False,frog chorus based
LINEAR,50,2.0,1000,5.127777777777778,119.0,53.7,159.0,58.5,164.0,52.8,1.0,100.0,0.0221800021394211,0.0882208863126886,0.0607384908531061,0,5.0,15.0,5;7;10;15,4,5.0,20.0,5;7;10;15;20,5,30.0,0.09356416904627267,False,frog chorus based
LINEAR,50,3.0,1000,3.6,101.0,80.9,107.0,90.2,108.0,80.10000000000001,1.0,100.0,0.0134927416719528,0.0485424445420791,0.0980712304870494,0,5.0,15.0,5;7;10;15,4,5.0,20.0,5;7;10;15;20,5,30.0,0.09356416904627267,False,frog chorus based
LINEAR,50,5.0,1000,2.1666666666666665,68.5,99.0,65.5,99.5,64.0,98.8,1.0,100.0,0.0126839529115009,0.0399509764403202,0.0978001986418925,0,5.0,15.0,5;7;10;15,4,5.0,20.0,5;7;10;15;20,5,30.0,0.09356416904627267,False,frog chorus based
LINEAR,50,7.0,1000,1.5555555555555556,50.0,100.0,48.0,99.3,45.0,100.0,1.0,100.0,0.0151204925303341,0.0473364788306263,0.0914875553303433,0,5.0,15.0,5;7;10;15,4,5.0,20.0,5;7;10;15;20,5,30.0,0.09356416904627267,False,frog chorus based
LINEAR,50,10.0,1000,1.0888888888888888,37.0,99.9,35.0,98.2,31.0,99.9,1.0,100.0,0.0178968389596793,0.056422268526274,0.0835187290017871,0,5.0,15.0,5;7;10;15,4,5.0,20.0,5;7;10;15;20,5,30.0,0.09356416904627267,True,frog chorus based
LINEAR,50,15.0,1000,0.7666666666666667,26.0,98.8,25.0,96.0,21.0,98.8,1.0,100.0,0.0217745291428818,0.0674988227398716,0.0739860999831395,0,5.0,15.0,5;7;10;15,4,5.0,20.0,5;7;10;15;20,5,30.0,0.09356416904627267,True,frog chorus based
LINEAR,50,20.0,1000,0.6,22.0,96.0,20.0,89.2,17.0,96.0,1.0,100.0,0.0244727593811883,0.0758769013513846,0.0669575751905384,0,5.0,15.0,5;7;10;15,4,5.0,20.0,5;7;10;15;20,5,30.0,0.09356416904627267,True,frog chorus based
LINEAR,50,30.0,1000,0.4777777777777778,18.0,94.5,20.0,73.9,13.0,94.4,1.0,100.0,0.0286310588247412,0.0877002054582744,0.0571828984020405,0,5.0,15.0,5;7;10;15,4,5.0,20.0,5;7;10;15;20,5,30.0,0.09356416904627267,False,frog chorus based
LINEAR,50,50.0,1000,1.3666666666666667,54.0,82.1,,40.8,102.0,70.8,1.0,100.0,0.0345332697143505,0.1033643016198307,0.0527013643650144,0,5.0,15.0,5;7;10;15,4,5.0,20.0,5;7;10;15;20,5,30.0,0.09356416904627267,False,frog chorus based
LINEAR,50,70.0,1000,3.8666666666666663,129.0,35.6,,31.6,,17.5,1.0,100.0,0.0420470463240132,0.1102139284168643,0.0198443662756071,0,5.0,15.0,5;7;10;15,4,5.0,20.0,5;7;10;15;20,5,30.0,0.09356416904627267,False,frog chorus based
LINEAR,50,100.0,1000,9.677777777777775,180.0,0.5,,0.0,,0.0,1.0,100.0,0.0539263423597566,0.1317660334645011,0.0063608008780995,0,5.0,15.0,5;7;10;15,4,5.0,20.0,5;7;10;15;20,5,30.0,0.09356416904627267,False,frog chorus based
LINEAR,50,150.0,1000,20.23333333333333,,0.0,,0.0,,0.0,1.0,100.0,0.0823867253982602,0.2246801270635159,0.0032825980228191,262,5.0,15.0,5;7;10;15,4,5.0,20.0,5;7;10;15;20,5,30.0,0.09356416904627267,False,frog chorus based
LINEAR,50,200.0,1000,29.03333333333333,,0.0,,0.0,,0.0,,0.2,0.1109408509631303,0.2888950253741776,0.0019171281025723,594,5.0,15.0,5;7;10;15,4,5.0,20.0,5;7;10;15;20,5,30.0,0.09356416904627267,False,frog chorus based
LINEAR,50,300.0,1000,39.333333333333336,,0.0,,0.0,,0.0,,0.0,0.1653417454178941,0.3764002399269782,0.000911773964929,582,5.0,15.0,5;7;10;15,4,5.0,20.0,5;7;10;15;20,5,30.0,0.09356416904627267,False,frog chorus based
LINEAR,50,500.0,1000,49.91111111111111,,0.0,,0.0,,0.0,,0.0,0.2541126871415415,0.6435629917779762,0.0002733655084622,5092,5.0,15.0,5;7;10;15,4,5.0,20.0,5;7;10;15;20,5,30.0,0.09356416904627267,False,frog chorus based
LINEAR,50,700.0,1000,44.21111111111111,,0.0,,0.0,,0.0,,0.0,0.1927462390194368,0.7894687831708908,0.0005030273674085,814,5.0,15.0,5;7;10;15,4,5.0,20.0,5;7;10;15;20,5,30.0,0.09356416904627267,False,frog chorus based
LINEAR,50,1000.0,1000,42.54444444444445,,0.0,,0.0,,0.0,,0.0,0.2206311296387229,0.6067884214806376,7.444920722027293e-05,9266,5.0,15.0,5;7;10;15,4,5.0,20.0,5;7;10;15;20,5,30.0,0.09356416904627267,False,frog chorus based
LINEAR,50,1500.0,1000,35.7,,0.0,,0.0,,0.0,,0.0,0.1568502564523636,0.6097819117819837,0.0006690987419077,7498,5.0,15.0,5;7;10;15,4,5.0,20.0,5;7;10;15;20,5,30.0,0.09356416904627267,False,frog chorus based
LINEAR,50,2000.0,1000,75.13333333333333,,0.0,,0.0,,0.0,,0.0,0.8003648478426403,2.4063133960240224,0.0,140602,5.0,15.0,5;7;10;15,4,5.0,20.0,5;7;10;15;20,5,30.0,0.09356416904627267,False,frog chorus based
