time,oscillator_id,send_count,cycle_index,phase_rad,run_index,cumulative_per_percent,record_type
1665.0,2,1.0,1,0.0,3.0,,
1728.0,3,1.0,1,0.07916813487046279,3.0,,
2518.0,0,1.0,1,1.0719114134048373,3.0,,
2987.0,1,1.0,1,1.6612741952182828,3.0,,
3586.0,4,1.0,1,2.413999795018397,3.0,,
6664.6045726908305,2,2.0,1,6.28268839856778,3.0,,
6728.3954273091695,3,2.0,2,0.07966504348226902,3.0,,
7515.220842902592,0,2.0,2,1.0684190215966822,3.0,,
7989.779157097408,1,2.0,2,1.664766587026438,3.0,,
8589.418152583396,4,2.0,2,2.418295172236335,3.0,,
11664.20419205561,2,3.0,2,6.28218526542288,3.0,,
11728.79580794439,3,3.0,3,0.08016817662716917,3.0,,
12512.412721754963,0,3.0,3,1.0648902324895693,3.0,,
12992.587278245037,1,3.0,3,1.6682953761335506,3.0,,
13592.839234271787,4,3.0,3,2.422594230276167,3.0,,
16663.79879644935,2,4.0,3,6.281675830279513,3.0,,
16729.20120355065,3,4.0,4,0.08067761177053628,3.0,,
17509.575473851088,0,4.0,4,1.0613248416210783,3.0,,
17995.424526148912,1,4.0,4,1.6718607670020418,3.0,,
18596.263123650177,4,4.0,4,2.4268968165633082,3.0,,
21663.388323475254,2,5.0,4,6.281160014727544,3.0,,
21729.611676524746,3,5.0,5,0.08119342732250504,3.0,,
22506.70894061115,0,5.0,5,1.0577226497139367,3.0,,
22998.29105938885,1,5.0,5,1.6754629589091834,3.0,,
23599.689698260587,4,5.0,5,2.431202777212525,3.0,,
26662.97270997611,2,6.0,5,6.280637739401288,3.0,,
26730.02729002389,3,6.0,6,0.08171570264876074,3.0,,
27503.81296778617,0,6.0,6,1.054083462933152,3.0,,
28001.18703221383,1,6.0,6,1.6791021456899682,3.0,,
28603.118834609017,4,6.0,6,2.435511957036679,3.0,,
31662.551892025665,2,7.0,6,6.2801089239686405,3.0,,
31730.448107974335,3,7.0,7,0.08224451808140841,3.0,,
32500.887405666843,0,7.0,7,1.050407093148474,3.0,,
33004.11259433316,1,7.0,7,1.6827785154746464,3.0,,
33606.55040817289,4,7.0,7,2.439824199556082,3.0,,
36662.125804919866,2,8.0,7,6.279573487120093,3.0,,
36730.874195080134,3,8.0,8,0.08277995492995606,3.0,,
37497.93210929659,0,8.0,8,1.0466933582020885,3.0,,
38007.06789070341,1,8.0,8,1.6864922504210318,3.0,,
38609.98429340897,4,8.0,8,2.44413934700846,3.0,,
41661.69438316808,2,9.0,8,6.279031346557685,3.0,,
41731.30561683192,3,9.0,9,0.08332209549236429,3.0,,
42494.94693868865,0,9.0,9,1.0429420821814386,3.0,,
43010.05306131135,1,9.0,9,1.6902435264416813,3.0,,
43613.42036376184,4,9.0,9,2.448457240359581,3.0,,
46661.25756048418,2,10.0,9,6.27848241898382,3.0,,
46731.74243951582,3,10.0,10,0.08387102306622853,3.0,,
47491.93175904717,0,10.0,10,1.0391530956970687,3.0,,
48013.06824095283,1,10.0,10,1.6940325129260512,3.0,,
48616.858491672894,4,10.0,10,2.4527777193145672,3.0,,
51660.81526977763,2,11.0,10,6.277926620090047,3.0,,
51732.18473022237,3,11.0,11,0.08442682196000223,3.0,,
52488.886440992246,0,11.0,11,1.0353262361653925,3.0,,
53016.113559007754,1,11.0,11,1.6978593724577276,3.0,,
53620.29854858988,4,11.0,11,2.457100622329904,3.0,,
56660.367443144445,2,12.0,11,6.277363864545687,3.0,,
56732.632556855555,3,12.0,12,0.08498957750436206,3.0,,
57485.810860788704,0,12.0,12,1.0314613480962032,3.0,,
58019.189139211296,1,12.0,12,1.701724260526917,3.0,,
58623.740404977085,4,12.0,12,2.4614257866262026,3.0,,
61659.914011858076,2,13.0,12,6.276794065986421,3.0,,
61733.085988141924,3,13.0,13,0.08555937606362775,3.0,,
62482.704900578545,0,13.0,13,1.0275582833847714,3.0,,
63022.295099421455,1,13.0,13,1.7056273252383485,3.0,,
63627.183930326064,4,13.0,13,2.4657530482017234,3.0,,
66659.45490636026,2,14.0,13,6.2762171370027575,3.0,,
66733.54509363974,3,14.0,14,0.08613630504729165,3.0,,
67479.56844861695,0,14.0,14,1.023616901608416,3.0,,
68025.43155138305,1,14.0,14,1.7095687070147039,3.0,,
68630.62899316705,4,14.0,14,2.470082241846679,3.0,,
71658.99005625176,2,15.0,14,6.2756329891283995,3.0,,
71734.00994374824,3,15.0,15,0.08672045292164905,3.0,,
72476.40139951164,0,15.0,15,1.0196370703272981,3.0,,
73028.59860048836,1,15.0,15,1.7135485382958218,3.0,,
73634.07546108101,4,15.0,15,2.474413201158415,3.0,,
76658.51939028305,2,16.0,15,6.275041532828566,3.0,,
76734.48060971695,3,16.0,16,0.08731190922148313,3.0,,
77473.20365446543,0,16.0,16,1.0156186653892019,3.0,,
78031.79634553457,1,16.0,16,1.7175669432339182,3.0,,
78637.5232007124,4,16.0,16,2.4787457585573995,3.0,,
81658.04283634496,2,17.0,16,6.274442677488189,3.0,,
81734.95716365504,3,17.0,17,0.08791076456185981,3.0,,
82469.97512152178,0,17.0,17,1.011561571238155,3.0,,
83035.02487847822,1,17.0,17,1.721624037384965,3.0,,
83640.97207778263,4,17.0,17,2.4830797453041873,3.0,,
86657.56032145921,2,18.0,17,6.273836331400063,3.0,,
86735.43967854079,3,18.0,18,0.08851711064998648,3.0,,
87466.71571581332,0,18.0,18,1.007465681226643,3.0,,
88038.28428418668,1,18.0,18,1.7257199273964772,3.0,,
88644.42195710422,4,18.0,18,2.487414991517179,3.0,,
91657.07177176888,2,19.0,18,6.273222401752841,3.0,,
91735.92822823112,3,19.0,19,0.08913104029720798,3.0,,
92463.42535981273,0,19.0,19,1.0033308979309778,3.0,,
93041.57464018727,1,19.0,19,1.7298547106921423,3.0,,
93647.8727025958,4,19.0,19,2.4917513261914905,3.0,,
96656.57711252882,2,20.0,19,6.272600794618992,3.0,,
96736.42288747118,3,20.0,20,0.0897526474310573,3.0,,
97460.10398358628,0,20.0,20,0.9991571334698492,3.0,,
98044.89601641372,1,20.0,20,1.7340284751532709,3.0,,
98651.32417729792,4,20.0,20,2.496088577218779,3.0,,
101656.076268096,2,21.0,20,6.271971414942707,3.0,,
101736.923731904,3,21.0,21,0.09038202710734311,3.0,,
102456.75152504932,0,21.0,21,0.9949443098253787,3.0,,
103048.24847495068,1,21.0,21,1.7382412987977416,3.0,,
103654.77624338953,4,21.0,21,2.5004265714080125,3.0,,
106655.56916191985,2,22.0,21,6.271334166527666,3.0,,
106737.43083808015,3,22.0,22,0.09101927552238316,3.0,,
107453.36793022374,0,22.0,22,0.9906923591666811,3.0,,
108051.63206977626,1,22.0,22,1.742493249456439,3.0,,
108658.22876220547,4,22.0,22,2.504765134507435,3.0,,
111655.05571653237,2,23.0,22,6.270688952024738,3.0,,
111737.94428346763,3,23.0,23,0.09166449002531132,3.0,,
112449.95315349703,0,23.0,23,0.9864012241753644,3.0,,
113055.04684650297,1,23.0,23,1.7467843844477557,3.0,,
113661.68159425483,4,23.0,23,2.509104091227569,3.0,,
116654.53585353839,2,24.0,23,6.2700356729196285,3.0,,
116738.46414646161,3,24.0,24,0.09231776913042082,3.0,,
117449.95315349703,0,24.0,24,0.9864012241753644,3.0,,
118058.49284211746,1,24.0,24,1.7511147502504638,3.0,,
118665.1345992401,4,24.0,24,2.51344326526539,3.0,,
121654.00949360558,2,25.0,24,6.269374229520413,3.0,,
121738.99050639442,3,25.0,25,0.09297921252963565,3.0,,
122449.95315349703,0,25.0,25,0.9864012241753644,3.0,,
123061.95449368202,1,25.0,25,1.755464789900269,3.0,,
123668.58763607741,4,25.0,25,2.517782479329656,3.0,,
126653.47655645461,2,26.0,25,6.268704520945085,3.0,,
126739.52344354539,3,26.0,26,0.09364892110496367,3.0,,
127449.95315349703,0,26.0,26,0.9864012241753644,3.0,,
128065.43180696874,1,26.0,26,1.7598345106505935,3.0,,
128672.04063376758,4,26.0,26,2.5221216442001744,3.0,,
131652.93696084898,2,27.0,26,6.268026445108862,3.0,,
131740.06303915102,3,27.0,27,0.09432699694118742,3.0,,
132449.95315349702,0,27.0,27,0.9864012241753463,3.0,,
133068.9247865885,1,27.0,27,1.7642239182956163,3.0,,
133675.49352096036,4,27.0,27,2.526460670215574,3.0,,
136652.39062458507,2,28.0,27,6.267339898711622,3.0,,
136740.60937541493,3,28.0,28,0.09501354333842688,3.0,,
137449.95315349702,0,28.0,28,0.9864012241753463,3.0,,
138072.43343597447,1,28.0,28,1.7686330171496116,3.0,,
138678.94622595407,4,28.0,28,2.5307994672728835,3.0,,
141651.83746448197,2,29.0,28,6.266644777225164,3.0,,
141741.16253551803,3,29.0,29,0.09570866482488523,3.0,,
142449.95315349702,0,29.0,29,0.9864012241753463,3.0,,
143075.9577573657,1,29.0,29,1.7730618100262276,3.0,,
143682.39867669516,4,29.0,29,2.53513794482691,3.0,,
146651.27739637127,2,30.0,29,6.265940974880326,3.0,,
146741.72260362873,3,30.0,30,0.09641246716972246,3.0,,
147449.95315349702,0,30.0,30,0.9864012241753463,3.0,,
148079.4977517905,1,30.0,30,1.7775102982177333,3.0,,
148685.85080077793,4,30.0,30,2.5394760118899993,3.0,,
151650.71033508686,2,31.0,30,6.26522838465423,3.0,,
151742.28966491314,3,31.0,31,0.09712505739581936,3.0,,
152449.95315349702,0,31.0,31,0.9864012241753463,3.0,,
153083.05341905024,1,31.0,31,1.7819784814744448,3.0,,
153689.30252544416,4,31.0,31,2.543813577031455,3.0,,
156650.13619445468,2,32.0,31,6.264506898257361,3.0,,
156742.86380554532,3,32.0,32,0.09784654379268777,3.0,,
157449.95315349702,0,32.0,32,0.9864012241753463,3.0,,
158086.62475770258,1,32.0,32,1.7864663579839166,3.0,,
158692.75377758272,4,32.0,32,2.5481505483771327,3.0,,
161649.55488728237,2,33.0,32,6.2637764061205585,3.0,,
161743.44511271763,3,33.0,33,0.09857703592949053,3.0,,
162449.95315349702,0,33.0,33,0.9864012241753463,3.0,,
163090.21176504527,1,33.0,33,1.7909739243503864,3.0,,
163696.20448372932,4,33.0,33,2.552486833609074,3.0,,
166648.96632534894,2,34.0,33,6.26303679738206,3.0,,
166744.03367465106,3,34.0,34,0.09931664466798837,3.0,,
167449.95315349702,0,34.0,34,0.9864012241753463,3.0,,
168093.81443709973,1,34.0,34,1.795501175574222,3.0,,
168699.65457006617,4,34.0,34,2.556822339965107,3.0,,
171648.3704193943,2,35.0,34,6.262287959874342,3.0,,
171744.6295806057,3,35.0,35,0.10006548217570603,3.0,,
172449.95315349702,0,35.0,35,0.9864012241753463,3.0,,
173097.43276859465,1,35.0,35,1.8000481050312942,3.0,,
173703.1039624217,4,35.0,35,2.5611569742385147,3.0,,
176647.76707910895,2,36.0,35,6.261529780111097,3.0,,
176745.23292089105,3,36.0,36,0.10082366193895244,3.0,,
177449.95315349702,0,36.0,36,0.9864012241753463,3.0,,
178097.43276859465,1,36.0,36,1.8000481050312942,3.0,,
178706.55258627038,4,36.0,36,2.565490642777707,3.0,,
181647.15621312332,2,37.0,36,6.260762143273989,3.0,,
181745.84378687668,3,37.0,37,0.10159129877605992,3.0,,
182449.95315349702,0,37.0,37,0.9864012241753463,3.0,,
183097.43276859465,1,37.0,37,1.8000481050312942,3.0,,
183710.01686711868,4,37.0,37,2.5698439864829083,3.0,,
186646.53772899747,2,38.0,37,6.259984933199535,3.0,,
186746.46227100253,3,38.0,38,0.10236850885051403,3.0,,
187449.95315349702,0,38.0,38,0.9864012241753463,3.0,,
188097.43276859465,1,38.0,38,1.8000481050312942,3.0,,
188713.4968105449,4,38.0,38,2.5742170123639836,3.0,,
191645.91153321048,2,39.0,38,6.259198032365893,3.0,,
191747.08846678952,3,39.0,39,0.1031554096841563,3.0,,
192449.95315349702,0,39.0,39,0.9864012241753463,3.0,,
193097.43276859465,1,39.0,39,1.8000481050312942,3.0,,
193716.9924209633,4,39.0,39,2.5786097259680982,3.0,,
196645.27753114988,2,40.0,39,6.258401321879515,3.0,,
196747.72246885012,3,40.0,40,0.1039521201705334,3.0,,
197449.95315349702,0,40.0,40,0.9864012241753463,3.0,,
198097.43276859465,1,40.0,40,1.8000481050312942,3.0,,
198720.50370160773,4,40.0,40,2.583022131358983,3.0,,
201644.6356271011,2,41.0,40,6.257594681461912,3.0,,
201748.3643728989,3,41.0,41,0.10475876058813657,3.0,,
202449.95315349702,0,41.0,41,0.9864012241753463,3.0,,
203097.43276859465,1,41.0,41,1.8000481050312942,3.0,,
203724.03065451508,4,41.0,41,2.5874542310963053,3.0,,
206643.98572423685,2,42.0,41,6.2567779894363715,3.0,,
206749.01427576315,3,42.0,42,0.10557545261367757,3.0,,
207449.95315349702,0,42.0,42,0.9864012241753463,3.0,,
208097.43276859465,1,42.0,42,1.8000481050312942,3.0,,
208727.57328050886,4,42.0,42,2.591906026214897,3.0,,
211643.32772460664,2,43.0,42,6.255951122714648,3.0,,
211749.67227539336,3,43.0,43,0.10640231933540119,3.0,,
212449.95315349702,0,43.0,43,0.9864012241753463,3.0,,
213097.43276859465,1,43.0,43,1.8000481050312942,3.0,,
213731.1315791827,4,43.0,43,2.5963775162040905,3.0,,
216642.66152912605,2,44.0,43,6.255113956783578,3.0,,
216750.33847087395,3,44.0,44,0.10723948526647112,3.0,,
217449.95315349702,0,44.0,44,0.9864012241753463,3.0,,
218097.43276859465,1,44.0,44,1.8000481050312942,3.0,,
218734.70554888388,4,44.0,44,2.600868698987053,3.0,,
221641.9870375662,2,45.0,44,6.25426636569184,3.0,,
221751.0129624338,3,45.0,45,0.10808707635820908,3.0,,
222449.95315349702,0,45.0,45,0.9864012241753463,3.0,,
223097.43276859465,1,45.0,45,1.8000481050312942,3.0,,
223738.295186697,4,45.0,45,2.605379570900163,3.0,,
226641.30414854307,2,46.0,45,6.253408222036532,3.0,,
226751.69585145693,3,46.0,46,0.1089452200135174,3.0,,
227449.95315349702,0,46.0,46,0.9864012241753463,3.0,,
228097.43276859465,1,46.0,46,1.8000481050312942,3.0,,
228741.90048842758,4,46.0,46,2.609910126672453,3.0,,
231640.612759507,2,47.0,46,6.252539396949931,3.0,,
231752.387240493,3,47.0,47,0.1098140451001182,3.0,,
232449.95315349702,0,47.0,47,0.9864012241753463,3.0,,
233097.43276859465,1,47.0,47,1.8000481050312942,3.0,,
233745.52144858564,4,47.0,47,2.6144603594050584,3.0,,
236639.91276673204,2,48.0,47,6.251659760086183,3.0,,
236753.08723326796,3,48.0,48,0.11069368196386609,3.0,,
237449.95315349702,0,48.0,48,0.9864012241753463,3.0,,
238097.43276859465,1,48.0,48,1.8000481050312942,3.0,,
238745.52144858564,4,48.0,48,2.6144603594050584,3.0,,
241639.20406530538,2,49.0,48,6.250769179607952,3.0,,
241753.79593469462,3,49.0,49,0.11158426244209714,3.0,,
242449.95315349702,0,49.0,49,0.9864012241753463,3.0,,
243097.43276859465,1,49.0,49,1.8000481050312942,3.0,,
243745.52144858564,4,49.0,49,2.6144603594050584,3.0,,
246638.48654911687,2,50.0,49,6.2498675221732904,3.0,,
246754.51345088313,3,50.0,50,0.11248591987675875,3.0,,
247449.95315349702,0,50.0,50,0.9864012241753463,3.0,,
248097.43276859465,1,50.0,50,1.8000481050312942,3.0,,
248745.52144858564,4,50.0,50,2.6144603594050584,3.0,,
251637.76011084844,2,51.0,50,6.248954652922327,3.0,,
251755.23988915156,3,51.0,51,0.11339878912772208,3.0,,
252449.95315349702,0,51.0,51,0.9864012241753463,3.0,,
253097.43276859465,1,51.0,51,1.8000481050312942,3.0,,
253745.52144858564,4,51.0,51,2.6144603594050584,3.0,,
256637.02464196362,2,52.0,51,6.248030435464138,3.0,,
256755.97535803638,3,52.0,52,0.1143230065859118,3.0,,
257449.95315349702,0,52.0,52,0.9864012241753463,3.0,,
258097.43276859465,1,52.0,52,1.8000481050312942,3.0,,
258745.52144858564,4,52.0,52,2.6144603594050584,3.0,,
261636.28003269716,2,53.0,52,6.247094731863614,3.0,,
261756.71996730284,3,53.0,53,0.11525871018643573,3.0,,
262449.953153497,0,53.0,53,0.9864012241753463,3.0,,
263097.43276859465,1,53.0,53,1.8000481050312942,3.0,,
263745.52144858567,4,53.0,53,2.614460359405095,3.0,,
266635.52617204457,2,54.0,53,6.246147402628408,3.0,,
266757.47382795543,3,54.0,54,0.11620603942164144,3.0,,
267449.953153497,0,54.0,54,0.9864012241753463,3.0,,
268097.43276859465,1,54.0,54,1.8000481050312942,3.0,,
268745.52144858567,4,54.0,54,2.614460359405095,3.0,,
271634.76294775185,2,55.0,54,6.245188306695986,3.0,,
271758.23705224815,3,55.0,55,0.11716513535406302,3.0,,
272449.953153497,0,55.0,55,0.9864012241753463,3.0,,
273097.43276859465,1,55.0,55,1.8000481050312942,3.0,,
273745.52144858567,4,55.0,55,2.614460359405095,3.0,,
276633.9902463052,2,56.0,55,6.244217301420681,3.0,,
276759.0097536948,3,56.0,56,0.11813614062936797,3.0,,
277449.953153497,0,56.0,56,0.9864012241753463,3.0,,
278097.43276859465,1,56.0,56,1.8000481050312942,3.0,,
278745.52144858567,4,56.0,56,2.614460359405095,3.0,,
281633.2079529207,2,57.0,56,6.243234242560819,3.0,,
281759.7920470793,3,57.0,57,0.11911919948923082,3.0,,
282449.953153497,0,57.0,57,0.9864012241753463,3.0,,
283097.43276859465,1,57.0,57,1.8000481050312942,3.0,,
283745.52144858567,4,57.0,57,2.614460359405095,3.0,,
286632.41595153447,2,58.0,57,6.242238984266171,3.0,,
286760.58404846553,3,58.0,58,0.12011445778387768,3.0,,
287449.953153497,0,58.0,58,0.9864012241753463,3.0,,
288097.43276859465,1,58.0,58,1.8000481050312942,3.0,,
288745.52144858567,4,58.0,58,2.614460359405095,3.0,,
291631.61412479234,2,59.0,58,6.241231379065162,3.0,,
291761.38587520766,3,59.0,59,0.12112206298488673,3.0,,
292449.953153497,0,59.0,59,0.9864012241753463,3.0,,
293097.43276859465,1,59.0,59,1.8000481050312942,3.0,,
293745.52144858567,4,59.0,59,2.614460359405095,3.0,,
296630.8023540401,2,60.0,59,6.2402112778525,3.0,,
296762.1976459599,3,60.0,60,0.12214216419754996,3.0,,
297449.953153497,0,60.0,60,0.9864012241753463,3.0,,
298097.43276859465,1,60.0,60,1.8000481050312942,3.0,,
298745.52144858567,4,60.0,60,2.614460359405095,3.0,,
301629.98051931354,2,61.0,60,6.2391785298767415,3.0,,
301763.01948068646,3,61.0,61,0.12317491217330793,3.0,,
302449.953153497,0,61.0,61,0.9864012241753463,3.0,,
303097.43276859465,1,61.0,61,1.8000481050312942,3.0,,
303745.52144858567,4,61.0,61,2.614460359405095,3.0,,
306629.14849932893,2,62.0,61,6.23813298272823,3.0,,
306763.85150067107,3,62.0,62,0.12422045932181881,3.0,,
307449.953153497,0,62.0,62,0.9864012241753463,3.0,,
308097.43276859465,1,62.0,62,1.8000481050312942,3.0,,
308745.52144858567,4,62.0,62,2.614460359405095,3.0,,
311628.3061714731,2,63.0,62,6.2370744823267295,3.0,,
311764.6938285269,3,63.0,63,0.12527895972332012,3.0,,
312449.953153497,0,63.0,63,0.9864012241753463,3.0,,
313097.43276859465,1,63.0,63,1.8000481050312942,3.0,,
313745.52144858567,4,63.0,63,2.614460359405095,3.0,,
316627.4534117944,2,64.0,63,6.236002872909936,3.0,,
316765.5465882056,3,64.0,64,0.12635056914011256,3.0,,
317449.953153497,0,64.0,64,0.9864012241753463,3.0,,
318097.43276859465,1,64.0,64,1.8000481050312942,3.0,,
318745.52144858567,4,64.0,64,2.614460359405095,3.0,,
321626.59009499295,2,65.0,64,6.234917997021493,3.0,,
321766.40990500705,3,65.0,65,0.1274354450285559,3.0,,
322449.953153497,0,65.0,65,0.9864012241753463,3.0,,
323097.43276859465,1,65.0,65,1.8000481050312942,3.0,,
323745.52144858567,4,65.0,65,2.614460359405095,3.0,,
326625.7160944118,2,66.0,65,6.233819695499496,3.0,,
326767.2839055882,3,66.0,66,0.12853374655055305,3.0,,
327449.953153497,0,66.0,66,0.9864012241753463,3.0,,
328097.43276859465,1,66.0,66,1.8000481050312942,3.0,,
328745.52144858567,4,66.0,66,2.614460359405095,3.0,,
331624.8312820278,2,67.0,66,6.23270780746538,3.0,,
331768.1687179722,3,67.0,67,0.1296456345846681,3.0,,
332449.953153497,0,67.0,67,0.9864012241753463,3.0,,
333097.43276859465,1,67.0,67,1.8000481050312942,3.0,,
333745.52144858567,4,67.0,67,2.614460359405095,3.0,,
336623.93552844296,2,68.0,67,6.231582170312731,3.0,,
336769.06447155704,3,68.0,68,0.13077127173731773,3.0,,
337449.953153497,0,68.0,68,0.9864012241753463,3.0,,
338097.43276859465,1,68.0,68,1.8000481050312942,3.0,,
338745.52144858567,4,68.0,68,2.614460359405095,3.0,,
341623.0287028755,2,69.0,68,6.23044261969638,3.0,,
341769.9712971245,3,69.0,69,0.13191082235366977,3.0,,
342449.953153497,0,69.0,69,0.9864012241753463,3.0,,
343097.43276859465,1,69.0,69,1.8000481050312942,3.0,,
343745.52144858567,4,69.0,69,2.614460359405095,3.0,,
346622.11067315174,2,70.0,69,6.2292889895220185,3.0,,
346770.88932684826,3,70.0,70,0.13306445252803026,3.0,,
347449.953153497,0,70.0,70,0.9864012241753463,3.0,,
348097.43276859465,1,70.0,70,1.8000481050312942,3.0,,
348745.52144858567,4,70.0,70,2.614460359405095,3.0,,
351621.1813056978,2,71.0,70,6.228121111935746,3.0,,
351771.8186943022,3,71.0,71,0.13423233011430288,3.0,,
352449.953153497,0,71.0,71,0.9864012241753463,3.0,,
353097.43276859465,1,71.0,71,1.8000481050312942,3.0,,
353745.52144858567,4,71.0,71,2.614460359405095,3.0,,
356620.2404655317,2,72.0,71,6.226938817314112,3.0,,
356772.7595344683,3,72.0,72,0.1354146247359372,3.0,,
357449.953153497,0,72.0,72,0.9864012241753463,3.0,,
358097.43276859465,1,72.0,72,1.8000481050312942,3.0,,
358745.52144858567,4,72.0,72,2.614460359405095,3.0,,
361619.2880162555,2,73.0,72,6.225741934254465,3.0,,
361773.7119837445,3,73.0,73,0.13661150779558368,3.0,,
362449.953153497,0,73.0,73,0.9864012241753463,3.0,,
363097.43276859465,1,73.0,73,1.8000481050312942,3.0,,
363745.52144858567,4,73.0,73,2.614460359405095,3.0,,
366618.323820048,2,74.0,73,6.224530289565665,3.0,,
366774.676179952,3,74.0,74,0.13782315248438326,3.0,,
367449.953153497,0,74.0,74,0.9864012241753463,3.0,,
368097.43276859465,1,74.0,74,1.8000481050312942,3.0,,
368745.52144858567,4,74.0,74,2.614460359405095,3.0,,
371617.3477376576,2,75.0,74,6.223303708258865,3.0,,
371775.6522623424,3,75.0,75,0.1390497337911838,3.0,,
372449.953153497,0,75.0,75,0.9864012241753463,3.0,,
373097.43276859465,1,75.0,75,1.8000481050312942,3.0,,
373745.52144858567,4,75.0,75,2.614460359405095,3.0,,
376616.3596283953,2,76.0,75,6.222062013539097,3.0,,
376776.6403716047,3,76.0,76,0.14029142851095178,3.0,,
377449.953153497,0,76.0,76,0.9864012241753463,3.0,,
378097.43276859465,1,76.0,76,1.8000481050312942,3.0,,
378745.52144858567,4,76.0,76,2.614460359405095,3.0,,
381615.3593501282,2,77.0,76,6.220805026796938,3.0,,
381777.6406498718,3,77.0,77,0.14154841525311102,3.0,,
382449.953153497,0,77.0,77,0.9864012241753463,3.0,,
383097.43276859465,1,77.0,77,1.8000481050312942,3.0,,
383745.52144858567,4,77.0,77,2.614460359405095,3.0,,
386614.3467592733,2,78.0,77,6.219532567600607,3.0,,
386778.6532407267,3,78.0,78,0.14282087444944233,3.0,,
387449.953153497,0,78.0,78,0.9864012241753463,3.0,,
388097.43276859465,1,78.0,78,1.8000481050312942,3.0,,
388745.52144858567,4,78.0,78,2.614460359405095,3.0,,
391613.32171079156,2,79.0,78,6.2182444536886505,3.0,,
391779.67828920844,3,79.0,79,0.1441089883613983,3.0,,
392449.953153497,0,79.0,79,0.9864012241753463,3.0,,
393097.43276859465,1,79.0,79,1.8000481050312942,3.0,,
393745.52144858567,4,79.0,79,2.614460359405095,3.0,,
396612.2840581823,2,80.0,79,6.2169405009629966,3.0,,
396780.7159418177,3,80.0,80,0.14541294108705183,3.0,,
397449.953153497,0,80.0,80,0.9864012241753463,3.0,,
398097.43276859465,1,80.0,80,1.8000481050312942,3.0,,
398745.52144858567,4,80.0,80,2.614460359405095,3.0,,
401611.23365347844,2,81.0,80,6.215620523482589,3.0,,
401781.76634652156,3,81.0,81,0.14673291856746015,3.0,,
402449.953153497,0,81.0,81,0.9864012241753463,3.0,,
403097.43276859465,1,81.0,81,1.8000481050312942,3.0,,
403745.52144858567,4,81.0,81,2.614460359405095,3.0,,
406610.1703472413,2,82.0,81,6.2142843334573135,3.0,,
406782.8296527587,3,82.0,82,0.14806910859273575,3.0,,
407449.953153497,0,82.0,82,0.9864012241753463,3.0,,
408097.43276859465,1,82.0,82,1.8000481050312942,3.0,,
408745.52144858567,4,82.0,82,2.614460359405095,3.0,,
411609.09398855653,2,83.0,82,6.212931741242663,3.0,,
411783.90601144347,3,83.0,83,0.1494217008073861,3.0,,
412449.953153497,0,83.0,83,0.9864012241753463,3.0,,
413097.43276859465,1,83.0,83,1.8000481050312942,3.0,,
413745.52144858567,4,83.0,83,2.614460359405095,3.0,,
416608.00442503043,2,84.0,83,6.211562555334981,3.0,,
416784.99557496957,3,84.0,84,0.15079088671506807,3.0,,
417449.953153497,0,84.0,84,0.9864012241753463,3.0,,
418097.43276859465,1,84.0,84,1.8000481050312942,3.0,,
418745.52144858567,4,84.0,84,2.614460359405095,3.0,,
421606.9015027862,2,85.0,84,6.210176582367,3.0,,
421786.0984972138,3,85.0,85,0.15217685968304995,3.0,,
422449.953153497,0,85.0,85,0.9864012241753463,3.0,,
423097.43276859465,1,85.0,85,1.8000481050312942,3.0,,
423745.52144858567,4,85.0,85,2.614460359405095,3.0,,
426605.7850664614,2,86.0,85,6.208773627104546,3.0,,
426787.2149335386,3,86.0,86,0.15357981494550282,3.0,,
427449.953153497,0,86.0,86,0.9864012241753463,3.0,,
428097.43276859465,1,86.0,86,1.8000481050312942,3.0,,
428745.52144858567,4,86.0,86,2.614460359405095,3.0,,
431604.65495920536,2,87.0,86,6.2073534924431835,3.0,,
431788.34504079464,3,87.0,87,0.15499994960686544,3.0,,
432449.953153497,0,87.0,87,0.9864012241753463,3.0,,
433097.43276859465,1,87.0,87,1.8000481050312942,3.0,,
433745.52144858567,4,87.0,87,2.614460359405095,3.0,,
436603.5110226775,2,88.0,87,6.205915979406376,3.0,,
436789.4889773225,3,88.0,88,0.15643746264367292,3.0,,
437449.953153497,0,88.0,88,0.9864012241753463,3.0,,
438097.43276859465,1,88.0,88,1.8000481050312942,3.0,,
438745.52144858567,4,88.0,88,2.614460359405095,3.0,,
441602.353097046,2,89.0,88,6.204460887143444,3.0,,
441790.646902954,3,89.0,89,0.15789255490660456,3.0,,
442449.953153497,0,89.0,89,0.9864012241753463,3.0,,
443097.43276859465,1,89.0,89,1.8000481050312942,3.0,,
443745.52144858567,4,89.0,89,2.614460359405095,3.0,,
446601.1810209873,2,90.0,89,6.2029880129291985,3.0,,
446791.8189790127,3,90.0,90,0.15936542912084983,3.0,,
447449.953153497,0,90.0,90,0.9864012241753463,3.0,,
448097.43276859465,1,90.0,90,1.8000481050312942,3.0,,
448745.52144858567,4,90.0,90,2.614460359405095,3.0,,
451599.99463168567,2,91.0,90,6.201497152163501,3.0,,
451793.00536831433,3,91.0,91,0.16085628988654718,3.0,,
452449.953153497,0,91.0,91,0.9864012241753463,3.0,,
453097.43276859465,1,91.0,91,1.8000481050312942,3.0,,
453745.52144858567,4,91.0,91,2.614460359405095,3.0,,
456598.7937648344,2,92.0,91,6.199988098372363,3.0,,
456794.2062351656,3,92.0,92,0.1623653436776868,3.0,,
457449.953153497,0,92.0,92,0.9864012241753463,3.0,,
458097.43276859465,1,92.0,92,1.8000481050312942,3.0,,
458745.52144858567,4,92.0,92,2.614460359405095,3.0,,
461597.57825463667,2,93.0,92,6.198460643209328,3.0,,
461795.42174536333,3,93.0,93,0.16389279884072083,3.0,,
462449.953153497,0,93.0,93,0.9864012241753463,3.0,,
463097.43276859465,1,93.0,93,1.8000481050312942,3.0,,
463745.52144858567,4,93.0,93,2.614460359405095,3.0,,
466596.34793380776,2,94.0,93,6.196914576458266,3.0,,
466796.65206619224,3,94.0,94,0.16543886559178392,3.0,,
467449.953153497,0,94.0,94,0.9864012241753463,3.0,,
468097.43276859465,1,94.0,94,1.8000481050312942,3.0,,
468745.52144858567,4,94.0,94,2.614460359405095,3.0,,
471595.1026335777,2,95.0,94,6.1953496860365735,3.0,,
471797.8973664223,3,95.0,95,0.16700375601347472,3.0,,
472449.953153497,0,95.0,95,0.9864012241753463,3.0,,
473097.43276859465,1,95.0,95,1.8000481050312942,3.0,,
473745.52144858567,4,95.0,95,2.614460359405095,3.0,,
476593.84218369494,2,96.0,95,6.193765757999802,3.0,,
476799.15781630506,3,96.0,96,0.16858768405024777,3.0,,
477449.953153497,0,96.0,96,0.9864012241753463,3.0,,
478097.43276859465,1,96.0,96,1.8000481050312942,3.0,,
478745.52144858567,4,96.0,96,2.614460359405095,3.0,,
481592.56641243055,2,97.0,96,6.192162576547048,3.0,,
481800.43358756945,3,97.0,97,0.17019086550300058,3.0,,
482449.953153497,0,97.0,97,0.9864012241753463,3.0,,
483097.43276859465,1,97.0,97,1.8000481050312942,3.0,,
483745.52144858567,4,97.0,97,2.614460359405095,3.0,,
486591.2751465834,2,98.0,97,6.190539924027339,3.0,,
486801.7248534166,3,98.0,98,0.17181351802271005,3.0,,
487449.953153497,0,98.0,98,0.9864012241753463,3.0,,
488097.43276859465,1,98.0,98,1.8000481050312942,3.0,,
488745.52144858567,4,98.0,98,2.614460359405095,3.0,,
491589.9682114863,2,99.0,98,6.188897580947443,3.0,,
491803.0317885137,3,99.0,99,0.17345586110260583,3.0,,
492449.953153497,0,99.0,99,0.9864012241753463,3.0,,
493097.43276859465,1,99.0,99,1.8000481050312942,3.0,,
493745.52144858567,4,99.0,99,2.614460359405095,3.0,,
496588.645431013,2,100.0,99,6.187235325980583,3.0,,
496804.354568987,3,100.0,100,0.1751181160694659,3.0,,
497449.953153497,0,100.0,100,0.9864012241753463,3.0,,
498097.43276859465,1,100.0,100,1.8000481050312942,3.0,,
498745.52144858567,4,100.0,100,2.614460359405095,3.0,,
501587.30662758596,2,101.0,100,6.185552935976161,3.0,,
501805.69337241404,3,101.0,101,0.17680050607388825,3.0,,
502449.953153497,0,101.0,101,0.9864012241753463,3.0,,
503097.43276859465,1,101.0,101,1.8000481050312942,3.0,,
503745.52144858567,4,101.0,101,2.614460359405095,3.0,,
506585.95162218536,2,102.0,101,6.183850185971315,3.0,,
506807.04837781464,3,102.0,102,0.1785032560787338,3.0,,
507453.573212559,0,102.0,102,0.9909503245572047,3.0,,
508097.43276859465,1,102.0,102,1.8000481050312942,3.0,,
508745.52144858567,4,102.0,102,2.614460359405095,3.0,,
511584.580234359,2,103.0,102,6.182126849203138,3.0,,
511808.419765641,3,103.0,103,0.18022659284691092,3.0,,
512453.573212559,0,103.0,103,0.9909503245572047,3.0,,
513101.05109259824,1,103.0,103,1.8045950250744882,3.0,,
513745.52144858567,4,103.0,103,2.614460359405095,3.0,,
516583.1922822334,2,104.0,103,6.180382697122571,3.0,,
516809.8077177666,3,104.0,104,0.18197074492747792,3.0,,
517457.1971425416,0,104.0,104,0.9955042892813856,3.0,,
518101.05109259824,1,104.0,104,1.8045950250744882,3.0,,
518749.1424201658,4,104.0,104,2.6190106064911203,3.0,,
521581.78758252563,2,105.0,104,6.17861749940962,3.0,,
521811.21241747437,3,105.0,105,0.18373594264042858,3.0,,
522457.1971425416,0,105.0,105,0.9955042892813856,3.0,,
523104.6693922923,1,105.0,105,1.8091419145693926,3.0,,
523749.1424201658,4,105.0,105,2.6190106064911203,3.0,,
526580.365950557,2,106.0,105,6.1768310239901805,3.0,,
526812.634049443,3,106.0,106,0.18552241805986855,3.0,,
527457.1971425416,0,106.0,106,0.9955042892814586,3.0,,
528104.6693922923,1,106.0,106,1.8091419145693926,3.0,,
528752.7634033229,4,106.0,106,2.623560868125135,3.0,,
531578.9272002672,2,107.0,106,6.175023037053808,3.0,,
531814.0727997328,3,107.0,107,0.18733040499624096,3.0,,
532460.818515914,0,107.0,107,1.000055041274495,3.0,,
533104.6693922923,1,107.0,107,1.8091419145693926,3.0,,
533752.7634033229,4,107.0,107,2.623560868125135,3.0,,
536577.4711442301,2,108.0,107,6.173193303074057,3.0,,
536815.5288557699,3,108.0,108,0.1891601389759919,3.0,,
537460.818515914,0,108.0,108,1.000055041274495,3.0,,
538108.2876786576,1,108.0,108,1.8136887873149092,3.0,,
538752.7634033229,4,108.0,108,2.623560868125135,3.0,,
541575.9975936706,2,109.0,108,6.171341584829106,3.0,,
541817.0024063294,3,109.0,109,0.19101185722094313,3.0,,
542464.443035504,0,109.0,109,1.0046097469211133,3.0,,
543108.2876786576,1,109.0,109,1.8136887873149092,3.0,,
543756.3843981647,4,109.0,109,2.6281111444426046,3.0,,
546574.5063584835,2,110.0,109,6.169467643425602,3.0,,
546818.4936415165,3,110.0,110,0.19288579862444669,3.0,,
547464.443035504,0,110.0,110,1.0046097469211133,3.0,,
548111.9059379931,1,110.0,110,1.8182356260938086,3.0,,
548756.3843981647,4,110.0,110,2.6281111444426046,3.0,,
551572.9972472524,2,111.0,110,6.167571238322803,3.0,,
551820.0027527476,3,111.0,111,0.19478220372724667,3.0,,
552464.443035504,0,111.0,111,1.0046097469211133,3.0,,
553111.9059379931,1,111.0,111,1.8182356260938086,3.0,,
553760.005404859,4,111.0,111,2.6326614356543354,3.0,,
556571.4700672715,2,112.0,111,6.165652127359341,3.0,,
556821.5299327285,3,112.0,112,0.19670131469070767,3.0,,
557468.0638767785,0,112.0,112,1.0091598302602314,3.0,,
558111.9059379931,1,112.0,112,1.8182356260938086,3.0,,
558760.005404859,4,112.0,112,2.6326614356543354,3.0,,
561569.9246245681,2,113.0,112,6.163710066781907,3.0,,
561823.0753754319,3,113.0,113,0.198643375268142,3.0,,
562468.0638767785,0,113.0,113,1.0091598302602314,3.0,,
563115.5241861321,1,113.0,113,1.822782450802801,3.0,,
563760.005404859,4,113.0,113,2.6326614356543354,3.0,,
566568.3607239266,2,114.0,113,6.161744811275375,3.0,,
566824.6392760734,3,114.0,114,0.20060863077467303,3.0,,
567471.6870926418,0,114.0,114,1.0137128975957181,3.0,,
568115.5241861321,1,114.0,114,1.822782450802801,3.0,,
568763.6264235055,4,114.0,114,2.6372117418857,3.0,,
571566.7781689143,2,115.0,114,6.159756113995144,3.0,,
571826.2218310857,3,115.0,115,0.2025973280549052,3.0,,
572471.6870926418,0,115.0,115,1.0137128975957181,3.0,,
573119.1424127289,1,115.0,115,1.827329248440933,3.0,,
573763.6264235055,4,115.0,115,2.6372117418857,3.0,,
576565.176761909,2,116.0,115,6.157743726601943,3.0,,
576827.823238091,3,116.0,116,0.20460971544810624,3.0,,
577475.3123721767,0,116.0,116,1.0182685582172644,3.0,,
578119.1424127289,1,116.0,116,1.827329248440933,3.0,,
578767.2474542494,4,116.0,116,2.6417620633191246,3.0,,
581563.5563041281,2,117.0,116,6.155707399297976,3.0,,
581829.4436958719,3,117.0,117,0.2066460427520732,3.0,,
582475.3123721767,0,117.0,117,1.0182685582172644,3.0,,
583122.7606087405,1,117.0,117,1.831876007644696,3.0,,
583767.2474542494,4,117.0,117,2.6417620633191246,3.0,,
586561.9165956593,2,118.0,117,6.153646880866123,3.0,,
586831.0834043407,3,118.0,118,0.20870656118392636,3.0,,
587475.3123721767,0,118.0,118,1.0182685582172644,3.0,,
588122.7606087405,1,118.0,118,1.831876007644696,3.0,,
588770.8684972756,4,118.0,118,2.6463124001869196,3.0,,
591560.2574354934,2,119.0,118,6.1515619187107555,3.0,,
591832.7425645066,3,119.0,119,0.21079152333929355,3.0,,
592478.9322976894,0,119.0,119,1.0228174907761598,3.0,,
593122.7606087405,1,119.0,119,1.831876007644696,3.0,,
593770.8684972756,4,119.0,119,2.6463124001869196,3.0,,
596558.578621559,2,120.0,119,6.14945225890148,3.0,,
596834.421378441,3,120.0,120,0.21290118314856912,3.0,,
597478.9322976894,0,120.0,120,1.0228174907761598,3.0,,
598126.3787972521,1,120.0,120,1.8364227574236094,3.0,,
598770.8684972756,4,120.0,120,2.6463124001869196,3.0,,
601556.8799507588,2,121.0,120,6.147317646218778,3.0,,
601836.1200492412,3,121.0,121,0.21503579583127094,3.0,,
602482.5534450198,0,121.0,121,1.027367958716441,3.0,,
603126.3787972521,1,121.0,121,1.8364227574236094,3.0,,
603774.4895526697,4,121.0,121,2.65086275259661,3.0,,
606555.1612190085,2,122.0,121,6.145157824202724,3.0,,
606837.8387809915,3,122.0,122,0.21719561784732497,3.0,,
607482.5534450198,0,122.0,122,1.027367958716441,3.0,,
608129.9969729327,1,122.0,122,1.8409694910786787,3.0,,
608774.4895526697,4,122.0,122,2.65086275259661,3.0,,
611553.422221277,2,123.0,122,6.1429725352036,3.0,,
611839.577778723,3,123.0,123,0.21938090684644845,3.0,,
612486.1754749817,0,123.0,123,1.031919535804198,3.0,,
613129.9969729327,1,123.0,123,1.8409694910786787,3.0,,
613778.1106205408,4,123.0,123,2.655413120685418,3.0,,
616551.6627516295,2,124.0,123,6.140761520436027,3.0,,
616841.3372483705,3,124.0,124,0.22159192161402202,3.0,,
617486.1754749817,0,124.0,124,1.031919535804198,3.0,,
618133.615131899,1,124.0,124,1.8455162037299015,3.0,,
618778.1106205408,4,124.0,124,2.655413120685418,3.0,,
621549.882603272,2,125.0,124,6.138524520035135,3.0,,
621843.117396728,3,125.0,125,0.22382892201491353,3.0,,
622489.7980401065,0,125.0,125,1.0364717853975904,3.0,,
623133.615131899,1,125.0,125,1.8455162037299015,3.0,,
623781.7317010154,4,125.0,125,2.6599635046122154,3.0,,
626548.0815685989,2,126.0,125,6.136261273115966,3.0,,
626844.9184314011,3,126.0,126,0.2260921689340836,3.0,,
627489.7980401065,0,126.0,126,1.0364717853975904,3.0,,
628137.2332717576,1,126.0,126,1.8500628923696647,3.0,,
628781.7317010154,4,126.0,126,2.6599635046122154,3.0,,
631546.2594392422,2,127.0,126,6.133971517835637,3.0,,
631846.7405607578,3,127.0,127,0.22838192421441164,3.0,,
632493.4207844422,0,127.0,127,1.0410242601939086,3.0,,
633137.2332717576,1,127.0,127,1.8500628923696647,3.0,,
633785.3527942308,4,127.0,127,2.6645139045496276,3.0,,
636544.4160061236,2,128.0,127,6.1316549914586,3.0,,
636848.5839938764,3,128.0,128,0.23069845059144956,3.0,,
637493.4207844422,0,128.0,128,1.0410242601939086,3.0,,
638140.8513916484,1,128.0,128,1.8546095559171645,3.0,,
638785.3527942308,4,128.0,128,2.6645139045496276,3.0,,
641542.5510595092,2,129.0,128,6.129311430425238,3.0,,
641850.4489404908,3,129.0,129,0.23304201162481114,3.0,,
642497.0433433478,0,129.0,129,1.0455765019719538,3.0,,
643140.8513916484,1,129.0,129,1.8546095559171645,3.0,,
643788.9739003287,4,129.0,129,2.669064320675691,3.0,,
646540.6643890655,2,130.0,129,6.126940570422975,3.0,,
646852.3356109345,3,130.0,130,0.23541287162707408,3.0,,
647497.0433433478,0,130.0,130,1.0455765019719538,3.0,,
648144.4694922889,1,130.0,130,1.8591561952739972,3.0,,
648788.9739003287,4,130.0,130,2.669064320675691,3.0,,
651538.7557839198,2,131.0,130,6.124542146461317,3.0,,
651854.2442160802,3,131.0,131,0.23781129558873226,3.0,,
652500.6653432855,0,131.0,131,1.050128041330176,3.0,,
653144.4694922889,1,131.0,131,1.8591561952739972,3.0,,
653792.5950194483,4,131.0,131,2.673614753165225,3.0,,
656536.8250327224,2,132.0,131,6.122115892950266,3.0,,
656856.1749672776,3,132.0,132,0.24023754909978348,3.0,,
657500.6653432855,0,132.0,132,1.050128041330176,3.0,,
658148.0875760195,1,132.0,132,1.8637028133812135,3.0,,
658792.5950194483,4,132.0,132,2.673614753165225,3.0,,
661534.8719237108,2,133.0,132,6.119661543781219,3.0,,
661858.1280762892,3,133.0,133,0.2426918982688299,3.0,,
662504.2864016085,0,133.0,133,1.054678397420422,3.0,,
663148.0875760195,1,133.0,133,1.8637028133812135,3.0,,
663796.2161517192,4,133.0,133,2.6781652021811975,3.0,,
666532.8962447783,2,134.0,133,6.117178832413137,3.0,,
666860.1037552217,3,134.0,134,0.2451746096369123,3.0,,
667504.2864016085,0,134.0,134,1.054678397420422,3.0,,
668151.7056468502,1,134.0,134,1.8682494152779803,3.0,,
668796.2161517192,4,134.0,134,2.6781652021811975,3.0,,
671530.8977835443,2,135.0,134,6.114667491960606,3.0,,
671862.1022164557,3,135.0,135,0.24768595008944244,3.0,,
672507.9061263468,0,135.0,135,1.0592270776787602,3.0,,
673151.7056468502,1,135.0,135,1.8682494152779803,3.0,,
673799.8372972542,4,135.0,135,2.6827156678653665,3.0,,
676528.8763274279,2,136.0,135,6.112127255286741,3.0,,
676864.1236725721,3,136.0,136,0.2502261867633076,3.0,,
677507.9061263468,0,136.0,136,1.0592270776787602,3.0,,
678155.3237105084,1,136.0,136,1.872796008161563,3.0,,
678799.8372972542,4,136.0,136,2.6827156678653665,3.0,,
681526.831663725,2,137.0,136,6.109557855099438,3.0,,
681866.168336275,3,137.0,137,0.2527955869506107,3.0,,
682511.524115991,0,137.0,137,1.0637735775535222,3.0,,
683155.3237105084,1,137.0,137,1.872796008161563,3.0,,
683803.4584561419,4,137.0,137,2.687266150328913,3.0,,
686524.7635796875,2,138.0,137,6.106959024051735,3.0,,
686868.2364203125,3,138.0,138,0.2553944179983142,3.0,,
687515.1489217454,0,138.0,138,1.0683286428050072,3.0,,
688158.9417744876,1,138.0,138,1.8773426014484722,3.0,,
688803.4584561419,4,138.0,138,2.687266150328913,3.0,,
691522.6718626069,2,139.0,138,6.104330494846262,3.0,,
691870.3281373931,3,139.0,139,0.25802294720378743,3.0,,
692515.1489217454,0,139.0,139,1.0683286428050072,3.0,,
693162.5598092297,1,139.0,139,1.8818891579949253,3.0,,
693807.0796284385,4,139.0,139,2.6918166496426426,3.0,,
696520.5562999004,2,140.0,139,6.101672000343498,3.0,,
696872.4437000996,3,140.0,140,0.26068144170655094,3.0,,
697518.7714113311,0,140.0,140,1.0728807974731567,3.0,,
698162.5598092297,1,140.0,140,1.8818891579949253,3.0,,
698810.7008143289,4,140.0,140,2.696367166038867,3.0,,
701518.4166792004,2,141.0,140,6.098983273674418,3.0,,
701874.5833207996,3,141.0,141,0.2633701683756319,3.0,,
702518.7714113311,0,141.0,141,1.0728807974731567,3.0,,
703166.1778246522,1,141.0,141,1.8864356902636679,3.0,,
703810.7008143289,4,141.0,141,2.696367166038867,3.0,,
706516.2527884474,2,142.0,141,6.096264048357373,3.0,,
706876.7472115526,3,142.0,142,0.2660893936926765,3.0,,
707522.391159667,0,142.0,142,1.0774295073851368,3.0,,
708166.1778246522,1,142.0,142,1.8864356902636679,3.0,,
708814.3220139554,4,142.0,142,2.7009176996965003,3.0,,
711514.064415987,2,143.0,142,6.093514058419374,3.0,,
711878.935584013,3,143.0,143,0.26883938363067444,3.0,,
712522.391159667,0,143.0,143,1.0774295073851368,3.0,,
713169.7958325595,1,143.0,143,1.8909822130885423,3.0,,
713814.3220139554,4,143.0,143,2.7009176996965003,3.0,,
716511.8513506695,2,144.0,143,6.090733038522048,3.0,,
716881.1486493305,3,144.0,144,0.27162040352800165,3.0,,
717526.0077314039,0,144.0,144,1.0819742254650309,3.0,,
718169.7958325595,1,144.0,144,1.8909822130885423,3.0,,
718817.9432274103,4,144.0,144,2.70546825073126,3.0,,
721509.6133819537,2,145.0,144,6.08792072409139,3.0,,
721883.3866180463,3,145.0,145,0.27443271795865914,3.0,,
722529.6303868474,0,145.0,145,1.086526588556143,3.0,,
723173.4138466951,1,145.0,145,1.895528743740175,3.0,,
723817.9432274103,4,145.0,145,2.70546825073126,3.0,,
726507.3503000145,2,146.0,145,6.085076851453534,3.0,,
726885.6496999855,3,146.0,146,0.2772765905965147,3.0,,
727529.6303868474,0,146.0,146,1.086526588556143,3.0,,
728177.0318407024,1,146.0,146,1.9000752490978081,3.0,,
728821.5644547264,4,146.0,146,2.710018819184546,3.0,,
731505.0618958537,2,147.0,146,6.082201157973577,3.0,,
731887.9381041463,3,147.0,147,0.2801522840764715,3.0,,
732533.2492360749,0,147.0,147,1.09107416861509,3.0,,
733177.0318407024,1,147.0,147,1.9000752490978081,3.0,,
733825.1856960508,4,147.0,147,2.7145694052411256,3.0,,
736502.7479614153,2,148.0,147,6.0792933822005555,3.0,,
736890.2520385847,3,148.0,148,0.2830600598494932,3.0,,
737536.873848597,0,148.0,148,1.095628991043825,3.0,,
738180.6498310008,1,148.0,148,1.9046217497947298,3.0,,
738825.1856960508,4,148.0,148,2.7145694052411256,3.0,,
741500.4082897041,2,149.0,148,6.076353264016663,3.0,,
741892.5917102959,3,149.0,149,0.286000178033386,3.0,,
742536.873848597,0,149.0,149,1.095628991043825,3.0,,
743184.26779258,1,149.0,149,1.9091682144019022,3.0,,
743828.8069514602,4,149.0,149,2.719120008997551,3.0,,
746498.0426749086,2,150.0,149,6.073380544791587,3.0,,
746894.9573250914,3,150.0,150,0.28897289725846137,3.0,,
747540.4940045552,0,150.0,150,1.1001782131889635,3.0,,
748184.26779258,1,150.0,150,1.9091682144019022,3.0,,
748832.42822114,4,150.0,150,2.7236706306867187,3.0,,
751495.6509125279,2,151.0,150,6.070374967541825,3.0,,
751897.3490874721,3,151.0,151,0.2919784745082236,3.0,,
752544.1195931126,0,151.0,151,1.1047342621397733,3.0,,
753187.8857446423,1,151.0,151,1.9137146670500111,3.0,,
753832.42822114,4,151.0,151,2.7236706306867187,3.0,,
756493.2327995026,2,152.0,151,6.067336277095403,3.0,,
756899.7672004974,3,152.0,152,0.29501716495464575,3.0,,
757544.1195931126,0,152.0,152,1.1047342621397733,3.0,,
758191.5036635863,1,152.0,152,1.9182610780802956,3.0,,
758836.0495051934,4,152.0,152,2.728221270438097,3.0,,
761490.7881343495,2,153.0,152,6.064264220261285,3.0,,
761902.2118656505,3,153.0,153,0.2980892217887633,3.0,,
762547.7400535343,0,153.0,153,1.1092838668850955,3.0,,
763191.5036635863,1,153.0,153,1.9182610780802956,3.0,,
763839.6708038258,4,153.0,153,2.7327719285101835,3.0,,
766488.3167173013,2,154.0,153,6.061158546004194,3.0,,
766904.6832826987,3,154.0,154,0.30119489604585564,3.0,,
767551.3656053506,0,154.0,154,1.1138398696656255,3.0,,
768195.1215715082,1,154.0,154,1.9228074752598179,3.0,,
768839.6708038258,4,154.0,154,2.7327719285101835,3.0,,
771485.8183504494,2,155.0,154,6.058019005625127,3.0,,
771907.1816495506,3,155.0,155,0.30433443642492225,3.0,,
772551.3656053506,0,155.0,155,1.1138398696656255,3.0,,
773198.7394462791,1,155.0,155,1.9273538307805531,3.0,,
773843.2921171483,4,155.0,155,2.737322605042248,3.0,,
776483.2928378923,2,156.0,155,6.054845352946719,3.0,,
776909.7071621077,3,156.0,156,0.3075080891033305,3.0,,
777554.9853357646,0,156.0,156,1.1183885570562744,3.0,,
778198.7394462791,1,156.0,156,1.9273538307805531,3.0,,
778846.913445368,4,156.0,156,2.74187330029469,3.0,,
781480.7399858868,2,157.0,156,6.05163734450429,3.0,,
781912.2600141132,3,157.0,157,0.31071609754575874,3.0,,
782558.6098056387,0,157.0,157,1.1229432002280983,3.0,,
783202.3573130022,1,157.0,157,1.9319001761881363,3.0,,
783846.913445368,4,157.0,157,2.74187330029469,3.0,,
786478.1596030049,2,158.0,157,6.048394739742176,3.0,,
786914.8403969951,3,158.0,158,0.31395870230787293,3.0,,
787558.6098056387,0,158.0,158,1.1229432002280983,3.0,,
788205.9751510876,1,158.0,158,1.9364464856085193,3.0,,
788850.5347885841,4,158.0,158,2.746424014392297,3.0,,
791475.5515002941,2,159.0,158,6.045117301215751,3.0,,
791917.4484997059,3,159.0,159,0.31723614083429713,3.0,,
792562.2277387084,0,159.0,159,1.1274896290092842,3.0,,
793205.9751510876,1,159.0,159,1.9364464856085193,3.0,,
793854.1561469857,4,159.0,159,2.7509747475724993,3.0,,
796472.9154914425,2,160.0,159,6.041804794798584,3.0,,
796920.0845085575,3,160.0,160,0.3205486472514649,3.0,,
797565.8500483624,0,160.0,160,1.1320415575685225,3.0,,
798209.5929887611,1,160.0,160,1.9409927945113221,3.0,,
798854.1561469857,4,160.0,160,2.7509747475724993,3.0,,
801470.2513929484,2,161.0,160,6.038456989895577,3.0,,
801922.7486070516,3,161.0,161,0.32389645215447177,3.0,,
802565.8500483624,0,161.0,161,1.1320415575685225,3.0,,
803213.2108070396,1,161.0,161,1.9455390790416172,3.0,,
803857.7775206403,4,161.0,161,2.755525499920147,3.0,,
806467.5590242941,2,162.0,161,6.035073659661534,3.0,,
806925.4409757059,3,162.0,162,0.32727978238851524,3.0,,
807569.4650832734,0,162.0,162,1.136584344416028,3.0,,
808213.2108070396,1,162.0,162,1.9455390790416172,3.0,,
808861.3989096979,4,162.0,162,2.7600762716238108,3.0,,
811464.8382081243,2,163.0,162,6.031654581225126,3.0,,
811928.1617918757,3,163.0,163,0.3306988608249223,3.0,,
812573.0841207528,0,163.0,163,1.1411321610393614,3.0,,
813216.8286373896,1,163.0,163,1.9500853787413486,3.0,,
813861.3989096979,4,163.0,163,2.7600762716238108,3.0,,
816462.0887704283,2,164.0,163,6.028199535918286,3.0,,
816930.9112295717,3,164.0,164,0.33415390613176355,3.0,,
817576.7070500837,0,164.0,164,1.1456848683075527,3.0,,
818220.4464625042,1,164.0,164,1.954631671862191,3.0,,
818865.0203141728,4,164.0,164,2.764627062701483,3.0,,
821459.310540728,2,165.0,164,6.024708309511725,3.0,,
821933.689459272,3,165.0,165,0.3376451325383237,3.0,,
822576.7070500837,0,165.0,165,1.1456848683075527,3.0,,
823224.0642654818,1,165.0,165,1.9591779371647688,3.0,,
823868.6417341547,4,165.0,165,2.7691778732656633,3.0,,
826456.5033522687,2,166.0,165,6.021180692455305,3.0,,
826936.4966477313,3,166.0,166,0.3411727495947439,3.0,,
827580.3217210063,0,166.0,166,1.1502271977538248,3.0,,
828224.0642654818,1,166.0,166,1.9591779371647688,3.0,,
828872.2631698062,4,166.0,166,2.7737287035210136,3.0,,
831453.6670422152,2,167.0,166,6.017616480124382,3.0,,
831939.3329577848,3,167.0,167,0.34473696192566644,3.0,,
832583.9398954771,0,167.0,167,1.1547739298886295,3.0,,
833227.6820820431,1,167.0,167,1.9637242195372597,3.0,,
833872.2631698062,4,167.0,167,2.7737287035210136,3.0,,
836450.801451852,2,168.0,167,6.014015473070997,3.0,,
836942.198548148,3,168.0,168,0.3483379689790518,3.0,,
837587.5614587932,0,168.0,168,1.1593249205719651,3.0,,
838231.2998970522,1,168.0,168,1.9682704999590954,3.0,,
838875.8846211366,4,168.0,168,2.7782795534789444,3.0,,
841447.9064267877,2,169.0,168,6.010377477281491,3.0,,
841945.0935732123,3,169.0,169,0.35197596476855836,3.0,,
842591.1862954086,0,169.0,169,1.1638800246045307,3.0,,
843234.9176958048,1,169.0,169,1.9728167599524509,3.0,,
843879.5060882203,4,169.0,169,2.7828304232330825,3.0,,
846444.9818171641,2,170.0,169,6.006702304438222,3.0,,
846948.0181828359,3,170.0,170,0.3556511376118271,3.0,,
847591.1862954086,0,170.0,170,1.1638800246045307,3.0,,
848238.5354640337,1,170.0,170,1.9773629815885327,3.0,,
848883.1275711958,4,170.0,170,2.7873813129575153,3.0,,
851442.0274778686,2,171.0,170,6.002989772187429,3.0,,
851950.9725221314,3,171.0,171,0.3593636698626205,3.0,,
852594.8016197055,0,171.0,171,1.1684231751050898,3.0,,
853238.5354640337,1,171.0,171,1.9773629815885327,3.0,,
853886.7490702643,4,171.0,171,2.7919322229048893,3.0,,
856439.0432687514,2,172.0,171,5.999239704411621,3.0,,
856953.9567312486,3,172.0,172,0.3631137376384278,3.0,,
857598.419811628,0,172.0,172,1.172969929170207,3.0,,
858242.1532428622,1,172.0,172,1.9819092165444843,3.0,,
858886.7490702643,4,172.0,172,2.7919322229048893,3.0,,
861436.0290548464,2,173.0,172,5.995451931507539,3.0,,
861956.9709451536,3,173.0,173,0.3669015105425102,3.0,,
862602.0407516838,0,173.0,173,1.1775201366415815,3.0,,
863245.771019899,1,173.0,173,1.9864554492490045,3.0,,
863890.3705854494,4,173.0,173,2.796483153105047,3.0,,
866432.9847065964,2,174.0,173,5.991626290668638,3.0,,
866960.0152934036,3,174.0,174,0.37072715138141143,3.0,,
867605.6643195711,0,174.0,174,1.1820736463434531,3.0,,
868249.3887832176,1,174.0,174,1.9910016647146445,3.0,,
868893.9921168287,4,174.0,174,2.80103410365542,3.0,,
871429.9101000812,2,175.0,174,5.987762626172408,3.0,,
871963.0898999188,3,175.0,175,0.3745908158776409,3.0,,
872605.6643195711,0,175.0,175,1.1820736463434531,3.0,,
873253.0065213612,1,175.0,175,1.9955478485443885,3.0,,
873897.6136645316,4,175.0,175,2.805585074718683,3.0,,
876426.8051172505,2,176.0,175,5.983860789672228,3.0,,
876966.1948827495,3,176.0,176,0.37849265237782137,3.0,,
877609.277066057,0,176.0,176,1.186613557471155,3.0,,
878253.0065213612,1,176.0,176,1.9955478485443885,3.0,,
878901.2352287379,4,176.0,176,2.8101360665207116,3.0,,
881423.6696461595,2,177.0,176,5.9799206404941865,3.0,,
881969.3303538405,3,177.0,177,0.38243280155586257,3.0,,
882612.892017374,0,177.0,177,1.1911562392714872,3.0,,
883256.624281154,1,177.0,177,2.0000940595794345,3.0,,
883901.2352287379,4,177.0,177,2.8101360665207116,3.0,,
886420.5035812082,2,178.0,177,5.975942045937424,3.0,,
886972.4964187918,3,178.0,178,0.38641139611262476,3.0,,
887616.5090493578,0,178.0,178,1.1957015357147274,3.0,,
888260.2420531275,1,178.0,178,2.004640285921139,3.0,,
888904.8568094252,4,178.0,178,2.814687079033272,3.0,,
891417.3068233837,2,179.0,178,5.97192488157871,3.0,,
891975.6931766163,3,179.0,179,0.3904285604713385,3.0,,
892620.1280370794,0,179.0,179,1.200249289810455,3.0,,
893263.8598283103,1,179.0,179,2.009186516295816,3.0,,
893908.478406612,4,179.0,179,2.8192381122797703,3.0,,
896414.0792805059,2,180.0,179,5.967869031581119,3.0,,
896978.9207194941,3,180.0,180,0.39448441046892957,3.0,,
897623.7488548588,0,180.0,180,1.2047993436248141,3.0,,
898267.4775982343,1,180.0,180,2.013732740062053,3.0,,
898912.1000203558,4,180.0,180,2.8237891663324746,3.0,,
,,,1,,,0.0,cumulative_per
,,,2,,,0.0,cumulative_per
,,,3,,,0.0,cumulative_per
,,,4,,,0.0,cumulative_per
,,,5,,,0.0,cumulative_per
,,,6,,,0.0,cumulative_per
,,,7,,,0.0,cumulative_per
,,,8,,,0.0,cumulative_per
,,,9,,,0.0,cumulative_per
,,,10,,,0.0,cumulative_per
,,,11,,,0.0,cumulative_per
,,,12,,,0.0,cumulative_per
,,,13,,,0.0,cumulative_per
,,,14,,,0.0,cumulative_per
,,,15,,,0.0,cumulative_per
,,,16,,,0.0,cumulative_per
,,,17,,,0.0,cumulative_per
,,,18,,,0.0,cumulative_per
,,,19,,,0.0,cumulative_per
,,,20,,,0.0,cumulative_per
,,,21,,,0.0,cumulative_per
,,,22,,,0.0,cumulative_per
,,,23,,,0.0,cumulative_per
,,,24,,,0.0,cumulative_per
,,,25,,,0.0,cumulative_per
,,,26,,,0.0,cumulative_per
,,,27,,,0.0,cumulative_per
,,,28,,,0.0,cumulative_per
,,,29,,,0.0,cumulative_per
,,,30,,,0.0,cumulative_per
,,,31,,,0.0,cumulative_per
,,,32,,,0.0,cumulative_per
,,,33,,,0.0,cumulative_per
,,,34,,,0.0,cumulative_per
,,,35,,,0.0,cumulative_per
,,,36,,,0.0,cumulative_per
,,,37,,,0.0,cumulative_per
,,,38,,,0.0,cumulative_per
,,,39,,,0.0,cumulative_per
,,,40,,,0.0,cumulative_per
,,,41,,,0.0,cumulative_per
,,,42,,,0.0,cumulative_per
,,,43,,,0.0,cumulative_per
,,,44,,,0.0,cumulative_per
,,,45,,,0.0,cumulative_per
,,,46,,,0.0,cumulative_per
,,,47,,,0.0,cumulative_per
,,,48,,,0.0,cumulative_per
,,,49,,,0.0,cumulative_per
,,,50,,,0.0,cumulative_per
,,,51,,,0.0,cumulative_per
,,,52,,,0.0,cumulative_per
,,,53,,,0.0,cumulative_per
,,,54,,,0.0,cumulative_per
,,,55,,,0.0,cumulative_per
,,,56,,,0.0,cumulative_per
,,,57,,,0.0,cumulative_per
,,,58,,,0.0,cumulative_per
,,,59,,,0.0,cumulative_per
,,,60,,,0.0,cumulative_per
,,,61,,,0.0,cumulative_per
,,,62,,,0.0,cumulative_per
,,,63,,,0.0,cumulative_per
,,,64,,,0.0,cumulative_per
,,,65,,,0.0,cumulative_per
,,,66,,,0.0,cumulative_per
,,,67,,,0.0,cumulative_per
,,,68,,,0.0,cumulative_per
,,,69,,,0.0,cumulative_per
,,,70,,,0.0,cumulative_per
,,,71,,,0.0,cumulative_per
,,,72,,,0.0,cumulative_per
,,,73,,,0.0,cumulative_per
,,,74,,,0.0,cumulative_per
,,,75,,,0.0,cumulative_per
,,,76,,,0.0,cumulative_per
,,,77,,,0.0,cumulative_per
,,,78,,,0.0,cumulative_per
,,,79,,,0.0,cumulative_per
,,,80,,,0.0,cumulative_per
,,,81,,,0.0,cumulative_per
,,,82,,,0.0,cumulative_per
,,,83,,,0.0,cumulative_per
,,,84,,,0.0,cumulative_per
,,,85,,,0.0,cumulative_per
,,,86,,,0.0,cumulative_per
,,,87,,,0.0,cumulative_per
,,,88,,,0.0,cumulative_per
,,,89,,,0.0,cumulative_per
,,,90,,,0.0,cumulative_per
,,,91,,,0.0,cumulative_per
,,,92,,,0.0,cumulative_per
,,,93,,,0.0,cumulative_per
,,,94,,,0.0,cumulative_per
,,,95,,,0.0,cumulative_per
,,,96,,,0.0,cumulative_per
,,,97,,,0.0,cumulative_per
,,,98,,,0.0,cumulative_per
,,,99,,,0.0,cumulative_per
,,,100,,,0.0,cumulative_per
,,,101,,,0.0,cumulative_per
,,,102,,,0.0,cumulative_per
,,,103,,,0.0,cumulative_per
,,,104,,,0.0,cumulative_per
,,,105,,,0.0,cumulative_per
,,,106,,,0.0,cumulative_per
,,,107,,,0.0,cumulative_per
,,,108,,,0.0,cumulative_per
,,,109,,,0.0,cumulative_per
,,,110,,,0.0,cumulative_per
,,,111,,,0.0,cumulative_per
,,,112,,,0.0,cumulative_per
,,,113,,,0.0,cumulative_per
,,,114,,,0.0,cumulative_per
,,,115,,,0.0,cumulative_per
,,,116,,,0.0,cumulative_per
,,,117,,,0.0,cumulative_per
,,,118,,,0.0,cumulative_per
,,,119,,,0.0,cumulative_per
,,,120,,,0.0,cumulative_per
,,,121,,,0.0,cumulative_per
,,,122,,,0.0,cumulative_per
,,,123,,,0.0,cumulative_per
,,,124,,,0.0,cumulative_per
,,,125,,,0.0,cumulative_per
,,,126,,,0.0,cumulative_per
,,,127,,,0.0,cumulative_per
,,,128,,,0.0,cumulative_per
,,,129,,,0.0,cumulative_per
,,,130,,,0.0,cumulative_per
,,,131,,,0.0,cumulative_per
,,,132,,,0.0,cumulative_per
,,,133,,,0.0,cumulative_per
,,,134,,,0.0,cumulative_per
,,,135,,,0.0,cumulative_per
,,,136,,,0.0,cumulative_per
,,,137,,,0.0,cumulative_per
,,,138,,,0.0,cumulative_per
,,,139,,,0.0,cumulative_per
,,,140,,,0.0,cumulative_per
,,,141,,,0.0,cumulative_per
,,,142,,,0.0,cumulative_per
,,,143,,,0.0,cumulative_per
,,,144,,,0.0,cumulative_per
,,,145,,,0.0,cumulative_per
,,,146,,,0.0,cumulative_per
,,,147,,,0.0,cumulative_per
,,,148,,,0.0,cumulative_per
,,,149,,,0.0,cumulative_per
,,,150,,,0.0,cumulative_per
,,,151,,,0.0,cumulative_per
,,,152,,,0.0,cumulative_per
,,,153,,,0.0,cumulative_per
,,,154,,,0.0,cumulative_per
,,,155,,,0.0,cumulative_per
,,,156,,,0.0,cumulative_per
,,,157,,,0.0,cumulative_per
,,,158,,,0.0,cumulative_per
,,,159,,,0.0,cumulative_per
,,,160,,,0.0,cumulative_per
,,,161,,,0.0,cumulative_per
,,,162,,,0.0,cumulative_per
,,,163,,,0.0,cumulative_per
,,,164,,,0.0,cumulative_per
,,,165,,,0.0,cumulative_per
,,,166,,,0.0,cumulative_per
,,,167,,,0.0,cumulative_per
,,,168,,,0.0,cumulative_per
,,,169,,,0.0,cumulative_per
,,,170,,,0.0,cumulative_per
,,,171,,,0.0,cumulative_per
,,,172,,,0.0,cumulative_per
,,,173,,,0.0,cumulative_per
,,,174,,,0.0,cumulative_per
,,,175,,,0.0,cumulative_per
,,,176,,,0.0,cumulative_per
,,,177,,,0.0,cumulative_per
,,,178,,,0.0,cumulative_per
,,,179,,,0.0,cumulative_per
,,,180,,,0.0,cumulative_per
