cycle_index,min_gap_rad,new_max_abs_dev,new_mean_abs_dev,function,K,run_index,selected_for_median
1,0.0025132741228718336,0.2890265241302609,0.08062318831002017,KURAMOTO,500,9,True
2,0.0037855605211687404,0.2486757258980254,0.06487497040483974,KURAMOTO,500,9,True
3,0.0013190179850930406,0.19338286521933185,0.056192461096870296,KURAMOTO,500,9,True
4,0.016944929818934362,0.19760322801519176,0.04829400071939134,KURAMOTO,500,9,True
5,0.009187914597617919,0.18961533419549265,0.04969819191355468,KURAMOTO,500,9,True
6,0.03434914324698202,0.11757029443041417,0.04088029946760999,KURAMOTO,500,9,True
7,0.03761471969662855,0.17030353743739085,0.04471528032918558,KURAMOTO,500,9,True
8,0.03543440783331686,0.21804689919721593,0.04339238822335071,KURAMOTO,500,9,True
9,0.04303854968316401,0.1395311928667506,0.03879172466746866,KURAMOTO,500,9,True
10,0.02679687540561293,0.10900196870004314,0.043194426213581626,KURAMOTO,500,9,True
11,0.01667382187958566,0.1292499480662565,0.036227162004005276,KURAMOTO,500,9,True
12,0.041533170590991375,0.1330554287646894,0.04318627195873082,KURAMOTO,500,9,True
13,0.02313015334211066,0.10678894510674158,0.04026211895962005,KURAMOTO,500,9,True
14,0.009168251288898865,0.14189481985249314,0.03993427879143647,KURAMOTO,500,9,True
15,0.03703742035537516,0.11394929072388654,0.03435036156362182,KURAMOTO,500,9,True
16,0.04701038909376902,0.18902342619597062,0.04335386179546927,KURAMOTO,500,9,True
17,0.06409168560823328,0.11593932689443082,0.03946419284585389,KURAMOTO,500,9,True
18,0.03564290731430775,0.12913816669018646,0.03648877208923208,KURAMOTO,500,9,True
19,0.058033264917893596,0.14253245228405914,0.03748903144382833,KURAMOTO,500,9,True
20,0.042325065850463216,0.12275801500409161,0.03829742038475436,KURAMOTO,500,9,True
21,0.05056439049436845,0.1651343616850986,0.03948995119596627,KURAMOTO,500,9,True
22,0.033393013674317656,0.10476540150876196,0.03999852872332068,KURAMOTO,500,9,True
23,0.054370563800686895,0.1391007466112954,0.035193204013363635,KURAMOTO,500,9,True
24,0.04721214368750015,0.10610334614732103,0.043716404438677775,KURAMOTO,500,9,True
25,0.049022920415159515,0.11830168320072992,0.0339056510327696,KURAMOTO,500,9,True
26,0.054957729871347144,0.11231122348717587,0.03902271733401334,KURAMOTO,500,9,True
27,0.04126589811775919,0.08439780802583255,0.03484244089528936,KURAMOTO,500,9,True
28,0.047161968236339114,0.1369507722110483,0.040448365719508314,KURAMOTO,500,9,True
29,0.037564785382378396,0.1189690144329269,0.03631908709019127,KURAMOTO,500,9,True
30,0.05101216733938829,0.1301426987057403,0.02991664919346162,KURAMOTO,500,9,True
31,0.0509914434658518,0.10736670127437281,0.037863970452322905,KURAMOTO,500,9,True
32,0.038388927473746254,0.1300541924327307,0.03733461932880102,KURAMOTO,500,9,True
33,0.05867215630084477,0.11263994592172749,0.031051632306064524,KURAMOTO,500,9,True
34,0.035354960415514516,0.14470150285532596,0.0383004645281541,KURAMOTO,500,9,True
35,0.057564509632226396,0.09306143072467615,0.032587140770750415,KURAMOTO,500,9,True
36,0.05012265114349601,0.07554105500009572,0.03497151674944479,KURAMOTO,500,9,True
37,0.04740518690815469,0.1037270199859967,0.03496729815248844,KURAMOTO,500,9,True
38,0.0565322558252217,0.08402234447202844,0.03143675883680316,KURAMOTO,500,9,True
39,0.047681694965985066,0.13038286422096718,0.03631349747595909,KURAMOTO,500,9,True
40,0.06391308369531057,0.10474999214199981,0.03180502401087383,KURAMOTO,500,9,True
41,0.05639468865148611,0.08763511312125155,0.03124689061544766,KURAMOTO,500,9,True
42,0.04247486751070184,0.11985909613326146,0.035756994993488375,KURAMOTO,500,9,True
43,0.049492212035596894,0.11260699380844058,0.03486733130297917,KURAMOTO,500,9,True
44,0.05859753929373834,0.07702871450718168,0.0362561963108919,KURAMOTO,500,9,True
45,0.048118443279594636,0.11770518883160203,0.03239487914995925,KURAMOTO,500,9,True
46,0.060560220064779124,0.08088012177144072,0.03272897312614363,KURAMOTO,500,9,True
47,0.059755532335598716,0.08876116505733139,0.03187500937492942,KURAMOTO,500,9,True
48,0.05308515097943678,0.10251323309519761,0.036841296667273635,KURAMOTO,500,9,True
49,0.0494013884602289,0.07626231768336283,0.02936282991249276,KURAMOTO,500,9,True
50,0.06514102948712619,0.08291839935839035,0.031221359950619695,KURAMOTO,500,9,True
51,0.05255319343278053,0.09536557903124637,0.03256831437149374,KURAMOTO,500,9,True
52,0.05862458282291616,0.0895296464740944,0.03375328572557107,KURAMOTO,500,9,True
53,0.04972351781808659,0.07594018832550514,0.028753003355651553,KURAMOTO,500,9,True
54,0.05799451638399855,0.10041276294501494,0.03405918737442486,KURAMOTO,500,9,True
55,0.04624823607195605,0.08811860496417995,0.029772090843559182,KURAMOTO,500,9,True
56,0.06322314516599192,0.07186937998777426,0.032228845093435037,KURAMOTO,500,9,True
57,0.062254666215035837,0.09217414647477201,0.0331503052791807,KURAMOTO,500,9,True
58,0.04406302467858758,0.09518114369170466,0.03633014511068083,KURAMOTO,500,9,True
59,0.06292904838491964,0.08909002773333635,0.03154196887285447,KURAMOTO,500,9,True
60,0.04433542122790479,0.08132828491568694,0.03675744516688023,KURAMOTO,500,9,True
61,0.042818544878933495,0.08284516126465824,0.029951086261986077,KURAMOTO,500,9,True
62,0.06696753083346385,0.07338859205362125,0.034536457973802316,KURAMOTO,500,9,True
63,0.05500605101720968,0.09726820675579445,0.028309168206506287,KURAMOTO,500,9,True
64,0.058340949771578776,0.07987461150145075,0.03313499934416057,KURAMOTO,500,9,True
65,0.05670438138817602,0.0833201031925907,0.02958771860968323,KURAMOTO,500,9,True
66,0.04679079816807352,0.08075935108274485,0.027439257115199674,KURAMOTO,500,9,True
67,0.04843651625856749,0.08206400109506101,0.030468180535082257,KURAMOTO,500,9,True
68,0.06549717645881792,0.08244645202087714,0.028735691675926364,KURAMOTO,500,9,True
69,0.0535969944976431,0.09657645042835233,0.03284161159120472,KURAMOTO,500,9,True
70,0.06506881245882817,0.08731501424449756,0.03227151851775631,KURAMOTO,500,9,True
71,0.047095696607544646,0.07865676095704216,0.0321301954459772,KURAMOTO,500,9,True
72,0.05691296801398149,0.10172907760697764,0.03112385772290904,KURAMOTO,500,9,True
73,0.04687164754065609,0.07879205860293564,0.030899759535012068,KURAMOTO,500,9,True
74,0.044238947134052076,0.12818718389726408,0.03066631569808611,KURAMOTO,500,9,True
75,0.060088293630572664,0.0948143311303315,0.032938795420078965,KURAMOTO,500,9,True
76,0.05502385631457418,0.08583845537139106,0.028249449811227106,KURAMOTO,500,9,True
77,0.05304208619385253,0.09373053836105266,0.030497282435206344,KURAMOTO,500,9,True
78,0.05049520162107779,0.08704572820382656,0.03088860229283118,KURAMOTO,500,9,True
79,0.050583776931605984,0.12541252172070666,0.03510720289255633,KURAMOTO,500,9,True
80,0.037604087742716175,0.11353555802824328,0.03634945876301141,KURAMOTO,500,9,True
81,0.050863292464250254,0.08417227287186274,0.03253487788589588,KURAMOTO,500,9,True
82,0.05155354188600825,0.09129241241193248,0.030068761282265856,KURAMOTO,500,9,True
83,0.055332476253865615,0.07033122988972612,0.032144826030176446,KURAMOTO,500,9,True
84,0.05575713150643846,0.10691152229093709,0.03254900033974043,KURAMOTO,500,9,True
85,0.05555245992180868,0.08893859949656341,0.03164314429560204,KURAMOTO,500,9,True
86,0.04770461018986308,0.07795909595372866,0.03161948862398479,KURAMOTO,500,9,True
87,0.04909882091508777,0.09848347402679386,0.031286949347594024,KURAMOTO,500,9,True
88,0.048885383097643675,0.07677832304594806,0.029610362928967696,KURAMOTO,500,9,True
89,0.04886506593387541,0.11334291536139757,0.03403101057064301,KURAMOTO,500,9,True
90,0.05061279649690409,0.07505090964668765,0.02642210623495682,KURAMOTO,500,9,True
91,0.051736957602735445,0.12876433136963555,0.03810118521462235,KURAMOTO,500,9,True
92,0.038178517098593545,0.08748518904499819,0.02880657206416605,KURAMOTO,500,9,True
93,0.05184232793220289,0.1025925737466144,0.0330437054059432,KURAMOTO,500,9,True
94,0.046556191112054,0.08126526561637631,0.034267219412523954,KURAMOTO,500,9,True
95,0.055763652226784366,0.06990005391680737,0.028871139271575433,KURAMOTO,500,9,True
96,0.05975101357051482,0.06943088262087044,0.03014956316144765,KURAMOTO,500,9,True
97,0.06219004756276103,0.09539144683558315,0.03110893258402845,KURAMOTO,500,9,True
98,0.05694812872336641,0.09097015557557703,0.03303136650358911,KURAMOTO,500,9,True
99,0.05294042799977472,0.07431890978591643,0.031457222428449165,KURAMOTO,500,9,True
100,0.05838342895635806,0.08535433274459275,0.027995484284968213,KURAMOTO,500,9,True
101,0.05221098145236258,0.08759643708299342,0.03460644843671985,KURAMOTO,500,9,True
102,0.06179095936211976,0.08181231817896356,0.029746966739255448,KURAMOTO,500,9,True
103,0.04166070747081996,0.11325344759052774,0.035675211287974976,KURAMOTO,500,9,True
104,0.055246004293597384,0.0996919751193987,0.03045118946672209,KURAMOTO,500,9,True
105,0.04617908657996317,0.0828657013600253,0.03420528064956344,KURAMOTO,500,9,True
106,0.05284107160232904,0.08436694670625006,0.033857338688896406,KURAMOTO,500,9,True
107,0.06872782029365532,0.07469419796382132,0.028759138494199227,KURAMOTO,500,9,True
108,0.04765947201096132,0.09431882668400865,0.030495630898356225,KURAMOTO,500,9,True
109,0.059377218677284516,0.09709528557098118,0.02859293877076782,KURAMOTO,500,9,True
110,0.057841601971015955,0.10743393470122026,0.031522037686700345,KURAMOTO,500,9,True
111,0.04921098662616119,0.08617912218174578,0.03761507330311582,KURAMOTO,500,9,True
112,0.0473339542916591,0.11364771799809431,0.032208087672361954,KURAMOTO,500,9,True
113,0.0646737002694,0.09733555018866741,0.029355329668866913,KURAMOTO,500,9,True
114,0.04936654771842086,0.07748334688963848,0.031552521746538574,KURAMOTO,500,9,True
115,0.06649101763598608,0.06729334177999319,0.028758012053826176,KURAMOTO,500,9,True
116,0.059770147305312715,0.09215117517018562,0.030335461325623543,KURAMOTO,500,9,True
117,0.05118066157383083,0.09833933758091201,0.03311184541131254,KURAMOTO,500,9,True
118,0.04912520844096813,0.08362696032473921,0.03360240981713202,KURAMOTO,500,9,True
119,0.06172358057161542,0.0730859436601296,0.028250870908548213,KURAMOTO,500,9,True
120,0.05804243664534159,0.07196398626702843,0.02984662612938532,KURAMOTO,500,9,True
121,0.05729715392033645,0.07814872169647974,0.03050619417000566,KURAMOTO,500,9,True
122,0.06035991380429123,0.09701983165773681,0.033914684877324304,KURAMOTO,500,9,True
123,0.05836813680369435,0.1031278626717162,0.026667123953399065,KURAMOTO,500,9,True
124,0.047268016512326844,0.10756398810091211,0.03394120325684371,KURAMOTO,500,9,True
125,0.059555212996257545,0.06610849314733419,0.030029612397841642,KURAMOTO,500,9,True
126,0.04873808728699114,0.07954284469445744,0.029139707939399094,KURAMOTO,500,9,True
127,0.06264463810992993,0.10157852223980662,0.03367806783074356,KURAMOTO,500,9,True
128,0.052066743498910384,0.07933162089395296,0.029396357192209743,KURAMOTO,500,9,True
129,0.054880351563594054,0.07086136076068689,0.027623144891719572,KURAMOTO,500,9,True
130,0.05521256610098246,0.07983372488893814,0.03103322639403453,KURAMOTO,500,9,True
131,0.04202441310418514,0.08363929303940659,0.040990494259872674,KURAMOTO,500,9,True
132,0.06842135927203152,0.11164350955224495,0.026399972454835715,KURAMOTO,500,9,True
133,0.05849052198882421,0.09536546431915854,0.03276289627083007,KURAMOTO,500,9,True
134,0.059893211178954964,0.06577049496463677,0.027024184234248065,KURAMOTO,500,9,True
135,0.05048670568673619,0.0948631235699004,0.035158598354530855,KURAMOTO,500,9,True
136,0.05440234290974022,0.07206594810094619,0.031345216252056676,KURAMOTO,500,9,True
137,0.05363055440416531,0.0966612619401725,0.030782742996539447,KURAMOTO,500,9,True
138,0.0543817057804068,0.07901247415143292,0.03048812723056736,KURAMOTO,500,9,True
139,0.057222743454185654,0.09548037736332066,0.03245037137206631,KURAMOTO,500,9,True
140,0.04913154173283418,0.07653216441075755,0.02887503536284159,KURAMOTO,500,9,True
141,0.05534507841580716,0.1563835225397538,0.03405114436466709,KURAMOTO,500,9,True
142,0.06859186737208223,0.0820884384981106,0.030591720122561762,KURAMOTO,500,9,True
143,0.0518027569417403,0.09213430381391258,0.030672089906550085,KURAMOTO,500,9,True
144,0.050811304259437584,0.1127792524321693,0.031028405847576518,KURAMOTO,500,9,True
145,0.0642214949228963,0.10549183905178755,0.03170445085362851,KURAMOTO,500,9,True
146,0.046103776297917065,0.11174632700934967,0.02925423212610988,KURAMOTO,500,9,True
147,0.05234063145385681,0.09472890581151167,0.03457191976432032,KURAMOTO,500,9,True
148,0.06802112859608078,0.07885475970959116,0.029001131742666164,KURAMOTO,500,9,True
149,0.05335919613842588,0.11016245635824456,0.024118940440567328,KURAMOTO,500,9,True
150,0.05245495197816119,0.08090666072272706,0.03848110236932335,KURAMOTO,500,9,True
151,0.06334285437756737,0.10142568915855915,0.028152024633130088,KURAMOTO,500,9,True
152,0.0531541266505382,0.07250957949305353,0.03072622264631046,KURAMOTO,500,9,True
153,0.051135836122342015,0.07812505150026333,0.030667755358623375,KURAMOTO,500,9,True
154,0.06033443874474376,0.1009766967327203,0.03100728725532519,KURAMOTO,500,9,True
155,0.05720770209461534,0.1342295511053077,0.0362495919948873,KURAMOTO,500,9,True
156,0.05903550360405596,0.09514653168236825,0.02796549651813702,KURAMOTO,500,9,True
157,0.04766261023678453,0.0930304057544093,0.03413090264125812,KURAMOTO,500,9,True
158,0.06708915526527814,0.11651780453861632,0.028782415889140812,KURAMOTO,500,9,True
159,0.05023278368454896,0.09952052965700026,0.03161830336511788,KURAMOTO,500,9,True
160,0.056662991976644594,0.07979230692607259,0.029869127228521898,KURAMOTO,500,9,True
161,0.05159272007309035,0.07407098607050139,0.029684496229474062,KURAMOTO,500,9,True
162,0.06367369352414265,0.08757837226783821,0.0314639493279105,KURAMOTO,500,9,True
163,0.07336685330820725,0.0783090380117108,0.026162054332720893,KURAMOTO,500,9,True
164,0.05748342988131583,0.09936333889404175,0.029508479740359018,KURAMOTO,500,9,True
165,0.05087035653190064,0.08677866843481458,0.03214474803068189,KURAMOTO,500,9,True
166,0.07211336726508177,0.10174068875493064,0.03360224962905361,KURAMOTO,500,9,True
167,0.04964075009279173,0.09456073211792687,0.028530193646718303,KURAMOTO,500,9,True
168,0.049946060712796836,0.0757176454307949,0.03443515944979863,KURAMOTO,500,9,True
169,0.0567590655996712,0.10840256467374382,0.02605142095699228,KURAMOTO,500,9,True
170,0.05972839082364256,0.09663785343118086,0.034791959330527505,KURAMOTO,500,9,True
171,0.0713136037420754,0.08168571597045177,0.02552348451192956,KURAMOTO,500,9,True
172,0.05505671081984609,0.07750185052645636,0.032118860105855594,KURAMOTO,500,9,True
173,0.051863593731562574,0.11512619523298245,0.034558788560269164,KURAMOTO,500,9,True
174,0.04392040910121259,0.08174329704237915,0.028585335520342897,KURAMOTO,500,9,True
175,0.05242015375003195,0.0754482619283276,0.029480694298589728,KURAMOTO,500,9,True
176,0.06082921499740657,0.07406514501545808,0.025878195718082742,KURAMOTO,500,9,True
177,0.05482703601451355,0.11227558397664444,0.03350394762656171,KURAMOTO,500,9,True
178,0.06077278546524856,0.08791329391465136,0.02669729530465524,KURAMOTO,500,9,True
179,0.04690827754651661,0.07875542859707513,0.03178121026203423,KURAMOTO,500,9,True
180,0.04761911718401901,0.09100591759307991,0.028665676515162573,KURAMOTO,500,9,True
1,0.0012566370614357503,0.3229557247890306,0.08831528371300795,LINEAR,10,24,True
2,0.0013219821886298888,0.3120079027097999,0.08644837192610166,LINEAR,10,24,True
3,0.0014120579331948768,0.3094298313534953,0.07852112543539468,LINEAR,10,24,True
4,0.0015267153886626694,0.30094815665225133,0.07353278196001951,LINEAR,10,24,True
5,0.0016658063441652438,0.2976516386919254,0.06912274489528268,LINEAR,10,24,True
6,0.0018291832814338882,0.2898818620189327,0.06785738936562344,LINEAR,10,24,True
7,0.0020166993718615522,0.2858737704452869,0.06413557466939716,LINEAR,10,24,True
8,0.0022282084735114616,0.27880924998839446,0.060421207772118415,LINEAR,10,24,True
9,0.0024635651281781357,0.27409626499864376,0.056988026516960145,LINEAR,10,24,True
10,0.002722624558485709,0.26773040175449453,0.05433830337824523,LINEAR,10,24,True
11,0.00507732073678635,0.26231911251394874,0.05211137149575043,LINEAR,10,24,True
12,0.005209267700317266,0.256645348424642,0.04987624394668871,LINEAR,10,24,True
13,0.005340934548417997,0.25054230322144216,0.048271329517118405,LINEAR,10,24,True
14,0.005472321847932671,0.24555412174816443,0.04691251713436678,LINEAR,10,24,True
15,0.005603430164452861,0.2390084599895232,0.04580639605100843,LINEAR,10,24,True
16,0.005758840793723685,0.2455737043580714,0.04392927169755741,LINEAR,10,24,True
17,0.005913875303080629,0.2344192469175101,0.04276832881355667,LINEAR,10,24,True
18,0.006068583769087477,0.22667209688795137,0.04120994963993117,LINEAR,10,24,True
19,0.00622296675131051,0.23443377194096832,0.03968426408205138,LINEAR,10,24,True
20,0.00637702490712988,0.22322962342690839,0.03821913271501395,LINEAR,10,24,True
21,0.006530758892298816,0.21460257174950675,0.036698043191598355,LINEAR,10,24,True
22,0.00668416936116234,0.2232395608278674,0.037031544201683954,LINEAR,10,24,True
23,0.019052707408783953,0.21198597228844357,0.03611364750737214,LINEAR,10,24,True
24,0.019181093954751982,0.202557392025475,0.03556400234432219,LINEAR,10,24,True
25,0.01933369050101752,0.21199173939486043,0.035123889750039626,LINEAR,10,24,True
26,0.019485916876197718,0.20068891212590073,0.03457442645708621,LINEAR,10,24,True
27,0.01963782294833527,0.19053669520664068,0.03409342417870436,LINEAR,10,24,True
28,0.019789409265402957,0.18938326180613635,0.0340802052969369,LINEAR,10,24,True
29,0.019940676472748886,0.1878258148920839,0.03359862144159823,LINEAR,10,24,True
30,0.020091625214422315,0.18940546261528696,0.033585252188262284,LINEAR,10,24,True
31,0.03243359006051649,0.17802832484381853,0.034955342864165614,LINEAR,10,24,True
32,0.04487022631464921,0.1753557545499504,0.034941758970590577,LINEAR,10,24,True
33,0.05725711602376993,0.17804715943081345,0.034470755112260464,LINEAR,10,24,True
34,0.06959445817406906,0.1666210449448366,0.03445669039801075,LINEAR,10,24,True
35,0.07170964712962402,0.1629124381122084,0.03398616323672281,LINEAR,10,24,True
36,0.07917822910618766,0.15519318327367077,0.03397162138940965,LINEAR,10,24,True
37,0.07065636724604896,0.15449263938531005,0.03350156918786818,LINEAR,10,24,True
38,0.07917904676635845,0.15522983329228673,0.03348655193793644,LINEAR,10,24,True
39,0.0706957877496025,0.14372986122393366,0.03301697297739702,LINEAR,10,24,True
40,0.07917987023255857,0.14254744209538933,0.03300327568129889,LINEAR,10,24,True
41,0.0707350161557374,0.1437637900517334,0.032620805064157696,LINEAR,10,24,True
42,0.07918069946792239,0.13221505301134123,0.032606477405552226,LINEAR,10,24,True
43,0.07077405351204902,0.13062648394979942,0.032137507830742165,LINEAR,10,24,True
44,0.07918153443562104,0.13224661611079308,0.032121712554030804,LINEAR,10,24,True
45,0.07081290086024516,0.12064936027280532,0.0316541791521088,LINEAR,10,24,True
46,0.07918237509897175,0.11872985260103314,0.03163791331359819,LINEAR,10,24,True
47,0.07085155923596165,0.12067895773920351,0.031170846424877482,LINEAR,10,24,True
48,0.0791832214215113,0.10903328345917557,0.03115421989997331,LINEAR,10,24,True
49,0.0708900296691296,0.10685749213588797,0.03069543460120937,LINEAR,10,24,True
50,0.07918407336663019,0.10906121677426234,0.030985559723496713,LINEAR,10,24,True
51,0.07092831318375525,0.09736722379643908,0.030615724479208125,LINEAR,10,24,True
52,0.07918493089804823,0.09500920600462565,0.030983608465124376,LINEAR,10,24,True
53,0.07096641079802912,0.09739379203845527,0.030614954517411058,LINEAR,10,24,True
54,0.07918579397952119,0.08565157931080919,0.030982081836861814,LINEAR,10,24,True
55,0.07100432352451036,0.08318479923318128,0.03061363174584513,LINEAR,10,24,True
56,0.0791866625750618,0.08567712721965409,0.030901041684491176,LINEAR,10,24,True
57,0.07104205236983274,0.07402797606399475,0.030442727656620434,LINEAR,10,24,True
58,0.07918753664849904,0.07497242429573853,0.03042217165529026,LINEAR,10,24,True
59,0.07107959833503463,0.07857683584278846,0.02995732909121175,LINEAR,10,24,True
60,0.07918841616406469,0.07497773271701175,0.02993728536436435,LINEAR,10,24,True
61,0.07111696241548549,0.07855529100402031,0.02947289488865696,LINEAR,10,24,True
62,0.07918930108577088,0.0749829653186051,0.029452394196400205,LINEAR,10,24,True
63,0.07115414560099542,0.07853388135965583,0.028988456195625414,LINEAR,10,24,True
64,0.07919019137821509,0.07498812268290606,0.029096947290120297,LINEAR,10,24,True
65,0.07119114887552347,0.07851255874355728,0.02898726911039012,LINEAR,10,24,True
66,0.07919108700577537,0.07499320529363035,0.029095536164604637,LINEAR,10,24,True
67,0.07122797321761554,0.07399925673651947,0.02898608205970307,LINEAR,10,24,True
68,0.07919198793319515,0.0749982136312714,0.029094124679187677,LINEAR,10,24,True
69,0.07126461960033137,0.0739935256888195,0.028984895049263847,LINEAR,10,24,True
70,0.07919289412492575,0.07497962015555765,0.02909271283891364,LINEAR,10,24,True
71,0.07130108899124488,0.07398775168465227,0.028983708084666642,LINEAR,10,24,True
72,0.07919380554593008,0.07496109398087797,0.029091300648806176,LINEAR,10,24,True
73,0.07133738235215192,0.07398193512097934,0.028982521171444144,LINEAR,10,24,True
74,0.0791947221612444,0.07494263464268397,0.02908988811387422,LINEAR,10,24,True
75,0.07137350063980075,0.07397607639161813,0.02862815643236094,LINEAR,10,24,True
76,0.079195643935832,0.07007765898092905,0.02860499388203003,LINEAR,10,24,True
77,0.0714094448053807,0.07397017588731519,0.028144672251981365,LINEAR,10,24,True
78,0.07919657083494852,0.070063491489402,0.028121061247475047,LINEAR,10,24,True
79,0.0714452157945219,0.07394067293138668,0.02766117852723169,LINEAR,10,24,True
80,0.07919750282384957,0.07004932103883038,0.027637122467201233,LINEAR,10,24,True
81,0.07148081454773458,0.07391126981017998,0.02754214471820244,LINEAR,10,24,True
82,0.07919843986808367,0.07003514783329096,0.027635712678266006,LINEAR,10,24,True
83,0.07151624200011597,0.07388196596859292,0.02754078723881138,LINEAR,10,24,True
84,0.07919938193319864,0.07002097207466801,0.027634302574385025,LINEAR,10,24,True
85,0.07155149908142344,0.07385276085532427,0.027539430068274598,LINEAR,10,24,True
86,0.07920032898503576,0.07000679396257475,0.027632892160409313,LINEAR,10,24,True
87,0.07158658671629448,0.07382365392273033,0.027538073210541844,LINEAR,10,24,True
88,0.0792012809892162,0.0699926136947992,0.027631481441163522,LINEAR,10,24,True
89,0.07162150582417315,0.07379464462638524,0.027536716669489914,LINEAR,10,24,True
90,0.07920223791172737,0.069978431466932,0.02763007042146362,LINEAR,10,24,True
91,0.07165625731894454,0.0737657324257423,0.027535360448963323,LINEAR,10,24,True
92,0.0792031997187756,0.06996424747259206,0.027628659106105066,LINEAR,10,24,True
93,0.07169084210988508,0.07373691678354372,0.027534004552724728,LINEAR,10,24,True
94,0.07920416637649441,0.06995006190341985,0.027627247499862798,LINEAR,10,24,True
95,0.0717252611005661,0.07370819716597249,0.027532648984510383,LINEAR,10,24,True
96,0.07920513785131,0.06993587494886516,0.02762583560750011,LINEAR,10,24,True
97,0.07175951518980472,0.0736795730428656,0.027531293747977623,LINEAR,10,24,True
98,0.07920611410972145,0.06992168679647265,0.02762442343375974,LINEAR,10,24,True
99,0.07179360527129752,0.07365104388727967,0.02752993884673979,LINEAR,10,24,True
100,0.07920709511822771,0.0699074976319613,0.027623010983372786,LINEAR,10,24,True
101,0.07182753223354765,0.07362260917570945,0.02752858428435185,LINEAR,10,24,True
102,0.07920808084369407,0.0698933076389247,0.027621598261052763,LINEAR,10,24,True
103,0.07186129696015775,0.07359426838801592,0.027527230064324767,LINEAR,10,24,True
104,0.07920907125298515,0.0698791169990593,0.027620185271486842,LINEAR,10,24,True
105,0.07189490032990276,0.07356602100756832,0.02752587619012277,LINEAR,10,24,True
106,0.07921006631303917,0.06986492589215815,0.027618772019365186,LINEAR,10,24,True
107,0.07192834321614461,0.0735378665206638,0.027524522665142673,LINEAR,10,24,True
108,0.07921106599108663,0.06985073449618379,0.027617358509331086,LINEAR,10,24,True
109,0.07196162648771043,0.0735098044176194,0.02752316949273757,LINEAR,10,24,True
110,0.07921207025435817,0.0698365429871261,0.027615944746042443,LINEAR,10,24,True
111,0.07199475100838015,0.07348183419124527,0.027521816676201932,LINEAR,10,24,True
112,0.07921307907008451,0.06982235153907163,0.02761453073411621,LINEAR,10,24,True
113,0.0720277176370332,0.07345395533814808,0.027520464218812664,LINEAR,10,24,True
114,0.07921409240622779,0.06980816032420661,0.027613116478163606,LINEAR,10,24,True
115,0.07206052722786715,0.07342616735801072,0.02751911212376479,LINEAR,10,24,True
116,0.07921511023001854,0.06979396951310662,0.027611701982778073,LINEAR,10,24,True
117,0.07209318062995984,0.07339846975358827,0.027517760394212373,LINEAR,10,24,True
118,0.07921613250956511,0.0697797792743004,0.027610287252535688,LINEAR,10,24,True
119,0.0721256786878538,0.0733708620309989,0.027516409033262672,LINEAR,10,24,True
120,0.07921715921268341,0.06976558977514652,0.027608872292000756,LINEAR,10,24,True
121,0.07215802224111778,0.07334334369943302,0.0275150580439585,LINEAR,10,24,True
122,0.07921819030748173,0.06975140117992867,0.027607457105708288,LINEAR,10,24,True
123,0.07219021212507803,0.07331591427130107,0.027513707429336884,LINEAR,10,24,True
124,0.07921922576206858,0.06973721365234836,0.027606041698181642,LINEAR,10,24,True
125,0.07222224916964781,0.07328857326208399,0.027512357192364716,LINEAR,10,24,True
126,0.07922026554499118,0.06972302735376584,0.027604626073932458,LINEAR,10,24,True
127,0.07225413420049809,0.07326132019062842,0.027511007335950168,LINEAR,10,24,True
128,0.07922130962465046,0.06970884244393111,0.027603210237443145,LINEAR,10,24,True
129,0.07228586803847259,0.07323415457812094,0.027509657862966445,LINEAR,10,24,True
130,0.07922235796973998,0.06969465908113309,0.027601794193196007,LINEAR,10,24,True
131,0.072317451499879,0.07320707594969827,0.02750830877626331,LINEAR,10,24,True
132,0.07922341054895321,0.06968047742160993,0.027600377945638438,LINEAR,10,24,True
133,0.07234888539649098,0.07318008383313018,0.027506960078608592,LINEAR,10,24,True
134,0.07922446733142274,0.0696662976198465,0.027598961499211722,LINEAR,10,24,True
135,0.07238017053525392,0.0731531777591134,0.02750561177275265,LINEAR,10,24,True
136,0.07922552828569568,0.06965211982871738,0.02759754485833984,LINEAR,10,24,True
137,0.07241130771901749,0.07312635726156208,0.027504263861381304,LINEAR,10,24,True
138,0.07922659338119725,0.06963794419978225,0.02759612802742315,LINEAR,10,24,True
139,0.07244229774551092,0.07309962187746172,0.0275029163471571,LINEAR,10,24,True
140,0.07922766258735231,0.0696237708821103,0.02759471101084464,LINEAR,10,24,True
141,0.0724731414083668,0.07307297114643302,0.02750156923270163,LINEAR,10,24,True
142,0.07922873587373203,0.06960960002433553,0.02759329381297543,LINEAR,10,24,True
143,0.07250383949639116,0.07304640461102013,0.027500222520577867,LINEAR,10,24,True
144,0.0792298132097618,0.06959543177245625,0.02759187643817507,LINEAR,10,24,True
145,0.0725343927945854,0.07301992181684341,0.027498876213313726,LINEAR,10,24,True
146,0.07923089456501253,0.0695812662714485,0.027590458890773793,LINEAR,10,24,True
147,0.07256480208312421,0.07299352231273665,0.02749753031339037,LINEAR,10,24,True
148,0.07923197990934833,0.0695671036642393,0.027589041175084268,LINEAR,10,24,True
149,0.07259506813764627,0.07296720564987708,0.02749618482326555,LINEAR,10,24,True
150,0.07923306921292567,0.06955294409243934,0.027587623295407485,LINEAR,10,24,True
151,0.07262519172984105,0.07294097138251238,0.027494839745344148,LINEAR,10,24,True
152,0.07923416244604714,0.06953878769619432,0.027586205256026876,LINEAR,10,24,True
153,0.07265517362671658,0.07291481906767378,0.027493495081984492,LINEAR,10,24,True
154,0.07923525957886945,0.06952463461389796,0.027584787061208225,LINEAR,10,24,True
155,0.07268501459089194,0.07288874826531283,0.02749215083553309,LINEAR,10,24,True
156,0.07923636058184153,0.06951048498247986,0.02758336871518828,LINEAR,10,24,True
157,0.07271471538089025,0.07286275853831209,0.027490807008277926,LINEAR,10,24,True
158,0.07923746542541238,0.06949633893711143,0.02758195022220355,LINEAR,10,24,True
159,0.07274427675128459,0.07283684945188956,0.027489463602466055,LINEAR,10,24,True
160,0.07923857408032381,0.06948219661209104,0.02758053158647316,LINEAR,10,24,True
161,0.07277369945167411,0.07281102057448602,0.027488120620303556,LINEAR,10,24,True
162,0.079239686517171,0.06946805813922657,0.027579112812186855,LINEAR,10,24,True
163,0.07280298422814702,0.07278527147702779,0.02748677806396141,LINEAR,10,24,True
164,0.07924080270757328,0.06945392364988762,0.02757769390352861,LINEAR,10,24,True
165,0.07283213182181802,0.07275960173336599,0.027485435935575488,LINEAR,10,24,True
166,0.07924192262212626,0.06943979327325084,0.02757627486465892,LINEAR,10,24,True
167,0.07286114297043622,0.07273401091940251,0.027484094237264004,LINEAR,10,24,True
168,0.07924304623230288,0.06942566713746617,0.027574855699714976,LINEAR,10,24,True
169,0.07289001840736264,0.07270849861498369,0.027482752971075185,LINEAR,10,24,True
170,0.07924417350928359,0.06941154536893207,0.027573436412822182,LINEAR,10,24,True
171,0.0729187588615694,0.07268306440128008,0.02748141213905117,LINEAR,10,24,True
172,0.07924530442498051,0.0693974280925806,0.02757201700809424,LINEAR,10,24,True
173,0.0729473650579322,0.07265770786296616,0.02748007174318152,LINEAR,10,24,True
174,0.07924643895086664,0.06938331543232018,0.027570597489615645,LINEAR,10,24,True
175,0.07297583771766991,0.0726324285870607,0.02747873178542662,LINEAR,10,24,True
176,0.07924757705856139,0.06936920751015813,0.02756917786146502,LINEAR,10,24,True
177,0.07300417755761235,0.07260722616336429,0.027477392267694047,LINEAR,10,24,True
178,0.07924871872041561,0.06935510444678722,0.02756775812770342,LINEAR,10,24,True
179,0.07303238529049305,0.07258210018401162,0.027476053191891482,LINEAR,10,24,True
180,0.07924986390834127,0.0730093345327047,0.02854432403142157,LINEAR,10,24,True
