function,label,k,residual_median,residual_q1,residual_q3,n_runs
KURAMOTO,Kuramoto based,1.0,0.0820649291584692,0.0755049081300217,0.0891367547458546,499
KURAMOTO,Kuramoto based,11.0,0.0434480482338751,0.0357069453820971,0.051526107294389,500
KURAMOTO,Kuramoto based,21.0,0.025895585163704,0.0192639112048652,0.0350672298399371,500
KURAMOTO,Kuramoto based,31.0,0.0172578882003557,0.0113104469495637,0.0255138061886308,500
KURAMOTO,Kuramoto based,41.0,0.0128680716816921,0.0090473614818633,0.0193138996238177,498
KURAMOTO,Kuramoto based,51.0,0.0115283142068392,0.0085432789496743,0.0163043099879591,499
KURAMOTO,Kuramoto based,61.0,0.010725391009476,0.0079626236220052,0.0147653873091765,499
KURAMOTO,Kuramoto based,71.0,0.0105307240631197,0.0078642267547594,0.0143220957838636,500
KURAMOTO,Kuramoto based,81.0,0.0102544674887421,0.0080155482411122,0.0136694765418694,500
KURAMOTO,Kuramoto based,91.0,0.0103498828757472,0.0081103876393138,0.0136084164684607,500
KURAMOTO,Kuramoto based,101.0,0.0104523492791596,0.0084369608812622,0.0133064697702146,500
KURAMOTO,Kuramoto based,111.0,0.0104222766755888,0.0088143350566242,0.0134204460682703,500
KURAMOTO,Kuramoto based,121.0,0.0106950962255083,0.0092608562799203,0.0133968061774161,500
KURAMOTO,Kuramoto based,131.0,0.0109963173350267,0.0096620266422425,0.0133453509618077,500
KURAMOTO,Kuramoto based,141.0,0.011317675385252,0.0100951511307422,0.0135040569327737,500
KURAMOTO,Kuramoto based,151.0,0.0118517479162329,0.0105350456697193,0.0137571652685372,500
KURAMOTO,Kuramoto based,161.0,0.0122165409278527,0.0109731169516638,0.0142286676999663,500
KURAMOTO,Kuramoto based,171.0,0.0126018346301722,0.0115559359646466,0.0146075811441229,500
KURAMOTO,Kuramoto based,181.0,0.0131100758923702,0.0121153530511687,0.0150766013725792,500
KURAMOTO,Kuramoto based,191.0,0.0137619879754539,0.0126745443117112,0.0154614803403925,500
KURAMOTO,Kuramoto based,201.0,0.014168560880729,0.0131967312817495,0.015994148819534,500
KURAMOTO,Kuramoto based,211.0,0.0148422782562795,0.0138070812763486,0.0166287759706239,500
KURAMOTO,Kuramoto based,221.0,0.015350865043054,0.0143951129850832,0.0171591794663799,500
KURAMOTO,Kuramoto based,231.0,0.0158548509359909,0.0150468041246217,0.0175851184794495,500
KURAMOTO,Kuramoto based,241.0,0.016454065036267,0.0155945912120067,0.0181383939066156,500
KURAMOTO,Kuramoto based,251.0,0.0171012903328528,0.016237183905808,0.0188157821962461,500
KURAMOTO,Kuramoto based,261.0,0.0176538713524527,0.0167640090942436,0.019295952661927,500
KURAMOTO,Kuramoto based,271.0,0.0182189338250931,0.017389151121993,0.0198261092513329,500
KURAMOTO,Kuramoto based,281.0,0.018911956203801,0.0179010717488948,0.0204814266286182,500
KURAMOTO,Kuramoto based,291.0,0.0194360882357544,0.0185594552362439,0.0210866089692204,500
KURAMOTO,Kuramoto based,301.0,0.0200964973762211,0.0191740722630963,0.0216605287774553,500
KURAMOTO,Kuramoto based,311.0,0.0205596284770478,0.0196801318835016,0.0221713415281645,500
KURAMOTO,Kuramoto based,321.0,0.0212050929547121,0.0202583843233621,0.0226110021123586,500
KURAMOTO,Kuramoto based,331.0,0.0217697021641402,0.020904369612731,0.0233739709072691,500
KURAMOTO,Kuramoto based,341.0,0.022261355757164,0.021398878825749,0.0236691430395784,500
KURAMOTO,Kuramoto based,351.0,0.0228298425684266,0.0219947012199526,0.0244686695038366,500
KURAMOTO,Kuramoto based,361.0,0.0232589172068165,0.0225097323453584,0.02499418614256,500
KURAMOTO,Kuramoto based,371.0,0.0240790666129405,0.0232385727117514,0.0254675552197571,500
KURAMOTO,Kuramoto based,381.0,0.0245366845188788,0.0237351521655683,0.0260400549818832,500
KURAMOTO,Kuramoto based,391.0,0.0251526560887221,0.0242321232084714,0.0264324897412295,500
KURAMOTO,Kuramoto based,401.0,0.0256596177251602,0.0248792795267322,0.026959494360815,500
KURAMOTO,Kuramoto based,411.0,0.0261234548320273,0.0253979515171442,0.0276458747173502,500
KURAMOTO,Kuramoto based,421.0,0.0267677847186782,0.0260594164969107,0.0279374816335175,500
KURAMOTO,Kuramoto based,431.0,0.0274487639670572,0.0266266280786973,0.0286205603591768,500
KURAMOTO,Kuramoto based,441.0,0.0279803680124185,0.0271600747897789,0.0293224305451808,500
KURAMOTO,Kuramoto based,451.0,0.028411068459816,0.0277057412617206,0.0297706624878408,500
KURAMOTO,Kuramoto based,461.0,0.0290115556485902,0.0282556796807841,0.0304057336028827,500
KURAMOTO,Kuramoto based,471.0,0.0297727832851,0.0289622893524775,0.0308645973284755,500
KURAMOTO,Kuramoto based,481.0,0.0302350269910189,0.0295412851405018,0.0315398737707184,500
KURAMOTO,Kuramoto based,491.0,0.0307645493420733,0.0300714202883319,0.0319085649767192,500
KURAMOTO,Kuramoto based,501.0,0.0313396690660108,0.0306222205814496,0.0324016272513587,500
KURAMOTO,Kuramoto based,511.0,0.031901949673156,0.0311514723953969,0.0330174644539826,500
KURAMOTO,Kuramoto based,521.0,0.0325699508248348,0.0317780583420448,0.0337575518200233,500
KURAMOTO,Kuramoto based,531.0,0.0331624070976808,0.0323046490350386,0.0343390246204012,500
KURAMOTO,Kuramoto based,541.0,0.0336634634615575,0.0328724804645025,0.0349045548731807,500
KURAMOTO,Kuramoto based,551.0,0.0343164990739445,0.0334757602812528,0.0354879156785549,500
KURAMOTO,Kuramoto based,561.0,0.0348612337886332,0.034036280726885,0.0359981858957744,500
KURAMOTO,Kuramoto based,571.0,0.0353630491848425,0.0346141628754683,0.0367779986214392,500
KURAMOTO,Kuramoto based,581.0,0.0361460376349496,0.0352167895719157,0.0373216105307037,500
KURAMOTO,Kuramoto based,591.0,0.0368102478613988,0.0358141699979916,0.0380738525261803,500
KURAMOTO,Kuramoto based,601.0,0.0372498948732173,0.036443693271595,0.0384940721873938,500
KURAMOTO,Kuramoto based,611.0,0.0379369521605051,0.0371197220528869,0.0390356841118541,500
KURAMOTO,Kuramoto based,621.0,0.0385104633747558,0.0376919223273599,0.0396981772130914,500
KURAMOTO,Kuramoto based,631.0,0.0391316558346196,0.0383348974009566,0.0404087149965012,500
KURAMOTO,Kuramoto based,641.0,0.0398774464830329,0.0389534562717316,0.0409506726160129,500
KURAMOTO,Kuramoto based,651.0,0.0403292133511052,0.0394939284192983,0.041635703317271,500
KURAMOTO,Kuramoto based,661.0,0.0410461388911207,0.0400928913915964,0.042376353910442,500
KURAMOTO,Kuramoto based,671.0,0.0417979702064298,0.040717925053006,0.0429615049583322,500
KURAMOTO,Kuramoto based,681.0,0.0422571359270052,0.041440285762588,0.0434026803553565,500
KURAMOTO,Kuramoto based,691.0,0.0430345803619127,0.0421104550574169,0.0441645357832583,500
KURAMOTO,Kuramoto based,701.0,0.0435861312337313,0.0426201820058023,0.0448851605628062,500
KURAMOTO,Kuramoto based,711.0,0.0441359030425098,0.0430950744225541,0.0454083058580457,500
KURAMOTO,Kuramoto based,721.0,0.0446336756366006,0.043734469522686,0.045947404167946,500
KURAMOTO,Kuramoto based,731.0,0.0453365282692299,0.04438490410344,0.0466405732524667,500
KURAMOTO,Kuramoto based,741.0,0.0458516472140712,0.0447246669549249,0.0472404185201371,500
KURAMOTO,Kuramoto based,751.0,0.0464631734323292,0.045477125562125,0.0476183511493044,500
KURAMOTO,Kuramoto based,761.0,0.0470564732170031,0.0460505168076089,0.0481014354631231,500
KURAMOTO,Kuramoto based,771.0,0.0474738778893993,0.0465772632529029,0.0486852467470877,500
KURAMOTO,Kuramoto based,781.0,0.0479551513542194,0.0467592285492348,0.0491999611299684,500
KURAMOTO,Kuramoto based,791.0,0.0484556829021133,0.0472515052507604,0.0498039257993734,500
KURAMOTO,Kuramoto based,801.0,0.0487712424967986,0.0477102878894755,0.0501997626945511,500
KURAMOTO,Kuramoto based,811.0,0.0494129606917588,0.0482464919047858,0.0508022713581427,500
KURAMOTO,Kuramoto based,821.0,0.0498182727812553,0.0485580369936878,0.0511276910712893,500
KURAMOTO,Kuramoto based,831.0,0.0502865388055508,0.0491520168587103,0.0515578482383233,500
KURAMOTO,Kuramoto based,841.0,0.0506296551258777,0.0494889035491232,0.0519122134301175,500
KURAMOTO,Kuramoto based,851.0,0.0509662587107371,0.0498534358578627,0.0522949460634894,500
KURAMOTO,Kuramoto based,861.0,0.0515205139084212,0.0503589307893175,0.0527287210276536,500
KURAMOTO,Kuramoto based,871.0,0.0516994086830194,0.0505195518395702,0.0531638171799089,500
KURAMOTO,Kuramoto based,881.0,0.0523255738378163,0.0511316382321054,0.0537804845448347,500
KURAMOTO,Kuramoto based,891.0,0.052602070782702,0.0513823679783035,0.0539807697134956,500
KURAMOTO,Kuramoto based,901.0,0.0531360509690975,0.0518682478205166,0.0544882365498133,500
KURAMOTO,Kuramoto based,911.0,0.0536847510886408,0.0523086472407453,0.05498336428836,500
KURAMOTO,Kuramoto based,921.0,0.0539846658628913,0.0527247293336816,0.0551896858128719,500
KURAMOTO,Kuramoto based,931.0,0.0542784942121263,0.0529617533600922,0.0557424790785877,500
KURAMOTO,Kuramoto based,941.0,0.0548180222090965,0.0534737095433016,0.0560328777905732,500
KURAMOTO,Kuramoto based,951.0,0.0550088076294876,0.0538469149930565,0.0564079664226022,500
KURAMOTO,Kuramoto based,961.0,0.05547412708803,0.0540764001195602,0.0568243279520555,500
KURAMOTO,Kuramoto based,971.0,0.055710074202,0.0545058293464416,0.0572192367003509,500
KURAMOTO,Kuramoto based,981.0,0.0562671829372235,0.0549226657030276,0.0576606167770581,500
KURAMOTO,Kuramoto based,991.0,0.056634845035529,0.0553668432533962,0.0581336130214928,500
KURAMOTO,Kuramoto based,1001.0,0.0569277404228267,0.0555594786504995,0.0583759299784585,500
KURAMOTO,Kuramoto based,1011.0,0.0572078710977267,0.0557802190071248,0.0586552764167151,500
KURAMOTO,Kuramoto based,1021.0,0.0575351962294281,0.0562818581127279,0.0590789926137139,500
KURAMOTO,Kuramoto based,1031.0,0.0577858147730283,0.0566566605955668,0.0593121506079381,500
KURAMOTO,Kuramoto based,1041.0,0.0582574911428447,0.0569834489927413,0.0598804726470132,500
KURAMOTO,Kuramoto based,1051.0,0.0588801067798281,0.0573569401803173,0.0601756710063537,500
KURAMOTO,Kuramoto based,1061.0,0.0586311400884951,0.0572713172574403,0.0603142174066601,500
KURAMOTO,Kuramoto based,1071.0,0.0591403985110082,0.0577027191472863,0.0605731006698419,500
KURAMOTO,Kuramoto based,1081.0,0.0592913425554749,0.0580718161765022,0.0609061468986741,500
KURAMOTO,Kuramoto based,1091.0,0.0597085721442577,0.0584224482388911,0.0614654205904337,500
KURAMOTO,Kuramoto based,1101.0,0.0600983257863352,0.0586509333286738,0.0615545042540813,500
KURAMOTO,Kuramoto based,1111.0,0.0602947065073257,0.0589809615224077,0.0619975755246119,500
KURAMOTO,Kuramoto based,1121.0,0.0604517638934351,0.0588892592225113,0.0621052231507298,500
KURAMOTO,Kuramoto based,1131.0,0.0608029263132327,0.0594442324120211,0.0624490997784031,500
KURAMOTO,Kuramoto based,1141.0,0.0611808212426993,0.059601146462066,0.0628942978437371,500
KURAMOTO,Kuramoto based,1151.0,0.0614126741213473,0.0597101253450658,0.063024200557264,500
KURAMOTO,Kuramoto based,1161.0,0.0615175404480228,0.0599093391300531,0.0632606606329493,500
KURAMOTO,Kuramoto based,1171.0,0.0618865045139875,0.0603716768681063,0.0634174127715413,500
KURAMOTO,Kuramoto based,1181.0,0.0618638051644481,0.0603560900473071,0.0638633732424952,500
KURAMOTO,Kuramoto based,1191.0,0.062352772478268,0.0609043044404816,0.0639325506538518,500
KURAMOTO,Kuramoto based,1201.0,0.0624686251772061,0.0609451501703497,0.0641120803007003,500
KURAMOTO,Kuramoto based,1211.0,0.0626993991879034,0.0612574968864661,0.064454635928043,500
KURAMOTO,Kuramoto based,1221.0,0.0631054835451243,0.0613208885744669,0.0648221978138945,500
KURAMOTO,Kuramoto based,1231.0,0.0631788098742588,0.0616145059311678,0.0649706276100068,500
KURAMOTO,Kuramoto based,1241.0,0.0635124879872969,0.0618326256888158,0.0652963927652384,500
KURAMOTO,Kuramoto based,1251.0,0.0637222285849294,0.0620834919591156,0.0653993053430057,500
KURAMOTO,Kuramoto based,1261.0,0.0638275252331464,0.0623285507410287,0.0656228605073119,500
KURAMOTO,Kuramoto based,1271.0,0.064145102988089,0.0623993128333656,0.0657156924455568,500
KURAMOTO,Kuramoto based,1281.0,0.0642869026713778,0.0625733312484039,0.0661045672212499,500
KURAMOTO,Kuramoto based,1291.0,0.0642109384157349,0.0626290896084911,0.0661517448656497,500
KURAMOTO,Kuramoto based,1301.0,0.0642123149109424,0.062527595882875,0.0661441828057817,500
KURAMOTO,Kuramoto based,1311.0,0.0645535290507561,0.0631845704342919,0.0664479499278202,500
KURAMOTO,Kuramoto based,1321.0,0.0648938412072281,0.0632307536518871,0.0666005807706597,500
KURAMOTO,Kuramoto based,1331.0,0.0651481883539775,0.0632610213375715,0.0667709680510562,500
KURAMOTO,Kuramoto based,1341.0,0.0654477250532066,0.0634148553558675,0.0671408357413527,500
KURAMOTO,Kuramoto based,1351.0,0.0653081648238841,0.0635432524322374,0.0673924155869208,500
KURAMOTO,Kuramoto based,1361.0,0.0652176321992517,0.0635076111099033,0.0674977584493618,500
KURAMOTO,Kuramoto based,1371.0,0.0658631651720073,0.0638765720132448,0.0673818052414706,500
KURAMOTO,Kuramoto based,1381.0,0.0657619589536331,0.0637772119963413,0.0678620755609552,500
KURAMOTO,Kuramoto based,1391.0,0.06554383390595,0.0637553275670964,0.0676777594397743,500
KURAMOTO,Kuramoto based,1401.0,0.0659199335035363,0.0639459659902724,0.0678162599627203,500
KURAMOTO,Kuramoto based,1411.0,0.0657765805220537,0.0641049355242297,0.0678535594548852,500
KURAMOTO,Kuramoto based,1421.0,0.0663030833135712,0.0640955220967752,0.0682806070252401,500
KURAMOTO,Kuramoto based,1431.0,0.0662230358429653,0.0645050349640937,0.0681963571290761,500
KURAMOTO,Kuramoto based,1441.0,0.0662788277981297,0.0642533002531908,0.0679788552731203,500
KURAMOTO,Kuramoto based,1451.0,0.0665120688208139,0.0645167408100913,0.0686285268970769,500
KURAMOTO,Kuramoto based,1461.0,0.0664638326769928,0.0646861890104387,0.0685373930770028,500
KURAMOTO,Kuramoto based,1471.0,0.0665447999237094,0.0647984427288055,0.0684552375844625,500
KURAMOTO,Kuramoto based,1481.0,0.0668645401609507,0.0650016905317084,0.0686922544296143,500
KURAMOTO,Kuramoto based,1491.0,0.0667820879359752,0.0648083135252505,0.0687663731017654,500
LINEAR,frog chorus based,1.0,0.0389878868018989,0.032268999179729,0.046258383342764,499
LINEAR,frog chorus based,2.0,0.0219620919864286,0.0163197626113779,0.0310415856303613,499
LINEAR,frog chorus based,3.0,0.0142884348278048,0.0099203769554547,0.0222923193130406,500
LINEAR,frog chorus based,4.0,0.0128090912189966,0.0093939292730186,0.0177363541466228,500
LINEAR,frog chorus based,5.0,0.0137036325472703,0.0103688013153486,0.0170365598124913,500
LINEAR,frog chorus based,6.0,0.0147300869257993,0.0115352203854775,0.0187743718146498,500
LINEAR,frog chorus based,7.0,0.0159776906237672,0.0125988676047495,0.0206583910912936,500
LINEAR,frog chorus based,8.0,0.0170198297514131,0.0133530628045579,0.022804035310094,500
LINEAR,frog chorus based,9.0,0.0180177147871788,0.0145405729371556,0.0240642619385681,499
LINEAR,frog chorus based,10.0,0.0189925535946108,0.0153554192391978,0.0247401404182774,498
LINEAR,frog chorus based,11.0,0.0199385961964565,0.016204994773241,0.0263340407442548,498
LINEAR,frog chorus based,12.0,0.0204039914215895,0.0168486904437671,0.0270185371373533,498
LINEAR,frog chorus based,13.0,0.0213802559926009,0.017638999321702,0.0282625572119027,499
LINEAR,frog chorus based,14.0,0.0222839328111741,0.0180785134725297,0.028461761801278,495
LINEAR,frog chorus based,15.0,0.0232365059881466,0.0189241945002618,0.0295089875019975,496
LINEAR,frog chorus based,16.0,0.0235327153468858,0.0193244160516307,0.0301046542490491,495
LINEAR,frog chorus based,17.0,0.0241238042071746,0.0197469531106835,0.030924313712319,498
LINEAR,frog chorus based,18.0,0.0245276891586591,0.0203747933291421,0.0309948846516822,493
LINEAR,frog chorus based,19.0,0.0251932236021771,0.0208672062914329,0.0314333485182838,494
LINEAR,frog chorus based,20.0,0.0259384885313494,0.0211996812500168,0.0317500720353433,495
LINEAR,frog chorus based,21.0,0.0257897036440674,0.0217368475992251,0.0326887152155603,491
LINEAR,frog chorus based,22.0,0.0267311743889646,0.0223405437222191,0.0333050001905066,491
LINEAR,frog chorus based,23.0,0.0272249704759441,0.022647758812176,0.0333158789626888,491
LINEAR,frog chorus based,24.0,0.0277894526091967,0.023247288156337,0.0341585178280534,490
LINEAR,frog chorus based,25.0,0.02821993959603,0.0237525939203818,0.0345768011940505,493
LINEAR,frog chorus based,26.0,0.0288184899171491,0.0241285908965823,0.0350988572180441,492
LINEAR,frog chorus based,27.0,0.0293948742197627,0.0246203099009471,0.0352229424968311,493
LINEAR,frog chorus based,28.0,0.0298128639052628,0.0246213276986902,0.0362285934183403,496
LINEAR,frog chorus based,29.0,0.0296528801743024,0.0250263148686589,0.0365264018335907,492
LINEAR,frog chorus based,30.0,0.0303930484891677,0.025609671657852,0.0366276937496923,494
LINEAR,frog chorus based,31.0,0.0304723023961568,0.0258952177145988,0.0371295463346055,491
LINEAR,frog chorus based,32.0,0.03081671301479,0.0266820469552772,0.037236494472822,489
LINEAR,frog chorus based,33.0,0.0308590989885858,0.0270078532002209,0.0377248586884062,493
LINEAR,frog chorus based,34.0,0.0315995804203996,0.0274047855907232,0.0377770286816846,492
LINEAR,frog chorus based,35.0,0.0319802891083514,0.0277906993691151,0.0378605495354494,489
LINEAR,frog chorus based,36.0,0.032249860184088,0.0283405661129749,0.0382950624896383,494
LINEAR,frog chorus based,37.0,0.0327573514829793,0.0284437749974719,0.0387760668486716,492
LINEAR,frog chorus based,38.0,0.0329359150638331,0.0289344498060725,0.038837142619405,488
LINEAR,frog chorus based,39.0,0.0335005419705675,0.0293204323668816,0.0395758048509293,491
LINEAR,frog chorus based,40.0,0.0338454441172023,0.0298294615159789,0.0398643630867915,494
LINEAR,frog chorus based,41.0,0.0340447136997201,0.0302427288615859,0.0398319908434967,489
LINEAR,frog chorus based,42.0,0.0345073526068544,0.0304521821747096,0.04039869449191,492
LINEAR,frog chorus based,43.0,0.0347996322985014,0.0310232735248433,0.0409987065341199,495
LINEAR,frog chorus based,44.0,0.0351267805983739,0.0314475216060349,0.0409268931703516,492
LINEAR,frog chorus based,45.0,0.0353699575913327,0.0317211606892739,0.0412014271584334,494
LINEAR,frog chorus based,46.0,0.0354607680117856,0.0320688263342309,0.0413360670385756,494
LINEAR,frog chorus based,47.0,0.0356321339121692,0.0321329870601647,0.0413452427579008,491
LINEAR,frog chorus based,48.0,0.0358639513716345,0.032667070078843,0.0416718075431424,495
LINEAR,frog chorus based,49.0,0.0361984085934644,0.0328915040369631,0.0419544607946059,491
LINEAR,frog chorus based,50.0,0.0365557856364693,0.0332650491919816,0.0417317312791421,492
LINEAR,frog chorus based,51.0,0.0370248183603411,0.0337387296806453,0.042096348408513,494
LINEAR,frog chorus based,52.0,0.037122955478288,0.0340574504988068,0.0419296651623972,491
LINEAR,frog chorus based,53.0,0.0372500637941948,0.0345267392448248,0.0419588031370303,487
LINEAR,frog chorus based,54.0,0.0377588495051489,0.0348974458339884,0.0425383596221419,491
LINEAR,frog chorus based,55.0,0.0380787877089746,0.0353174860819799,0.0428593298685584,495
LINEAR,frog chorus based,56.0,0.0384595649169122,0.0358314684042655,0.0428630972660481,494
LINEAR,frog chorus based,57.0,0.0389165779615503,0.0362527206912649,0.0433400135018264,494
LINEAR,frog chorus based,58.0,0.0391627318145458,0.0365830959151462,0.0433683535565938,492
LINEAR,frog chorus based,59.0,0.0395967076353003,0.0370902196695273,0.0436124726452275,495
LINEAR,frog chorus based,60.0,0.0400228438312967,0.0375817711126786,0.0440034280069847,490
LINEAR,frog chorus based,61.0,0.040449926641039,0.0379634689685269,0.0445383600312284,497
LINEAR,frog chorus based,62.0,0.0407102347732745,0.0385387802313933,0.044285249928067,489
LINEAR,frog chorus based,63.0,0.0411997459556229,0.0390440385103975,0.0451038252797951,494
LINEAR,frog chorus based,64.0,0.0415852171331662,0.0395768294167828,0.0452484361497137,493
LINEAR,frog chorus based,65.0,0.0420856441081503,0.0400459840456205,0.0453983683541018,491
LINEAR,frog chorus based,66.0,0.042513846578299,0.0404474376787745,0.0460628505974394,498
LINEAR,frog chorus based,67.0,0.0428641669588245,0.0408717434257742,0.0459659343732988,491
LINEAR,frog chorus based,68.0,0.0432317077559356,0.0415331704114589,0.0464471317419334,494
LINEAR,frog chorus based,69.0,0.0436497791279685,0.0420733645424597,0.0467857196416501,494
LINEAR,frog chorus based,70.0,0.044151359446309,0.0425669836443084,0.0473830555225068,493
LINEAR,frog chorus based,71.0,0.0444285070519678,0.0430731615803704,0.0477902928464243,494
LINEAR,frog chorus based,72.0,0.0449439358584322,0.0434253672588695,0.0478427563642003,493
LINEAR,frog chorus based,73.0,0.0454209152507439,0.0439478549213838,0.0486110672360363,493
LINEAR,frog chorus based,74.0,0.0458999712780838,0.0445307864346545,0.0488558330968333,494
LINEAR,frog chorus based,75.0,0.046178041986614,0.0449393648629807,0.0490310648172688,491
LINEAR,frog chorus based,76.0,0.04668354116625,0.0454445479593839,0.0495824425919327,497
LINEAR,frog chorus based,77.0,0.0471396067597493,0.0460229085177587,0.0495787815781755,494
LINEAR,frog chorus based,78.0,0.0475855775036201,0.0465142992608213,0.0505626664849183,494
LINEAR,frog chorus based,79.0,0.048103224839824,0.0470194259103747,0.0504463055292877,494
LINEAR,frog chorus based,80.0,0.0486565990938013,0.0475422498640167,0.0506743173223439,493
LINEAR,frog chorus based,81.0,0.0491401541783743,0.0480743816820974,0.0514136116676548,494
LINEAR,frog chorus based,82.0,0.0496406005999471,0.0486286247793131,0.0518495929673151,496
LINEAR,frog chorus based,83.0,0.0500595284338357,0.0491095366238541,0.0520618495027627,492
LINEAR,frog chorus based,84.0,0.0505832083128344,0.0493958219861081,0.0524525666534639,495
LINEAR,frog chorus based,85.0,0.0510142384886265,0.0500954478876056,0.052821010022918,492
LINEAR,frog chorus based,86.0,0.0516046292203541,0.0505827907682763,0.0531496407816496,493
LINEAR,frog chorus based,87.0,0.0520356199691299,0.0511230825647572,0.0534561419969273,491
LINEAR,frog chorus based,88.0,0.0526056894060108,0.0515761201936622,0.0538269347426141,493
LINEAR,frog chorus based,89.0,0.0530524007144384,0.0521313900206307,0.0544367176016239,490
LINEAR,frog chorus based,90.0,0.0535708644320974,0.0524780846042853,0.0548785493805531,492
LINEAR,frog chorus based,91.0,0.0540643804723844,0.0530558032431807,0.0553128228826562,494
LINEAR,frog chorus based,92.0,0.0545860129097558,0.0535435277563658,0.0559113043493808,495
LINEAR,frog chorus based,93.0,0.0552583249550904,0.0542360639457672,0.0563854401797403,493
LINEAR,frog chorus based,94.0,0.0555814258653265,0.0545889996844271,0.0567792835587294,491
LINEAR,frog chorus based,95.0,0.0562151732346843,0.0551553382105801,0.0572090025591872,495
LINEAR,frog chorus based,96.0,0.0567822121351543,0.0557386407667786,0.0578064475823308,494
LINEAR,frog chorus based,97.0,0.057214118162823,0.0561717086116045,0.058166455983371,493
LINEAR,frog chorus based,98.0,0.05766848145056,0.0566919684902576,0.0588753523997328,491
LINEAR,frog chorus based,99.0,0.0582908371348129,0.0573121795219805,0.0593630841507839,489
LINEAR,frog chorus based,100.0,0.0588699936678309,0.0575942387510735,0.0599189456785221,493
LINEAR,frog chorus based,101.0,0.0594210517730458,0.0582371833879192,0.0604615706639164,494
LINEAR,frog chorus based,102.0,0.0597585408444789,0.058545873529056,0.0609740670388839,491
LINEAR,frog chorus based,103.0,0.0603167715486338,0.0592155313987989,0.0614801368146189,490
LINEAR,frog chorus based,104.0,0.0609967344723055,0.0597575394337124,0.0621363410370455,491
LINEAR,frog chorus based,105.0,0.0616982106134941,0.060411732734491,0.0627184284102931,494
LINEAR,frog chorus based,106.0,0.0621728030993443,0.0609782816643836,0.063302484601781,495
LINEAR,frog chorus based,107.0,0.0623940894468203,0.061310698509631,0.0637167564729605,497
LINEAR,frog chorus based,108.0,0.0632619043904474,0.0618946267833484,0.0644243083765274,494
LINEAR,frog chorus based,109.0,0.0637908497454137,0.0624829670581537,0.0651067682730631,489
LINEAR,frog chorus based,110.0,0.0640847784741761,0.0627655090946456,0.0655213449723065,488
LINEAR,frog chorus based,111.0,0.0649520619358037,0.0635474273264964,0.0661467910602262,493
LINEAR,frog chorus based,112.0,0.065271704856054,0.063681851966318,0.0668083671610284,494
LINEAR,frog chorus based,113.0,0.0657133671212384,0.0641911391710596,0.067313427881722,493
LINEAR,frog chorus based,114.0,0.0663120974256065,0.0646250104313425,0.0677200258757454,495
LINEAR,frog chorus based,115.0,0.0668437205645091,0.0650274929326163,0.068315994968779,493
LINEAR,frog chorus based,116.0,0.0673075141191647,0.0656216273710051,0.0688080403565293,492
LINEAR,frog chorus based,117.0,0.0679035901969716,0.0663901778329917,0.0693562661941016,493
LINEAR,frog chorus based,118.0,0.0684186200797949,0.0667406271311061,0.0699212634156001,494
LINEAR,frog chorus based,119.0,0.0688509905334044,0.0670743077490836,0.0704775722714331,492
LINEAR,frog chorus based,120.0,0.06914216934421,0.0674981051552998,0.0708786308612135,496
LINEAR,frog chorus based,121.0,0.0696038822664786,0.0677534024881905,0.0712220566320824,496
LINEAR,frog chorus based,122.0,0.0701243447923538,0.0682831301353103,0.0718878704453686,495
LINEAR,frog chorus based,123.0,0.070500270818566,0.0688129035379832,0.0722071941825685,496
LINEAR,frog chorus based,124.0,0.0710805721684258,0.069264547480278,0.0731672723750913,493
LINEAR,frog chorus based,125.0,0.071671430172716,0.0697861821886205,0.0733646582528744,494
LINEAR,frog chorus based,126.0,0.0716457123599448,0.0700712260230878,0.0735336876304138,491
LINEAR,frog chorus based,127.0,0.0725003516473765,0.070911637419979,0.0745788893829223,493
LINEAR,frog chorus based,128.0,0.0726953899994569,0.0709058279634445,0.0747367962720956,486
LINEAR,frog chorus based,129.0,0.0730780009353179,0.0713466520365078,0.0751602896289631,493
LINEAR,frog chorus based,130.0,0.0736679808309121,0.0718501481123339,0.0754931982546985,485
LINEAR,frog chorus based,131.0,0.0739353941310894,0.072344126188395,0.076079003154223,493
LINEAR,frog chorus based,132.0,0.0745950451515674,0.0726989385887302,0.0764966275823932,493
LINEAR,frog chorus based,133.0,0.0750065962891678,0.0730583528189872,0.0770129027004851,490
LINEAR,frog chorus based,134.0,0.0753425448566834,0.0735445851326947,0.0774550787616242,489
LINEAR,frog chorus based,135.0,0.0760026911464683,0.0737084742158756,0.0781440147050493,491
LINEAR,frog chorus based,136.0,0.0764089898804593,0.0744225802332984,0.0783383101748544,494
LINEAR,frog chorus based,137.0,0.0764793402474328,0.074801808805506,0.0787275730349707,490
LINEAR,frog chorus based,138.0,0.076922744802643,0.0750734708594164,0.0790665997661387,490
LINEAR,frog chorus based,139.0,0.077755280938067,0.075998292091875,0.0796141963691527,497
LINEAR,frog chorus based,140.0,0.0782440619643966,0.0763714674021767,0.0802515311532012,493
LINEAR,frog chorus based,141.0,0.0786289092746779,0.076443717928227,0.0809909811692587,493
LINEAR,frog chorus based,142.0,0.0789294487204844,0.0768399527116737,0.0814686216838962,486
LINEAR,frog chorus based,143.0,0.0792843866663544,0.0771354785852421,0.0817323673444089,492
LINEAR,frog chorus based,144.0,0.0799717418708648,0.0778461184088668,0.08202487883108,496
LINEAR,frog chorus based,145.0,0.080605609307124,0.0786245233361364,0.0827038816883291,490
LINEAR,frog chorus based,146.0,0.0805120330055223,0.0784941628322188,0.0830697510005167,489
LINEAR,frog chorus based,147.0,0.0810161611983419,0.0790240756066634,0.0834097394360858,493
LINEAR,frog chorus based,148.0,0.0819871983399445,0.0799648372182392,0.0842450404163668,489
LINEAR,frog chorus based,149.0,0.0824314285709022,0.0800004472937581,0.084587899312709,490
LINEAR,frog chorus based,150.0,0.0829446205882786,0.0805269678004436,0.0850423016856037,492
LINEAR_4,modified frog chorus based,1.0,0.0403850076546017,0.0342274769372097,0.0477766409574485,499
LINEAR_4,modified frog chorus based,2.0,0.0235900153806362,0.0180178892432661,0.0327761822874745,500
LINEAR_4,modified frog chorus based,3.0,0.0161703888858478,0.0107777131724696,0.0246359685806812,500
LINEAR_4,modified frog chorus based,4.0,0.0125402784440331,0.0090806237397239,0.019125820019831,500
LINEAR_4,modified frog chorus based,5.0,0.0128167023390039,0.0096053710548323,0.0168011082310267,500
LINEAR_4,modified frog chorus based,6.0,0.0138061867205733,0.0105834802000959,0.0175436856417196,500
LINEAR_4,modified frog chorus based,7.0,0.0148470596905495,0.0116441779187445,0.0192949077381149,500
LINEAR_4,modified frog chorus based,8.0,0.0157281065617708,0.0123549989758618,0.0207890222387461,500
LINEAR_4,modified frog chorus based,9.0,0.016650679137341,0.0134827796773391,0.0221380957809637,499
LINEAR_4,modified frog chorus based,10.0,0.0172655266143106,0.0141203895874513,0.0236603223163324,498
LINEAR_4,modified frog chorus based,11.0,0.0182616318624926,0.0148325094850421,0.0240988507525692,497
LINEAR_4,modified frog chorus based,12.0,0.0187756268519873,0.0153572235657319,0.0251569380093226,499
LINEAR_4,modified frog chorus based,13.0,0.0192161840682986,0.0158904122378056,0.0263793610956025,499
LINEAR_4,modified frog chorus based,14.0,0.0201325643713997,0.0163112457768523,0.0268799798406296,499
LINEAR_4,modified frog chorus based,15.0,0.0205878429444171,0.0170791748009689,0.0273886062305087,496
LINEAR_4,modified frog chorus based,16.0,0.0213860735905357,0.0171766105355657,0.0284393054870464,499
LINEAR_4,modified frog chorus based,17.0,0.021689356328202,0.017566118096781,0.0284883693921207,496
LINEAR_4,modified frog chorus based,18.0,0.021929271306524,0.0181757193316141,0.028762647084095,498
LINEAR_4,modified frog chorus based,19.0,0.0226745388481738,0.0183488568863725,0.0293413234874657,497
LINEAR_4,modified frog chorus based,20.0,0.0229408066409917,0.0185899240115367,0.0294569351527038,496
LINEAR_4,modified frog chorus based,21.0,0.0235125632078777,0.0189800998665202,0.0298384214130226,494
LINEAR_4,modified frog chorus based,22.0,0.0238688937019027,0.0196439242637277,0.030577809639118,494
LINEAR_4,modified frog chorus based,23.0,0.0239116951758373,0.0198356481814908,0.0301636834128344,493
LINEAR_4,modified frog chorus based,24.0,0.024418663587348,0.0202931114011269,0.0306279705219142,491
LINEAR_4,modified frog chorus based,25.0,0.0245713836187053,0.0202077323153146,0.0309438342884772,492
LINEAR_4,modified frog chorus based,26.0,0.0252994161200632,0.0207869901791727,0.031600715724353,492
LINEAR_4,modified frog chorus based,27.0,0.0257158767155096,0.0213025920201103,0.0316303064046877,494
LINEAR_4,modified frog chorus based,28.0,0.0258507622234119,0.0212050387463276,0.0317675338875279,492
LINEAR_4,modified frog chorus based,29.0,0.0258164692517453,0.0214828090989187,0.0323942111786833,489
LINEAR_4,modified frog chorus based,30.0,0.0262415344887762,0.0218004370335732,0.0325594753256783,494
LINEAR_4,modified frog chorus based,31.0,0.0263881526191138,0.0221337038864966,0.032806607736658,489
LINEAR_4,modified frog chorus based,32.0,0.0265223779360054,0.0226623194832897,0.0334247704786411,489
LINEAR_4,modified frog chorus based,33.0,0.0270345905154107,0.0229986760826803,0.0334980447614103,491
LINEAR_4,modified frog chorus based,34.0,0.0269976250719246,0.0231220426413753,0.0334205522970974,484
LINEAR_4,modified frog chorus based,35.0,0.0273921591468619,0.0236041516725646,0.0338800708475916,491
LINEAR_4,modified frog chorus based,36.0,0.027815415873069,0.0237902383525867,0.0335888272866207,486
LINEAR_4,modified frog chorus based,37.0,0.0279820599579993,0.024137645442537,0.0338026496119179,488
LINEAR_4,modified frog chorus based,38.0,0.0282316512694411,0.0244328790839708,0.0337392874072499,485
LINEAR_4,modified frog chorus based,39.0,0.0283100961947385,0.0247117285281986,0.0341638222337862,488
LINEAR_4,modified frog chorus based,40.0,0.0290901659653228,0.0251168848497228,0.0344706583001182,490
LINEAR_4,modified frog chorus based,41.0,0.0290611972599787,0.0254245762117591,0.0347601994823867,489
LINEAR_4,modified frog chorus based,42.0,0.0291922249529525,0.0257924938959738,0.0349064871820117,488
LINEAR_4,modified frog chorus based,43.0,0.0295161075673049,0.0260861289671558,0.0352715789949431,492
LINEAR_4,modified frog chorus based,44.0,0.0299025798547466,0.0264552775466824,0.0347544728856246,486
LINEAR_4,modified frog chorus based,45.0,0.0300932237790231,0.0267563249121465,0.0349655306918952,487
LINEAR_4,modified frog chorus based,46.0,0.0303203334816701,0.0270796184894903,0.0353538865795239,488
LINEAR_4,modified frog chorus based,47.0,0.0306734681332559,0.0275110443425305,0.0357825591300431,490
LINEAR_4,modified frog chorus based,48.0,0.0308435076913192,0.0278811220081102,0.0354843885219218,490
LINEAR_4,modified frog chorus based,49.0,0.0310411516835885,0.0281297960840798,0.0360201013462818,494
LINEAR_4,modified frog chorus based,50.0,0.0314573978472931,0.0284573868530413,0.0360086947077353,486
LINEAR_4,modified frog chorus based,51.0,0.0318229598312655,0.0289076246496498,0.0366650314233005,494
LINEAR_4,modified frog chorus based,52.0,0.0318768872314986,0.0293677730871874,0.0365329786006098,487
LINEAR_4,modified frog chorus based,53.0,0.0322711836699998,0.029766993685247,0.0367670143839483,486
LINEAR_4,modified frog chorus based,54.0,0.032611572135244,0.0301989769376429,0.0367479917431336,491
LINEAR_4,modified frog chorus based,55.0,0.0328710152704848,0.0306868032431142,0.0367790078576316,491
LINEAR_4,modified frog chorus based,56.0,0.0333697635252411,0.0311508953918785,0.0371577715955955,490
LINEAR_4,modified frog chorus based,57.0,0.0337154219874747,0.031576214158087,0.0374162480383398,491
LINEAR_4,modified frog chorus based,58.0,0.0339589913236954,0.0320488768438514,0.0376450231716741,491
LINEAR_4,modified frog chorus based,59.0,0.0343329165357952,0.0325701056905749,0.038113274512368,492
LINEAR_4,modified frog chorus based,60.0,0.0347157242775102,0.0330770042542369,0.038416715158667,493
LINEAR_4,modified frog chorus based,61.0,0.0352897663152062,0.0336658089550016,0.0387726776473336,496
LINEAR_4,modified frog chorus based,62.0,0.0356361362362256,0.0340994065732445,0.0389659600789171,492
LINEAR_4,modified frog chorus based,63.0,0.0359176333112644,0.0346824624579325,0.0388492097377121,491
LINEAR_4,modified frog chorus based,64.0,0.0364275384068306,0.0352168735941366,0.0394252441747578,489
LINEAR_4,modified frog chorus based,65.0,0.0368366299356242,0.0358064296294051,0.0399138246192308,494
LINEAR_4,modified frog chorus based,66.0,0.0373374008465314,0.0363703557362105,0.0403706200410375,493
LINEAR_4,modified frog chorus based,67.0,0.0378043554471643,0.0369032626128441,0.0407695673059331,493
LINEAR_4,modified frog chorus based,68.0,0.0383386287910167,0.0374913026677522,0.0406003218744374,492
LINEAR_4,modified frog chorus based,69.0,0.0387628859354533,0.0380735410320023,0.0410885124279825,488
LINEAR_4,modified frog chorus based,70.0,0.0392240911418109,0.0385989507929848,0.0413611500743372,482
LINEAR_4,modified frog chorus based,71.0,0.0397434920866856,0.0391796389637167,0.0418559936929015,487
LINEAR_4,modified frog chorus based,72.0,0.040308985163153,0.039776856469405,0.042239069418974,487
LINEAR_4,modified frog chorus based,73.0,0.0408698063561924,0.0403569702470461,0.0427103985629541,492
LINEAR_4,modified frog chorus based,74.0,0.0413934636930847,0.0408838923921634,0.0431332722038254,484
LINEAR_4,modified frog chorus based,75.0,0.0419920622170935,0.041507773161664,0.0437105297960937,487
LINEAR_4,modified frog chorus based,76.0,0.0426409062529097,0.0421329633617029,0.0444560268067531,493
LINEAR_4,modified frog chorus based,77.0,0.0430982206177097,0.0426810427956873,0.0444741257493794,485
LINEAR_4,modified frog chorus based,78.0,0.0436444237604874,0.0432329592594805,0.0449796137059597,482
LINEAR_4,modified frog chorus based,79.0,0.0442280404265427,0.0437855382022868,0.0456206357572172,493
LINEAR_4,modified frog chorus based,80.0,0.0448344361740728,0.0443732753420802,0.0458968080414394,489
LINEAR_4,modified frog chorus based,81.0,0.0454082781828529,0.0449800977454236,0.0465047749979064,493
LINEAR_4,modified frog chorus based,82.0,0.0459484252085318,0.0455316438556674,0.0468072748775992,487
LINEAR_4,modified frog chorus based,83.0,0.0465586418499476,0.046084197316461,0.0472807302043365,487
LINEAR_4,modified frog chorus based,84.0,0.0472187638052485,0.0467227737862549,0.0479884628764693,491
LINEAR_4,modified frog chorus based,85.0,0.0477697321741763,0.0473178830247382,0.0484651779774403,489
LINEAR_4,modified frog chorus based,86.0,0.0483325559681614,0.0478862364403086,0.0489157117793643,485
LINEAR_4,modified frog chorus based,87.0,0.0489251856497975,0.0484328242649803,0.0495190570332467,486
LINEAR_4,modified frog chorus based,88.0,0.0494370771154814,0.0490266060411438,0.0501184669778377,487
LINEAR_4,modified frog chorus based,89.0,0.0500874783318318,0.0496026746171913,0.0506964461498247,490
LINEAR_4,modified frog chorus based,90.0,0.0506439625210233,0.050203427445505,0.0512210786469284,488
LINEAR_4,modified frog chorus based,91.0,0.0512321906296324,0.0507642676364217,0.0518418686390879,484
LINEAR_4,modified frog chorus based,92.0,0.0518023244232839,0.0513761355065282,0.0523206627250228,483
LINEAR_4,modified frog chorus based,93.0,0.052440872360982,0.0520111002104664,0.0530179344808195,484
LINEAR_4,modified frog chorus based,94.0,0.0530203617588294,0.0525215059971637,0.0535319283158879,488
LINEAR_4,modified frog chorus based,95.0,0.0536591191707902,0.0531973751592625,0.0541659322604771,484
LINEAR_4,modified frog chorus based,96.0,0.0542405812776822,0.0537407657786855,0.0548059067505965,488
LINEAR_4,modified frog chorus based,97.0,0.0548574693270516,0.0543712050051981,0.0553972640487823,488
LINEAR_4,modified frog chorus based,98.0,0.0553962273596496,0.054962102665943,0.0558844991841346,487
LINEAR_4,modified frog chorus based,99.0,0.0559478486740682,0.0555407275269464,0.0564494683174616,485
LINEAR_4,modified frog chorus based,100.0,0.056671107401787,0.0561680969418849,0.0571828304946867,487
LINEAR_4,modified frog chorus based,101.0,0.0571833693518632,0.056752983199884,0.0577257169980689,484
LINEAR_4,modified frog chorus based,102.0,0.0578643292593493,0.0573806298527416,0.0583953260588116,489
LINEAR_4,modified frog chorus based,103.0,0.0584530481833501,0.0580081845190524,0.0589804944929275,488
LINEAR_4,modified frog chorus based,104.0,0.0592188897279841,0.0586620806529568,0.0597569325151617,490
LINEAR_4,modified frog chorus based,105.0,0.0597488335878289,0.0592774723910996,0.0602030321991017,487
LINEAR_4,modified frog chorus based,106.0,0.0603976187664589,0.0598681334313066,0.0608599723478563,486
LINEAR_4,modified frog chorus based,107.0,0.0610647108730344,0.0605534161345916,0.061558297714621,492
LINEAR_4,modified frog chorus based,108.0,0.0616370103637297,0.0611478003836979,0.0621648061123562,483
LINEAR_4,modified frog chorus based,109.0,0.0622804905216217,0.061805698546683,0.0628107186338002,477
LINEAR_4,modified frog chorus based,110.0,0.0629260965701161,0.0624296285344545,0.0634599558599996,487
LINEAR_4,modified frog chorus based,111.0,0.0635616991311545,0.0630106169246639,0.0640154213108257,483
LINEAR_4,modified frog chorus based,112.0,0.0642704408105999,0.0636841037044454,0.0646821679497444,488
LINEAR_4,modified frog chorus based,113.0,0.06472099772504,0.0641705542947609,0.0652878005713415,488
LINEAR_4,modified frog chorus based,114.0,0.0653829383686882,0.0648693571724751,0.0659769399126355,486
LINEAR_4,modified frog chorus based,115.0,0.0659377149031592,0.0654546602311066,0.0665514618332539,481
LINEAR_4,modified frog chorus based,116.0,0.0666454939103857,0.0661094721648909,0.0671766679052147,486
LINEAR_4,modified frog chorus based,117.0,0.0671795410266007,0.0666796955079508,0.0678036549419014,484
LINEAR_4,modified frog chorus based,118.0,0.0677522005690788,0.0672227830854054,0.0684029756339699,483
LINEAR_4,modified frog chorus based,119.0,0.0683332312640744,0.0676442563613565,0.0690242689267691,482
LINEAR_4,modified frog chorus based,120.0,0.0688966643839007,0.0681549086675016,0.069627151095673,484
LINEAR_4,modified frog chorus based,121.0,0.0694583133521737,0.0685215346974141,0.0701613686509129,484
LINEAR_4,modified frog chorus based,122.0,0.0700554018022373,0.0690963708389942,0.0706918971030833,477
LINEAR_4,modified frog chorus based,123.0,0.0705020857986918,0.0695515293662045,0.0711239504574387,482
LINEAR_4,modified frog chorus based,124.0,0.0711162203378551,0.0699797325132569,0.0718962710888025,487
LINEAR_4,modified frog chorus based,125.0,0.0716522473319231,0.0704791707213813,0.0724539838522739,483
LINEAR_4,modified frog chorus based,126.0,0.0720080764377291,0.0706962078716525,0.0729914724922826,484
LINEAR_4,modified frog chorus based,127.0,0.0724273426130673,0.0711193227427586,0.0734879785175768,480
LINEAR_4,modified frog chorus based,128.0,0.0730530725332334,0.0716869502854539,0.0741353706702444,490
LINEAR_4,modified frog chorus based,129.0,0.0734503074091992,0.0718508386071774,0.0746499166514413,483
LINEAR_4,modified frog chorus based,130.0,0.0740116281400455,0.0724876331144214,0.0751924030332817,476
LINEAR_4,modified frog chorus based,131.0,0.0744217026589977,0.0729854987851331,0.0757872676001029,485
LINEAR_4,modified frog chorus based,132.0,0.0747071282083018,0.0730584184391803,0.0761687899921699,485
LINEAR_4,modified frog chorus based,133.0,0.0756563092061789,0.0740188244441363,0.0770106347207489,487
LINEAR_4,modified frog chorus based,134.0,0.0759196243716048,0.0745375751814882,0.0774753392610701,482
LINEAR_4,modified frog chorus based,135.0,0.0765161627474795,0.0748301792486615,0.0780524679140328,486
LINEAR_4,modified frog chorus based,136.0,0.0768115265401278,0.0750842072558764,0.0783490966903037,471
LINEAR_4,modified frog chorus based,137.0,0.0772854453428364,0.0757678832957216,0.079092853223653,482
LINEAR_4,modified frog chorus based,138.0,0.0777256371582458,0.0759719591144899,0.0792720668759753,482
LINEAR_4,modified frog chorus based,139.0,0.0783234991460344,0.0765875056786414,0.0800856200502665,486
LINEAR_4,modified frog chorus based,140.0,0.0789099060111714,0.077407686978988,0.0807526387002236,482
LINEAR_4,modified frog chorus based,141.0,0.0792660548015549,0.0776545044521865,0.0808396901238856,479
LINEAR_4,modified frog chorus based,142.0,0.0795689316788903,0.0780618284289632,0.0814589293511524,478
LINEAR_4,modified frog chorus based,143.0,0.0800015101555369,0.078496524446599,0.0820511581822773,483
LINEAR_4,modified frog chorus based,144.0,0.0805740700132857,0.0788636235100925,0.0824203552808725,482
LINEAR_4,modified frog chorus based,145.0,0.0807990802586658,0.0792063692098072,0.0827593440371013,484
LINEAR_4,modified frog chorus based,146.0,0.0813098778472183,0.079788306230656,0.0831597287883104,482
LINEAR_4,modified frog chorus based,147.0,0.0817290371687225,0.0801981653714756,0.0839054481903931,473
LINEAR_4,modified frog chorus based,148.0,0.0827099749583516,0.0809342780797218,0.0845374419988036,480
LINEAR_4,modified frog chorus based,149.0,0.0827611398247375,0.0810133266150142,0.0847024954119196,484
LINEAR_4,modified frog chorus based,150.0,0.0833892524222472,0.0813843618360997,0.0852461822054254,479
NewSIN,1-sin based,1.0,0.0398823573094475,0.0333982671763381,0.0472467022791771,499
NewSIN,1-sin based,2.0,0.0230067555655644,0.0175338071394003,0.0321871497875446,500
NewSIN,1-sin based,3.0,0.0156009678024866,0.0103056982531029,0.0235406937897835,500
NewSIN,1-sin based,4.0,0.0124750280848567,0.0092716124157971,0.0184648267228557,500
NewSIN,1-sin based,5.0,0.013073171324871,0.0098692926623715,0.0167708552626609,500
NewSIN,1-sin based,6.0,0.0139947014792852,0.010731492507097,0.0181333522261912,500
NewSIN,1-sin based,7.0,0.0150907920477252,0.0118539391470835,0.0194466142794817,500
NewSIN,1-sin based,8.0,0.0160060545826551,0.0124860218278062,0.0212605702000855,500
NewSIN,1-sin based,9.0,0.0170514662314835,0.0135044102143089,0.0224018963168814,500
NewSIN,1-sin based,10.0,0.017482216282939,0.0143047944071752,0.0237235709503665,500
NewSIN,1-sin based,11.0,0.018733310988551,0.0149756900120367,0.0254551849660647,499
NewSIN,1-sin based,12.0,0.0195103880702953,0.0159844271284856,0.0255949238942643,500
NewSIN,1-sin based,13.0,0.0199856938256431,0.0166260063704354,0.0264272046146708,500
NewSIN,1-sin based,14.0,0.0207324053113188,0.0168866496840621,0.0272916266596357,500
NewSIN,1-sin based,15.0,0.0215036395893619,0.0174197321313931,0.0275659498915634,500
NewSIN,1-sin based,16.0,0.0217297844262056,0.0175904127677026,0.028094288932204,499
NewSIN,1-sin based,17.0,0.0223473410985212,0.0184369726933553,0.0284737435137518,500
NewSIN,1-sin based,18.0,0.022930695997704,0.0185194991542454,0.0291945594407073,500
NewSIN,1-sin based,19.0,0.0234355770208066,0.0190340880047224,0.0292068851816641,500
NewSIN,1-sin based,20.0,0.0238815433885548,0.0196777702677443,0.0290633754983441,500
NewSIN,1-sin based,21.0,0.0243776159749798,0.0197728137277397,0.0300217184621308,500
NewSIN,1-sin based,22.0,0.0245114126153546,0.0204093928643028,0.0306982523888384,500
NewSIN,1-sin based,23.0,0.0250725435578905,0.0208836575720866,0.0303787703184096,500
NewSIN,1-sin based,24.0,0.0249710028343179,0.0209977391111844,0.0311443578208278,500
NewSIN,1-sin based,25.0,0.0254731200718597,0.0211690852315154,0.0318699004763063,500
NewSIN,1-sin based,26.0,0.0261662068094367,0.0220271674395862,0.0314966567616084,500
NewSIN,1-sin based,27.0,0.0262475969448609,0.0220625113645121,0.0313809863537556,500
NewSIN,1-sin based,28.0,0.0265473267840798,0.0219531733725526,0.032429172858267,500
NewSIN,1-sin based,29.0,0.0269666354611826,0.0222554679971512,0.0325096672774969,500
NewSIN,1-sin based,30.0,0.0270061404451792,0.0229993212618778,0.0324459477018578,500
NewSIN,1-sin based,31.0,0.027457072422478,0.023182027019072,0.0330900645995292,500
NewSIN,1-sin based,32.0,0.027436471638162,0.0234306732033251,0.0334215602731508,500
NewSIN,1-sin based,33.0,0.0277564009226536,0.0239456884690152,0.0330040618644775,500
NewSIN,1-sin based,34.0,0.0281969726374133,0.0243735177725762,0.0337145124839125,500
NewSIN,1-sin based,35.0,0.0284227734286921,0.024557960500067,0.0339114995383093,500
NewSIN,1-sin based,36.0,0.0289848035446987,0.0247861548356717,0.0336971744053759,500
NewSIN,1-sin based,37.0,0.0288222060852423,0.0252019609442145,0.0340469374779996,500
NewSIN,1-sin based,38.0,0.0294861057860123,0.0256292114245444,0.0343303774219677,500
NewSIN,1-sin based,39.0,0.0295274717529908,0.0258356116888964,0.0345636819373481,500
NewSIN,1-sin based,40.0,0.0297385599334309,0.026307069130827,0.0350199214674048,500
NewSIN,1-sin based,41.0,0.029982943066574,0.02679324946499,0.0352454958025342,500
NewSIN,1-sin based,42.0,0.0302918571285768,0.0267773904993736,0.0354019573355469,500
NewSIN,1-sin based,43.0,0.0306501451746931,0.0271868232925482,0.0355542999410103,500
NewSIN,1-sin based,44.0,0.030937636934375,0.0276170869214245,0.0354456774166487,500
NewSIN,1-sin based,45.0,0.0310558978096095,0.0281414411627437,0.0354490645996489,500
NewSIN,1-sin based,46.0,0.0315306712951136,0.02843088309519,0.0361102686277768,500
NewSIN,1-sin based,47.0,0.0318150162143631,0.0285856108822536,0.0363409560540669,500
NewSIN,1-sin based,48.0,0.0319741705473646,0.0289359155499542,0.0363821835792661,500
NewSIN,1-sin based,49.0,0.0322763572270364,0.0294608088204629,0.0370286807142051,500
NewSIN,1-sin based,50.0,0.0324661374190606,0.0297190043702972,0.0369721138437299,500
NewSIN,1-sin based,51.0,0.0328449345492485,0.0301172884715086,0.0370422278876056,500
NewSIN,1-sin based,52.0,0.0330562728925497,0.0305132331050063,0.0370837753573223,500
NewSIN,1-sin based,53.0,0.0332759077575567,0.0310533205249762,0.0372578061129311,500
NewSIN,1-sin based,54.0,0.0335789077487352,0.0313762496896438,0.0374321373746197,500
NewSIN,1-sin based,55.0,0.0342239005168094,0.0318185082715686,0.0379317183169893,499
NewSIN,1-sin based,56.0,0.0343488082935856,0.0322250101661748,0.0379210368292311,500
NewSIN,1-sin based,57.0,0.0347598681175047,0.0326209712884636,0.0378540932931474,500
NewSIN,1-sin based,58.0,0.0351926291628865,0.0331156133010195,0.0382187932130345,500
NewSIN,1-sin based,59.0,0.0355602342158261,0.0336890795632101,0.0385162331994527,500
NewSIN,1-sin based,60.0,0.0358941615678624,0.034151356421108,0.039001607744424,500
NewSIN,1-sin based,61.0,0.0362967021949413,0.0346870470653467,0.0394432293539791,500
NewSIN,1-sin based,62.0,0.0367143482524926,0.0352366361056349,0.0400481633114397,500
NewSIN,1-sin based,63.0,0.0370214906380679,0.0358009353492451,0.0397646301126772,500
NewSIN,1-sin based,64.0,0.0376069801707644,0.0363072010300401,0.0404216207996736,500
NewSIN,1-sin based,65.0,0.0381708938905727,0.0368839444729025,0.0408334992589185,500
NewSIN,1-sin based,66.0,0.0385389428847882,0.0374562197848129,0.0413521154794485,500
NewSIN,1-sin based,67.0,0.0389987395630137,0.0380090848995839,0.0410092977206612,500
NewSIN,1-sin based,68.0,0.0395317974193464,0.0385630238300613,0.0417307603244887,500
NewSIN,1-sin based,69.0,0.0400219342682393,0.0390947665455525,0.0422206557679095,500
NewSIN,1-sin based,70.0,0.0405854449330936,0.0396970845986361,0.0427041678792977,500
NewSIN,1-sin based,71.0,0.0410678633653533,0.0402568182412165,0.0429693160330431,500
NewSIN,1-sin based,72.0,0.0415324697123217,0.0409007342968644,0.0436093867897888,500
NewSIN,1-sin based,73.0,0.0420622775303591,0.0414567197106935,0.0442435454881691,500
NewSIN,1-sin based,74.0,0.0425884337752672,0.041954866740675,0.0444547772265106,500
NewSIN,1-sin based,75.0,0.0431457093828706,0.0425643880109466,0.0449730705185668,500
NewSIN,1-sin based,76.0,0.0437048867777193,0.0431366265863328,0.0454083567275868,500
NewSIN,1-sin based,77.0,0.0442742554617337,0.0436963425821646,0.0457834885296267,500
NewSIN,1-sin based,78.0,0.0447981268998353,0.0442798880244465,0.04607412835204,500
NewSIN,1-sin based,79.0,0.0453628417007132,0.0448525195545601,0.0465785453246198,500
NewSIN,1-sin based,80.0,0.0459527110345988,0.0454014610465529,0.0470545649597444,500
NewSIN,1-sin based,81.0,0.0465511911330617,0.0460436715137556,0.0475519396020041,500
NewSIN,1-sin based,82.0,0.0471718840335262,0.0465833458428772,0.0480933294528702,500
NewSIN,1-sin based,83.0,0.047689996927906,0.0471834850060019,0.0484239195177015,500
NewSIN,1-sin based,84.0,0.0482660112226428,0.0477181134052299,0.04911818131101,500
NewSIN,1-sin based,85.0,0.0488373394860146,0.0483264136091331,0.0495537229475327,500
NewSIN,1-sin based,86.0,0.0494082093996754,0.0488992520516401,0.0502402788766748,500
NewSIN,1-sin based,87.0,0.049985151446014,0.0494199754729359,0.0506737209931815,500
NewSIN,1-sin based,88.0,0.0504893711504953,0.0500354840748079,0.0512241435123112,500
NewSIN,1-sin based,89.0,0.0512170769560928,0.0506695060989249,0.0518738572894619,500
NewSIN,1-sin based,90.0,0.0517510751048773,0.0512269344005604,0.0523927998122291,500
NewSIN,1-sin based,91.0,0.0522864705906525,0.0518361966156137,0.0529516534885472,500
NewSIN,1-sin based,92.0,0.0529278169730836,0.0524479866844847,0.0535250022941529,500
NewSIN,1-sin based,93.0,0.0534434152085861,0.052861970928074,0.0540212770497342,500
NewSIN,1-sin based,94.0,0.0540432669773033,0.0535358594178769,0.0546551154727735,500
NewSIN,1-sin based,95.0,0.0546989246525285,0.0541068561088256,0.0552647341346586,500
NewSIN,1-sin based,96.0,0.0552184823540442,0.054684582154313,0.0558109952413869,500
NewSIN,1-sin based,97.0,0.0558618643158695,0.0553120613387759,0.0564421622033861,500
NewSIN,1-sin based,98.0,0.0564075791302399,0.055902559756638,0.0570365518112745,500
NewSIN,1-sin based,99.0,0.0570211548720497,0.0564873107562478,0.0576043545165266,500
NewSIN,1-sin based,100.0,0.0576325987326162,0.057163232095773,0.0581656548940343,500
NewSIN,1-sin based,101.0,0.0582571258112312,0.0577321881559934,0.0587373315781097,500
NewSIN,1-sin based,102.0,0.0588672126278826,0.0582918919732274,0.0594592586668655,500
NewSIN,1-sin based,103.0,0.0595109942398734,0.0589319702819767,0.0600522591440358,500
NewSIN,1-sin based,104.0,0.0601078169806865,0.0595075514407108,0.0607039834867229,500
NewSIN,1-sin based,105.0,0.0607696454581571,0.0602074805054701,0.0613206553023061,500
NewSIN,1-sin based,106.0,0.0613811205361454,0.0607890813260381,0.0619227565211642,500
NewSIN,1-sin based,107.0,0.0620463385856402,0.0614186378837306,0.062545775150957,500
NewSIN,1-sin based,108.0,0.0625943578099842,0.0620328813389367,0.0631794169336866,500
NewSIN,1-sin based,109.0,0.0632535971365996,0.0625303832730902,0.0638391706511613,500
NewSIN,1-sin based,110.0,0.0638083124940852,0.0631858573914532,0.064344821035234,500
NewSIN,1-sin based,111.0,0.0643922247376556,0.0637058858955861,0.0649981478155015,500
NewSIN,1-sin based,112.0,0.0649898823359176,0.0642872573239317,0.0656419824168513,499
NewSIN,1-sin based,113.0,0.0656830396442793,0.0650703559087712,0.0661813462719458,500
NewSIN,1-sin based,114.0,0.0662838341806816,0.065436540857975,0.0668581891006195,500
NewSIN,1-sin based,115.0,0.0668440667281057,0.0658131404402165,0.0674565953864585,500
NewSIN,1-sin based,116.0,0.0672858710067043,0.0663280654772947,0.0678653620662539,500
NewSIN,1-sin based,117.0,0.0678221365014987,0.0667781002369569,0.0685123505964739,500
NewSIN,1-sin based,118.0,0.0684125058817357,0.0673370330138778,0.0690752426905647,500
NewSIN,1-sin based,119.0,0.069125159082428,0.0680635033294454,0.0698184328558763,499
NewSIN,1-sin based,120.0,0.069456387798072,0.0682797179484083,0.0702159606512676,499
NewSIN,1-sin based,121.0,0.0698379873549479,0.0688071139730018,0.0708335826982023,499
NewSIN,1-sin based,122.0,0.0705462765208838,0.0695041287871828,0.0715436304321313,499
NewSIN,1-sin based,123.0,0.0710652216857327,0.0697292254974945,0.0721242259231652,500
NewSIN,1-sin based,124.0,0.0713664489562433,0.0701197552102377,0.0726534298339969,499
NewSIN,1-sin based,125.0,0.0721086279014562,0.0706892638445021,0.0732774110351627,500
NewSIN,1-sin based,126.0,0.0723956205785098,0.0711166823163874,0.0736212715485164,500
NewSIN,1-sin based,127.0,0.072818864822762,0.071450244068001,0.074269118957612,500
NewSIN,1-sin based,128.0,0.0735558333550687,0.0722821241322191,0.0748838829750873,500
NewSIN,1-sin based,129.0,0.0742053471524943,0.0725380807328601,0.0754934229063742,500
NewSIN,1-sin based,130.0,0.0745060095506316,0.073031783221386,0.075951612455266,500
NewSIN,1-sin based,131.0,0.075013328179443,0.0734733477122687,0.076436535852714,500
NewSIN,1-sin based,132.0,0.0753853402921908,0.0737045929048169,0.076755065391925,500
NewSIN,1-sin based,133.0,0.0758052335306423,0.0743794813286009,0.0773635927746311,500
NewSIN,1-sin based,134.0,0.0760365605357318,0.0744995328071321,0.0776714215338966,499
NewSIN,1-sin based,135.0,0.07670317817575,0.0751384547586688,0.0783026724448294,499
NewSIN,1-sin based,136.0,0.076839794360116,0.0753158915935666,0.0783724377710852,500
NewSIN,1-sin based,137.0,0.0775704031177526,0.075897963354517,0.0790446397913087,500
NewSIN,1-sin based,138.0,0.0777858430403704,0.0761058414887749,0.0794056281315559,500
NewSIN,1-sin based,139.0,0.0783116641201898,0.0767209838823906,0.0800269749415262,499
NewSIN,1-sin based,140.0,0.0789364209674511,0.0770910420971277,0.0805468698643176,499
NewSIN,1-sin based,141.0,0.0791368141752308,0.0773791384179069,0.0807521869308402,499
NewSIN,1-sin based,142.0,0.0793623416801959,0.0778609186605027,0.0811597220764018,500
NewSIN,1-sin based,143.0,0.0799272428282794,0.0782719056778166,0.0817227616360534,500
NewSIN,1-sin based,144.0,0.0801092894998015,0.0785276006467759,0.0818546634277759,500
NewSIN,1-sin based,145.0,0.0806941127269216,0.0787744493088515,0.0824637937621141,500
NewSIN,1-sin based,146.0,0.0809564592441827,0.0794332553767145,0.0828194345353333,500
NewSIN,1-sin based,147.0,0.0814388236638466,0.0798470413816707,0.0831849432701168,499
NewSIN,1-sin based,148.0,0.0821062721338496,0.0804257509070417,0.0837970904012042,500
NewSIN,1-sin based,149.0,0.0821346004241642,0.0804277312179747,0.0839409317767164,500
NewSIN,1-sin based,150.0,0.0827296407184656,0.0808687425906385,0.0845528471794978,500
