SrcName,Time,Message
0024,22.34942206,1
000C,22.44967799,1
0024,37.37987123,1
000C,37.37997421,1
0019,37.48028272,1
0024,52.30904482,1
000C,52.40919739,1
0019,52.50937173,1
0024,67.23801043,1
000C,67.53883078,1
0019,67.63915877,1
0024,82.16812857,1
000C,82.46893949,1
0019,82.76964946,1
0024,97.10000715,1
000C,97.50102884,1
0019,97.80188635,1
0024,112.03041685,1
000C,112.43142054,1
0019,112.93282887,1
0024,126.96112251,1
000C,127.56248405,1
0019,127.96363543,1
0024,141.99167632,1
000C,142.49284465,1
0019,143.09447560,1
0024,156.92329445,1
000C,157.52471105,1
0019,158.12617746,1
0024,171.85359813,1
000C,172.45506223,1
0019,173.25695074,1
0032,173.25707503,1
0024,186.78542603,1
000C,187.58715351,1
0019,188.28876925,1
0024,201.71561343,1
000C,202.51739406,1
0019,203.41941658,1
002F,203.41950573,1
0024,216.64677027,1
000C,217.54869895,1
0019,218.45078719,1
000D,218.45090562,1
0024,231.57714770,1
000C,232.48005339,1
0017,233.38203316,1
0019,233.48233992,1
000D,233.58270654,1
0024,246.50877368,1
000C,247.51102764,1
0017,248.31281892,1
0019,248.61355417,1
000D,248.61365257,1
0024,261.43921064,1
000C,262.44147222,1
0017,263.24340144,1
0019,263.64439786,1
000D,263.74479482,1
0024,276.37066550,1
000C,277.37290249,1
0017,278.17473702,1
0019,278.77609175,1
0032,278.77619572,1
0024,291.30175210,1
000C,292.30398635,1
0017,293.10576442,1
0019,293.90740054,1
0032,293.90748563,1
0024,306.23424299,1
000C,307.23659834,1
0017,308.13863947,1
0019,308.94043472,1
0032,308.94052768,1
0024,321.16611981,1
000C,322.16840497,1
0017,323.17062211,1
0019,323.97251605,1
0032,324.07284744,1
0021,324.07294198,1
0024,336.19751415,1
000C,337.19951607,1
0017,338.10149893,1
001A,339.00370018,1
0019,339.10400774,1
0032,339.10410740,1
0031,339.10414971,1
0024,351.12871135,1
000C,352.13096021,1
0017,353.23336180,1
001A,353.93505181,1
0019,354.13564649,1
0032,354.23594399,1
0031,354.23605123,1
0024,366.05985564,1
000C,367.16228299,1
0017,368.16453876,1
001A,368.86613041,1
0019,369.26710818,1
0032,369.26718725,1
000A,369.26722768,1
0024,380.99097884,1
000C,382.09344492,1
0017,383.09590286,1
001A,383.79758810,1
0019,384.29876508,1
001D,384.39909286,1
002A,384.39920867,1
0024,395.92058692,1
000C,397.02220164,1
0017,398.02363395,1
001A,398.72469375,1
0019,399.42610543,1
001D,399.42619967,1
0030,399.42624252,1
0024,410.84851910,1
000C,411.95074771,1
0017,412.95270308,1
001A,413.75433065,1
0019,414.45586077,1
000D,414.55617936,1
0020,414.55627673,1
0024,425.77817449,1
000C,426.88059821,1
0017,427.88281685,1
001A,428.78478916,1
0019,429.58661011,1
000D,429.58670207,1
0002,429.58674507,1
0024,440.70804520,1
000C,441.81038106,1
0017,442.81253016,1
001A,443.81472482,1
0019,444.61646443,1
000D,444.71678361,1
0013,444.71690055,1
0024,455.63842818,1
000C,456.74078712,1
0017,457.94332256,1
001A,458.74536800,1
0019,459.74761704,1
000D,459.74770117,1
0032,459.74773711,1
002A,459.84809181,1
0024,470.56927119,1
000C,471.87202349,1
0017,472.87427203,1
001A,473.87778485,1
0019,474.67942001,1
002F,474.88017994,1
0032,474.88028364,1
0031,474.88034938,1
0024,485.60180464,1
000C,486.80450573,1
0017,487.90686911,1
001A,488.80879809,1
0019,489.61045484,1
0016,489.81100472,1
002F,489.91126560,1
0032,489.91137243,1
0031,490.01162879,1
0024,500.53242758,1
000C,501.73504033,1
0017,502.83757750,1
001A,503.83979025,1
0019,504.54127969,1
0016,504.74184614,1
002F,505.04264089,1
0032,505.04273889,1
0031,505.04278119,1
0024,515.46365737,1
000C,516.66636318,1
0017,517.76868138,1
001A,518.77080904,1
0019,519.47235843,1
0016,519.87336842,1
002F,520.07392372,1
0022,520.07401264,1
002A,520.17437801,1
0024,530.39631948,1
000C,531.59892315,1
0017,532.70118489,1
001A,533.70320150,1
0019,534.40474602,1
0016,534.80586249,1
002F,535.20679126,1
0022,535.20686987,1
0031,535.20691015,1
0024,545.32702542,1
000C,546.52964316,1
0017,547.63205707,1
001A,548.63425320,1
0019,549.33583678,1
0016,549.83703699,1
002F,550.23807992,1
0022,550.23816972,1
0031,550.33849921,1
0024,560.25802983,1
000C,561.46057240,1
0017,562.66318056,1
001A,563.56515836,1
0019,564.26677854,1
0016,564.76797069,1
002F,565.36926521,1
000D,565.36936905,1
0011,565.36941323,1
000F,565.36945258,1
0024,575.18918420,1
000C,576.39179721,1
0017,577.59439197,1
001A,578.59653648,1
0019,579.19781974,1
0016,579.89953405,1
001D,580.30054262,1
0018,580.40084428,1
001F,580.40095737,1
0031,580.50127131,1
0024,590.12057587,1
000C,591.32318599,1
0017,592.52575742,1
001A,593.52792778,1
0019,594.32977054,1
0016,594.83108066,1
002F,595.23224762,1
0018,595.53303852,1
0032,595.53314211,1
0013,595.53318429,1
0024,605.05206465,1
000C,606.25465239,1
0017,607.45722697,1
001A,608.45947503,1
0019,609.26126177,1
0016,609.76241339,1
002F,610.16350428,1
0018,610.56444781,1
001F,610.56454113,1
000A,610.66493156,1
0024,619.98414960,1
000C,621.28712201,1
0017,622.38959400,1
001A,623.39552174,1
0019,624.19744861,1
0016,624.69859886,1
002F,625.19970944,1
0018,625.70083221,1
001F,625.70092547,1
0010,625.70096900,1
0024,634.91976250,1
000C,636.22252334,1
0017,637.32481495,1
001A,638.32696215,1
0019,639.12875291,1
0016,639.73007164,1
002F,640.13091690,1
0018,640.73229808,1
0032,640.73239210,1
0024,649.95134299,1
000C,651.15396698,1
0017,652.25653972,1
001A,653.25877104,1
0019,654.06052091,1
0016,654.66173622,1
002F,655.26369070,1
0018,655.86496796,1
0032,655.86509233,1
0002,655.86513573,1
0024,664.88611544,1
000C,666.08890526,1
0017,667.19135629,1
001A,668.19350917,1
0019,668.99525351,1
0016,669.59657515,1
002F,670.29821024,1
0018,670.89965933,1
001F,670.89977284,1
0011,671.00012807,1
0024,679.81781040,1
000C,681.02047053,1
0017,682.12286378,1
001A,683.12506834,1
0019,683.92680661,1
0016,684.72857989,1
002F,685.22970274,1
0018,686.03148017,1
000D,686.03157312,1
0011,686.03161708,1
0024,694.74902491,1
000C,695.95167346,1
0017,697.05403120,1
001A,698.05625718,1
0019,699.05843155,1
0016,699.65971011,1
002F,700.36130398,1
0018,701.06294929,1
000D,701.06304504,1
0022,701.16332938,1
002A,701.16343470,1
0024,709.68046993,1
000C,710.88327235,1
0017,711.98558417,1
001A,713.18787608,1
0019,713.98971102,1
0016,714.79157615,1
002F,715.39291114,1
0018,715.99433835,1
000D,716.19490251,1
0032,716.19498760,1
0013,716.19502519,1
0024,724.61196817,1
000C,725.81445933,1
0017,727.11733297,1
001A,728.11949476,1
0019,729.02147157,1
0016,729.72298843,1
002F,730.32431653,1
001D,730.52489828,1
0018,730.92597971,1
000D,731.22678853,1
0032,731.22688788,1
0013,731.32723783,1
0024,739.54372033,1
000C,740.94687384,1
0017,742.04933279,1
001A,743.15173330,1
0019,743.95349575,1
0016,744.75536535,1
002F,745.25654433,1
001D,745.55733259,1
0018,745.85813461,1
000D,746.35937166,1
0032,746.35946654,1
0011,746.35950988,1
0024,754.47598247,1
000C,755.87955885,1
0017,757.08210715,1
001A,758.08432710,1
0019,759.08661752,1
0016,759.68797519,1
002F,760.18922138,1
001D,760.69041886,1
0018,760.99123369,1
000D,761.39214586,1
0032,761.49254144,1
0021,761.49266727,1
0024,769.40841669,1
000C,770.81152500,1
0017,772.01404461,1
001A,773.21667157,1
0019,774.01859749,1
0016,774.61990934,1
002F,775.12105261,1
001D,775.62217803,1
0018,776.02330707,1
0030,776.42430144,1
000D,776.52462304,1
0032,776.52473943,1
0013,776.52478265,1
0024,784.34026903,1
000C,785.74329544,1
0017,787.04632150,1
001A,788.14873010,1
0019,788.95059253,1
0016,789.55194873,1
002F,790.15363204,1
001D,790.65487153,1
0018,790.95570651,1
0030,791.35663350,1
000D,791.55719795,1
0032,791.55729791,1
0013,791.65763488,1
0024,799.27319948,1
000C,800.67609198,1
0017,801.98030634,1
001A,803.08290351,1
0019,803.88480946,1
0016,804.48622786,1
002F,805.18789345,1
001D,805.58897547,1
0018,806.09034476,1
0030,806.29095925,1
000D,806.69198312,1
0032,806.69207560,1
0011,806.69211936,1
002A,806.69215769,1
0024,814.30814160,1
000C,815.61102578,1
0017,816.91395594,1
001A,818.01638982,1
0019,818.81839387,1
0016,819.62029710,1
002F,820.12149339,1
001D,820.72283116,1
0018,821.02356640,1
0030,821.32436784,1
000D,821.62517035,1
001F,821.72551900,1
0022,821.82584288,1
0020,821.82592930,1
0024,829.24078606,1
000C,830.54352833,1
0017,831.84627999,1
001A,832.94908714,1
0019,833.85106844,1
0016,834.55265209,1
002F,835.25424959,1
001D,835.65536722,1
0018,836.05697112,1
0030,836.25740950,1
000D,836.55810644,1
001F,836.85885317,1
0022,836.85896030,1
000B,836.85900356,1
0024,844.17354050,1
000C,845.47626818,1
0017,846.77981331,1
001A,847.88246242,1
0019,848.78445596,1
0016,849.58619219,1
002F,850.18771182,1
001D,850.68889055,1
0018,850.98970175,1
0030,851.39077945,1
000D,851.59135566,1
001F,851.89223253,1
0022,851.99258981,1
000A,851.99271068,1
0024,859.10678052,1
000C,860.40955760,1
0017,861.71240916,1
001A,862.81472658,1
0019,863.81698561,1
0016,864.51857644,1
002F,865.22015982,1
001D,865.62113814,1
0018,866.12234977,1
0030,866.32292328,1
000D,866.72386287,1
001F,867.02467216,1
0022,867.02477568,1
0024,874.03867778,1
000C,875.34134234,1
0017,876.64409483,1
001A,877.74636921,1
0019,878.74851255,1
0016,879.45003457,1
002F,880.15175243,1
001D,880.75312901,1
0018,881.05393945,1
0030,881.35477987,1
000D,881.65559154,1
001F,882.05672172,1
0022,882.15710191,1
0021,882.15722615,1
0024,888.97048564,1
000C,890.27331823,1
0017,891.57605360,1
001A,892.67929707,1
0019,893.68185412,1
0016,894.38338838,1
002F,895.08512733,1
001D,895.68643691,1
0018,896.08754409,1
0030,896.28812154,1
000D,896.68907591,1
001F,897.19023512,1
0022,897.19032978,1
000B,897.19037358,1
0024,903.90398298,1
000C,905.20678569,1
0017,906.50949446,1
001A,907.61188816,1
0019,908.61411581,1
0016,909.31573123,1
002F,910.01736575,1
001D,910.61873057,1
0018,911.01977888,1
0030,911.42079305,1
000D,911.82196673,1
001F,912.22291391,1
0022,912.32325630,1
0021,912.32336974,1
0024,918.83632426,1
000C,920.23939846,1
0017,921.44216818,1
001A,922.54457022,1
0019,923.54699429,1
0016,924.34883747,1
002F,924.95044801,1
001D,925.55173066,1
0018,925.95241450,1
0030,926.45315056,1
000D,926.85377726,1
001F,927.35449708,1
0022,927.35455545,1
0013,927.35457332,1
0024,933.76534070,1
000C,935.16989616,1
0017,936.37234006,1
001A,937.47476462,1
0019,938.47691623,1
0016,939.27887794,1
002F,939.88037972,1
001D,940.48170959,1
0018,941.08318689,1
0030,941.48407743,1
000D,941.98526609,1
0031,942.28604110,1
001F,942.38635082,1
0032,942.48674259,1
0011,942.48685466,1
0024,948.69903529,1
000C,950.10233387,1
0017,951.30491316,1
001A,952.40712363,1
0019,953.40934751,1
0016,954.21126795,1
002F,954.81266800,1
001D,955.61445485,1
0018,956.01560741,1
0030,956.51678206,1
000D,956.91795579,1
0031,957.21868225,1
001F,957.51946761,1
0032,957.51956344,1
0011,957.51960725,1
0024,963.63228433,1
000C,965.03520913,1
0017,966.23770131,1
001A,967.33998357,1
0019,968.34214740,1
0016,969.14403466,1
002F,969.94590769,1
001D,970.54743013,1
0018,971.04867978,1
0030,971.44968059,1
000D,971.95090590,1
0031,972.15147699,1
001F,972.55238760,1
0032,972.65282016,1
0011,972.65294188,1
0024,978.56475053,1
000C,979.96770771,1
0017,981.27050071,1
001A,982.37304032,1
0019,983.27499927,1
0016,984.17695610,1
002F,984.87859505,1
001D,985.58012829,1
0018,985.98120671,1
0030,986.58258338,1
000D,986.88347407,1
0031,987.28438956,1
001F,987.68531615,1
0032,987.68540998,1
0013,987.68545405,1
0024,993.59731997,1
000C,994.90008535,1
0017,996.20296883,1
001A,997.30539703,1
0019,998.40776788,1
0016,999.10939010,1
002F,999.91115540,1
001D,1000.51247853,1
0018,1001.11389922,1
0030,1001.51500786,1
000D,1002.01626241,1
0031,1002.31699745,1
001F,1002.71792476,1
0032,1002.71800968,1
0011,1002.81831985,1
000F,1002.81843931,1
0024,1008.52969970,1
000C,1009.83237217,1
0017,1011.13504637,1
001A,1012.33764028,1
0019,1013.33984070,1
0016,1014.24193124,1
002F,1014.84332852,1
001D,1015.64505172,1
0018,1016.04605296,1
0030,1016.54719223,1
000D,1016.94830653,1
0031,1017.44940686,1
001F,1017.64996107,1
0032,1017.85052356,1
0011,1017.85065535,1
000F,1017.85069230,1
0024,1023.46157091,1
000C,1024.76442752,1
0017,1026.16744830,1
001A,1027.26977237,1
0019,1028.37206740,1
0016,1029.17389031,1
002F,1029.97574469,1
001D,1030.57717940,1
0018,1031.07849430,1
0030,1031.47956372,1
000D,1031.98087801,1
0031,1032.38185511,1
001F,1032.58241256,1
0032,1032.88327484,1
0011,1032.98363075,1
002A,1032.98375032,1
0024,1038.39449113,1
000C,1039.89771646,1
0017,1041.10017824,1
001A,1042.40290170,1
0019,1043.30487585,1
0016,1044.20689767,1
002F,1044.90841376,1
001D,1045.60994130,1
0018,1046.11121374,1
0030,1046.61240071,1
000D,1046.91322696,1
0031,1047.31426378,1
001F,1047.71528903,1
0032,1048.01608763,1
0011,1048.01618431,1
000F,1048.01628953,1
0024,1053.32696249,1
000C,1054.83016449,1
0017,1056.23311412,1
001A,1057.33563265,1
0019,1058.43811638,1
0016,1059.13976967,1
002F,1059.94167761,1
001D,1060.54303502,1
0018,1061.14443394,1
0030,1061.54539115,1
000D,1062.04686193,1
0031,1062.34762868,1
001F,1062.64841478,1
0032,1063.04952201,1
0011,1063.14985121,1
002A,1063.14997377,1
0024,1068.26011853,1
000C,1069.76314670,1
0017,1071.16618701,1
001A,1072.36871902,1
0019,1073.37095147,1
0016,1074.27303161,1
002F,1074.97460759,1
001D,1075.67604948,1
0018,1076.07811975,1
0030,1076.57923891,1
000D,1076.98030546,1
0031,1077.28105139,1
001F,1077.68201771,1
0032,1078.18322537,1
0011,1078.18333751,1
002A,1078.18338005,1
0024,1083.19349784,1
000C,1084.69650352,1
0017,1086.09953970,1
001A,1087.30221371,1
0019,1088.40462329,1
0016,1089.20659728,1
002F,1090.00831963,1
001D,1090.60959387,1
0018,1091.21149702,1
0030,1091.51225818,1
000D,1092.01352743,1
0031,1092.41447897,1
001F,1092.81555288,1
0032,1093.21651769,1
0022,1093.31687489,1
0013,1093.31699865,1
0024,1098.12660578,1
000C,1099.62972031,1
0017,1101.03285243,1
001A,1102.23543422,1
0019,1103.33793539,1
0016,1104.23996335,1
002F,1104.94155331,1
001D,1105.64310941,1
0018,1106.14445803,1
0030,1106.64567248,1
000D,1106.94651075,1
0031,1107.44768535,1
001F,1107.84880369,1
0032,1108.35001590,1
0022,1108.35011062,1
0011,1108.35018612,1
0024,1113.05989287,1
000C,1114.56296345,1
0017,1115.96577539,1
001A,1117.16826465,1
0019,1118.27051807,1
0016,1119.17254242,1
002F,1120.07441912,1
001D,1120.57544306,1
0018,1121.17692634,1
0030,1121.57786203,1
000D,1122.07909989,1
0031,1122.37986295,1
001F,1122.98221693,1
0032,1123.38315761,1
0022,1123.48350707,1
0011,1123.48361294,1
0024,1127.99296753,1
000C,1129.49597635,1
0017,1130.89901784,1
001A,1132.10152249,1
0019,1133.20400081,1
0016,1134.10598890,1
002F,1135.00799025,1
001D,1135.70935682,1
0018,1136.11040662,1
0030,1136.61157511,1
000D,1137.01254598,1
0031,1137.51371381,1
001F,1137.91477668,1
0032,1138.51614352,1
0022,1138.51623652,1
0013,1138.51627969,1
0024,1142.92512990,1
000C,1144.42824986,1
0017,1145.83135245,1
001A,1147.03396212,1
0019,1148.13633044,1
0016,1149.03823856,1
002F,1149.94035761,1
001D,1150.64196544,1
0018,1151.24343780,1
0030,1151.54420241,1
000D,1152.04544692,1
0031,1152.44638631,1
001F,1152.94758578,1
0032,1153.54893959,1
0022,1153.54903231,1
0011,1153.64930662,1
002A,1153.64942170,1
0024,1157.95793787,1
000C,1159.36092961,1
0017,1160.76391051,1
001A,1162.06663508,1
0019,1163.06873471,1
0016,1164.07110580,1
002F,1164.87293720,1
001D,1165.57466330,1
0018,1166.17619101,1
000D,1167.07929455,1
0031,1167.48016733,1
001F,1168.08168876,1
0032,1168.48265599,1
0022,1168.68323608,1
0011,1168.68338278,1
002A,1168.68342106,1
0024,1172.89187532,1
000C,1174.29492182,1
0017,1175.69795380,1
001A,1177.00087888,1
0019,1178.00312569,1
0016,1179.00536079,1
002F,1179.80730191,1
001D,1180.50890872,1
0018,1181.11051331,1
0030,1181.61173630,1
000D,1182.11302930,1
0031,1182.61425629,1
001F,1183.01540909,1
0032,1183.41642045,1
0022,1183.71720678,1
0011,1183.81756925,1
002A,1183.81770198,1
0024,1187.82550701,1
000C,1189.32872331,1
0017,1190.63160740,1
001A,1191.93441373,1
0019,1193.03683253,1
0016,1193.93879104,1
002F,1194.74058675,1
001D,1195.44214757,1
0018,1196.04365386,1
0030,1196.64489933,1
000D,1197.14608063,1
0031,1197.54705480,1
001F,1198.04828221,1
0032,1198.34905916,1
0022,1198.85030433,1
0011,1198.85041857,1
002A,1198.85046201,1
0024,1202.75836564,1
000C,1204.26143165,1
0017,1205.56416390,1
001A,1206.86709942,1
0019,1207.96953047,1
0016,1208.87160683,1
002F,1209.67333119,1
001D,1210.37498703,1
0018,1211.07798446,1
0030,1211.57915688,1
000D,1212.08044010,1
0031,1212.58151335,1
001F,1212.98271837,1
0032,1213.48383595,1
0022,1213.88486412,1
0011,1213.98519334,1
000F,1213.98529632,1
0024,1217.69262772,1
000C,1219.19587480,1
0017,1220.59872511,1
001A,1221.80124368,1
0019,1222.90369627,1
0016,1223.80573483,1
002F,1224.60749869,1
001D,1225.40948473,1
0018,1226.01106546,1
0030,1226.71264632,1
000D,1227.21393986,1
0031,1227.61460923,1
001F,1228.11548554,1
0032,1228.51611706,1
0022,1229.01693122,1
0011,1229.01698126,1
002A,1229.01699870,1
0024,1232.62216938,1
000C,1234.12527834,1
0017,1235.52844510,1
001A,1236.73103863,1
0019,1237.83362140,1
0016,1238.73556946,1
002F,1239.63774752,1
001D,1240.33937155,1
0018,1241.14117200,1
0030,1241.64235515,1
000D,1242.14356125,1
0031,1242.64473708,1
001F,1243.04580884,1
0032,1243.64713257,1
0022,1244.04819498,1
0011,1244.14855498,1
000F,1244.14866955,1
0024,1247.55541861,1
000C,1249.05864474,1
0017,1250.46174882,1
001A,1251.66447820,1
0019,1252.76682682,1
0016,1253.76896250,1
002F,1254.57075097,1
001D,1255.47269224,1
0018,1256.07401005,1
0030,1256.67537856,1
000D,1257.27677399,1
0031,1257.57769903,1
001F,1258.07907138,1
0032,1258.58021370,1
0022,1259.18192766,1
0011,1259.18205481,1
000F,1259.18209905,1
0024,1262.48972055,1
000C,1263.99289718,1
0017,1265.39576628,1
001A,1266.59835970,1
0019,1267.80093975,1
0016,1268.70280027,1
002F,1269.70487589,1
001D,1270.40643071,1
0018,1271.10824047,1
0030,1271.60935225,1
000D,1272.21082479,1
0031,1272.71198400,1
001F,1273.01274267,1
0032,1273.61407471,1
0022,1274.11523397,1
0011,1274.31580590,1
002A,1274.31589975,1
0024,1277.42217087,1
000C,1278.92552166,1
0017,1280.32843726,1
001A,1281.63110818,1
0019,1282.73346656,1
0016,1283.83578064,1
002F,1284.63761448,1
001D,1285.43937315,1
0018,1286.04079162,1
0030,1286.74230868,1
000D,1287.24345012,1
0031,1287.64445913,1
001F,1288.14571416,1
0032,1288.54672322,1
0022,1289.04788819,1
0011,1289.34866304,1
000F,1289.34875754,1
0024,1292.35465371,1
000C,1293.85783282,1
0017,1295.36105816,1
001A,1296.66392572,1
0019,1297.86657682,1
0016,1298.76849720,1
002F,1299.67041158,1
001D,1300.47229152,1
0018,1301.17399680,1
0030,1301.67523725,1
000D,1302.17648371,1
0031,1302.67765392,1
001F,1303.07877236,1
0032,1303.68032266,1
0022,1303.98123728,1
0011,1304.48250382,1
0024,1307.38833836,1
000C,1308.99177698,1
0017,1310.29457910,1
001A,1311.69754996,1
0019,1312.80006339,1
0016,1313.80220214,1
002F,1314.60402248,1
001D,1315.50610896,1
0018,1316.10752389,1
0030,1316.70885219,1
000D,1317.31024160,1
0031,1317.61104856,1
001F,1318.11229397,1
0032,1318.61342739,1
0022,1319.01448763,1
0011,1319.51569288,1
002A,1319.51583215,1
0024,1322.32180583,1
000C,1323.92529119,1
0017,1325.42839248,1
001A,1326.63114358,1
0019,1327.83360260,1
0016,1328.73553664,1
002F,1329.73754806,1
001D,1330.43907241,1
0018,1331.14064991,1
0030,1331.64179238,1
000D,1332.24321849,1
0031,1332.74440332,1
001F,1333.14540388,1
0032,1333.64658231,1
0022,1334.14779145,1
0011,1334.64899886,1
002A,1334.64909894,1
0024,1337.25446054,1
000C,1338.85802951,1
0017,1340.36105057,1
001A,1341.76391669,1
0019,1342.76607518,1
0016,1343.86851014,1
002F,1344.67021450,1
001D,1345.57230867,1
0018,1346.07348500,1
0030,1346.77503582,1
000D,1347.27614986,1
0031,1347.67717043,1
001F,1348.17861000,1
0032,1348.57952674,1
0022,1349.18092211,1
0011,1349.68208165,1
000A,1349.68217224,1
0024,1352.18701987,1
000C,1353.79039143,1
0017,1355.29355219,1
001A,1356.69650711,1
0019,1357.89907509,1
0016,1358.80109674,1
002F,1359.70296993,1
001D,1360.50471625,1
0018,1361.20627749,1
0030,1361.70745325,1
000D,1362.20870493,1
0031,1362.70984245,1
001F,1363.11088988,1
0032,1363.71219254,1
0022,1364.11320325,1
0011,1364.81486890,1
000F,1364.81500167,1
0024,1367.11976018,1
000C,1368.72301165,1
0017,1370.22617526,1
001A,1371.62918218,1
0019,1372.83170510,1
0016,1373.83381407,1
002F,1374.63544567,1
001D,1375.53729465,1
0018,1376.13876296,1
0030,1376.74008432,1
000D,1377.34134274,1
0031,1377.64210824,1
001F,1378.24368715,1
0032,1378.64460880,1
0022,1379.24607015,1
0011,1379.84727337,1
0024,1382.05172929,1
000C,1383.65517116,1
0017,1385.15829026,1
001A,1386.56122520,1
0019,1387.76379259,1
0016,1388.76585115,1
002F,1389.76787740,1
001D,1390.46943240,1
0018,1391.17125226,1
0030,1391.67242013,1
000D,1392.27387695,1
0031,1392.77510402,1
001F,1393.17615867,1
0032,1393.67733117,1
0022,1394.27865391,1
0011,1394.98044677,1
000A,1394.98054298,1
0024,1396.98490200,1
000C,1398.58820198,1
0017,1400.09137522,1
001A,1401.49426413,1
0019,1402.69679184,1
0016,1403.79930378,1
002F,1404.70129297,1
001D,1405.60331936,1
0018,1406.10447821,1
0030,1406.80612076,1
000D,1407.30743204,1
0031,1407.70843792,1
001F,1408.20960600,1
0032,1408.81096368,1
0022,1409.41232261,1
0011,1410.01381246,1
000E,1410.01390514,1
0024,1411.91788653,1
000C,1413.52129886,1
0017,1415.02456257,1
001A,1416.42753435,1
0019,1417.63014570,1
0016,1418.73256473,1
002F,1419.63465168,1
001D,1420.53665525,1
0018,1421.23831686,1
0030,1421.73945097,1
000D,1422.24067013,1
0031,1422.74179547,1
001F,1423.34320922,1
0032,1423.84436067,1
0022,1424.44566482,1
0011,1425.14739902,1
000E,1425.14749100,1
0024,1426.85096985,1
000C,1428.45410383,1
0017,1429.95742783,1
001A,1431.36049618,1
0019,1432.56313068,1
0016,1433.66557679,1
002F,1434.56770797,1
001D,1435.46975865,1
0018,1436.17148456,1
0030,1436.77279169,1
000D,1437.37423604,1
0031,1437.87554202,1
001F,1438.37678103,1
0032,1438.97831290,1
0022,1439.57975784,1
0011,1440.18111854,1
0024,1441.78466034,1
000C,1443.38798276,1
0017,1444.89127644,1
001A,1446.29432963,1
0019,1447.49690774,1
0016,1448.59924968,1
002F,1449.50123940,1
001D,1450.40320405,1
0018,1451.10485756,1
0030,1451.80640441,1
000D,1452.40778256,1
0031,1452.90901969,1
001F,1453.51034089,1
0032,1454.01165242,1
0022,1454.61300586,1
0011,1455.21445667,1
0013,1455.31477778,1
0024,1456.91807128,1
000C,1458.42138389,1
0017,1459.92463798,1
001A,1461.22751486,1
0019,1462.43009049,1
0016,1463.53263769,1
002F,1464.43467272,1
001D,1465.33675578,1
0018,1466.03842477,1
0030,1466.84026690,1
000D,1467.34143410,1
0031,1468.04313941,1
001F,1468.54429184,1
0032,1469.14575070,1
0022,1469.74715313,1
0011,1470.34834231,1
0002,1470.34843451,1
0024,1471.85173484,1
000C,1473.45501423,1
0017,1474.85817432,1
001A,1476.16103568,1
0019,1477.36364731,1
0016,1478.46608334,1
002F,1479.36818698,1
001D,1480.27025133,1
0018,1481.07211077,1
0030,1481.77369049,1
000D,1482.47531884,1
0031,1482.97664745,1
001F,1483.57796506,1
0032,1484.17949051,1
0022,1484.78088349,1
0011,1485.38237675,1
0013,1485.48272688,1
0004,1485.48284704,1
0024,1486.88585683,1
000C,1488.38893196,1
0017,1489.89215290,1
001A,1491.09476849,1
0019,1492.29733015,1
0016,1493.39999233,1
002F,1494.30202864,1
001D,1495.30428017,1
0018,1496.00590498,1
0030,1496.80775394,1
000D,1497.40913327,1
0031,1498.01064899,1
001F,1498.61196845,1
0032,1499.31355631,1
0022,1499.91502138,1
0011,1500.51651203,1
0013,1500.51660590,1
0021,1500.51664992,1
0024,1502.01977295,1
000C,1503.42274531,1
0017,1504.82564048,1
001A,1506.22877236,1
0019,1507.23094378,1
0016,1508.33328113,1
002F,1509.43580747,1
001D,1510.23776567,1
0018,1511.13972883,1
0030,1511.84134811,1
000D,1512.44277410,1
0031,1512.94405367,1
001F,1513.64559795,1
0032,1514.24702655,1
0022,1514.94863925,1
0011,1515.54999316,1
000F,1515.65032203,1
0021,1515.65042625,1
0024,1517.05349952,1
000C,1518.45660762,1
0017,1519.95992789,1
001A,1521.16260003,1
0019,1522.36523712,1
0016,1523.36750535,1
002F,1524.36977611,1
001D,1525.37196768,1
0018,1526.07360989,1
0030,1526.87546924,1
000D,1527.37677048,1
0031,1528.07876393,1
001F,1528.57993496,1
0032,1529.28187242,1
0022,1529.88325723,1
0011,1530.68499246,1
000F,1530.68511332,1
002A,1530.68515778,1
0024,1531.98812247,1
000C,1533.49131363,1
0017,1534.89437620,1
001A,1536.19708588,1
0019,1537.29954419,1
0016,1538.30164211,1
002F,1539.40420569,1
001D,1540.30642976,1
0018,1541.10838653,1
0030,1541.81001471,1
000D,1542.51157037,1
0031,1543.01286325,1
001F,1543.61427469,1
0032,1544.21574654,1
0022,1545.01755750,1
0013,1545.61873342,1
0011,1545.71897179,1
000F,1545.81929488,1
0024,1547.12198043,1
000C,1548.42463191,1
0017,1549.92807005,1
001A,1551.13059813,1
0019,1552.33311429,1
0016,1553.43546249,1
002F,1554.33751319,1
001D,1555.33970859,1
0018,1556.04129510,1
0030,1556.84307978,1
000D,1557.44447748,1
0031,1558.04594259,1
001F,1558.64743749,1
0032,1559.34908665,1
0022,1559.95062114,1
0013,1560.55197012,1
0011,1560.85276786,1
000F,1560.85290587,1
000E,1560.85295050,1
0024,1562.15574696,1
000C,1563.45842380,1
0017,1564.86129567,1
001A,1566.26424560,1
0019,1567.26642580,1
0016,1568.36872472,1
002F,1569.47109005,1
001D,1570.27283080,1
0018,1571.17493829,1
0030,1571.87655318,1
000D,1572.47783967,1
0031,1572.97911759,1
001F,1573.68061625,1
0032,1574.28213334,1
0022,1574.98395309,1
0013,1575.48513314,1
0011,1575.88620043,1
000F,1575.98657345,1
000B,1575.98668980,1
0024,1577.28929181,1
000C,1578.59199340,1
0017,1579.99490885,1
001A,1581.19749320,1
0019,1582.40015932,1
0016,1583.40222544,1
002F,1584.40443101,1
001D,1585.40661672,1
0018,1586.10808214,1
0030,1586.90991173,1
000D,1587.41104498,1
0031,1588.11279983,1
001F,1588.61390527,1
0032,1589.31551326,1
0022,1589.91695131,1
0013,1590.41807246,1
0011,1591.01953610,1
000F,1591.01962460,1
0021,1591.01966817,1
0024,1592.32259116,1
000C,1593.62538795,1
0017,1594.92847286,1
001A,1596.23150461,1
0019,1597.33391052,1
0016,1598.33627685,1
002F,1599.43883623,1
001D,1600.34096511,1
0018,1601.14280365,1
0030,1601.84449263,1
000D,1602.54618997,1
0031,1603.04750004,1
001F,1603.74910727,1
0032,1604.25025671,1
0022,1604.85165456,1
0013,1605.55330998,1
0011,1606.05447475,1
000F,1606.05459825,1
000A,1606.15494588,1
0024,1607.35748391,1
000C,1608.55998071,1
0017,1609.96288756,1
001A,1611.16542801,1
0019,1612.36793685,1
0016,1613.47027607,1
002F,1614.37233737,1
001D,1615.37445953,1
0018,1616.07807082,1
0030,1616.87989714,1
000D,1617.48129012,1
0031,1618.08288459,1
001F,1618.68427444,1
0032,1619.38588682,1
0022,1619.98731722,1
0013,1620.48846836,1
0011,1621.19003002,1
0002,1621.19014428,1
0024,1622.39251346,1
000C,1623.69532097,1
0017,1624.89778209,1
001A,1626.30072643,1
0019,1627.30275179,1
0016,1628.40500286,1
002F,1629.50751924,1
001D,1630.30931954,1
0018,1631.21141879,1
0030,1631.91284407,1
000D,1632.51417652,1
0031,1633.01543828,1
001F,1633.71691311,1
0032,1634.31827827,1
0022,1634.91974985,1
0013,1635.52101877,1
0011,1636.22266458,1
000F,1636.22275734,1
000E,1636.32309002,1
0024,1637.42548529,1
000C,1638.62812300,1
0017,1640.03104678,1
001A,1641.23357687,1
0019,1642.43603847,1
0016,1643.43810993,1
002F,1644.44014657,1
001D,1645.44245363,1
0018,1646.14420238,1
0030,1646.94595248,1
000D,1647.44715405,1
0031,1648.14884182,1
001F,1648.64995161,1
0032,1649.35156435,1
0022,1649.95301832,1
0013,1650.65452668,1
0011,1651.35617555,1
0014,1651.35627090,1
0003,1651.35631482,1
0024,1652.45861881,1
000C,1653.66123199,1
0017,1654.96423869,1
001A,1656.26711807,1
0019,1657.36955491,1
0016,1658.37180877,1
002F,1659.47420798,1
001D,1660.37633192,1
0018,1661.17957367,1
0030,1661.88119581,1
000D,1662.58284202,1
0031,1663.08418455,1
001F,1663.78585669,1
0032,1664.28705096,1
0022,1665.08898879,1
0013,1665.69050235,1
0011,1666.29195912,1
0014,1666.39227186,1
0002,1666.49263567,1
0021,1666.49274828,1
0024,1667.59502033,1
000C,1668.79765830,1
0017,1670.00032956,1
001A,1671.20279518,1
0019,1672.40519304,1
0016,1673.50766107,1
002F,1674.40965206,1
001D,1675.41171977,1
0018,1676.11336852,1
0030,1676.91516272,1
000D,1677.51650203,1
0031,1678.11794980,1
001F,1678.71932496,1
0032,1679.42078210,1
0022,1680.02235181,1
0013,1680.62366958,1
0011,1681.22507924,1
0014,1681.52580518,1
0002,1681.52589666,1
0021,1681.52593946,1
0024,1682.62824151,1
000C,1683.83067625,1
0017,1685.13339796,1
001A,1686.33612451,1
0019,1687.33830518,1
0016,1688.44070187,1
002F,1689.54309597,1
001D,1690.34474300,1
0018,1691.24679227,1
0030,1691.84822856,1
000D,1692.54967698,1
0031,1693.05094566,1
001F,1693.75251557,1
0032,1694.35397538,1
0022,1695.05573435,1
0013,1695.55699694,1
0011,1696.15845537,1
0014,1696.55947255,1
0002,1696.65986064,1
000A,1696.65998608,1
0024,1697.76232663,1
000C,1698.96496767,1
0017,1700.16746053,1
001A,1701.26985476,1
0019,1702.47251891,1
0016,1703.47482655,1
002F,1704.47711624,1
001D,1705.47943049,1
0018,1706.18110374,1
0030,1706.98306058,1
000D,1707.48420065,1
0031,1708.18589460,1
001F,1708.68706143,1
0032,1709.38866410,1
0022,1709.99015207,1
0013,1710.69182007,1
0011,1711.09341996,1
0014,1711.69476130,1
0002,1711.69485858,1
000B,1711.69490354,1
0024,1712.79720962,1
000C,1713.99984374,1
0017,1715.10229751,1
001A,1716.30497305,1
0019,1717.40739644,1
0016,1718.40971758,1
002F,1719.51220167,1
001D,1720.41425772,1
0018,1721.21618524,1
0030,1721.91782305,1
000D,1722.61938101,1
0031,1723.12070718,1
001F,1723.82240662,1
0032,1724.32361570,1
0022,1725.12552108,1
0013,1725.62675059,1
0011,1726.12797712,1
0014,1726.72931517,1
0002,1726.72940817,1
0024,1727.93207076,1
000C,1728.93421666,1
0017,1730.13682807,1
001A,1731.23933087,1
0019,1732.44176021,1
0016,1733.54423837,1
002F,1734.44624686,1
001D,1735.44849671,1
0018,1736.14994522,1
0030,1736.95177173,1
000D,1737.55316571,1
0031,1738.15476818,1
001F,1738.75610893,1
0032,1739.45763433,1
0022,1740.05918513,1
0013,1740.66049103,1
0011,1741.26192906,1
0014,1741.86332231,1
0002,1741.86341368,1
0024,1742.96561934,1
000C,1744.06793533,1
0017,1745.17016441,1
001A,1746.37273039,1
0019,1747.47524323,1
0016,1748.47740398,1
002F,1749.57981371,1
001D,1750.38173651,1
0018,1751.28379068,1
0030,1751.88510271,1
000D,1752.58662785,1
0031,1753.08791631,1
001F,1753.78953239,1
0032,1754.39099738,1
0022,1755.09271437,1
0013,1755.59383003,1
0011,1756.29546861,1
0014,1756.89690758,1
0002,1756.89700156,1
0021,1756.99734332,1
0024,1757.99964227,1
000C,1759.10199485,1
0017,1760.20436323,1
001A,1761.30671438,1
0019,1762.50927605,1
0016,1763.51142839,1
002F,1764.51366803,1
001D,1765.51580762,1
0018,1766.21737793,1
0030,1767.01921416,1
000D,1767.52033399,1
0031,1768.22200746,1
001F,1768.72315584,1
0032,1769.42464813,1
0022,1770.02608284,1
0013,1770.72765922,1
0011,1771.22886042,1
0014,1772.03061663,1
0002,1772.03070955,1
002A,1772.03075305,1
0024,1773.13300747,1
000C,1774.23540038,1
0017,1775.23766203,1
001A,1776.34021905,1
0019,1777.44250097,1
0016,1778.44464455,1
002F,1779.54693398,1
001D,1780.44886213,1
0018,1781.25060459,1
0030,1781.95219293,1
000D,1782.65370746,1
0031,1783.15497330,1
001F,1783.85660214,1
0032,1784.35776997,1
0022,1785.15957262,1
0013,1785.66079413,1
0011,1786.36243914,1
0014,1787.06410346,1
000F,1787.06419572,1
0003,1787.16454646,1
0024,1788.16675780,1
000C,1789.26903627,1
0017,1790.37138181,1
001A,1791.47380068,1
0019,1792.47596965,1
0016,1793.57831710,1
002F,1794.48034739,1
001D,1795.48262876,1
0018,1796.28451462,1
0030,1796.98608724,1
000D,1797.58744603,1
0031,1798.18890507,1
001F,1798.79040241,1
0032,1799.49202216,1
0022,1800.09351839,1
0013,1800.69483090,1
0011,1801.39638675,1
0014,1802.19827981,1
000F,1802.19837418,1
000E,1802.19841851,1
0012,1802.19845656,1
0024,1803.30095488,1
000C,1804.30313852,1
0017,1805.40552789,1
001A,1806.50806802,1
0019,1807.61049301,1
0016,1808.51254812,1
002F,1809.61494396,1
001D,1810.41672347,1
0018,1811.31877405,1
0030,1811.92032707,1
000D,1812.62190158,1
0031,1813.12324876,1
001F,1813.82491597,1
0032,1814.42629968,1
0022,1815.12808278,1
0013,1815.82970199,1
0011,1816.53139070,1
0014,1817.13283127,1
000F,1817.23314043,1
0003,1817.23323611,1
000B,1817.33354511,1
0024,1818.33601809,1
000C,1819.43862252,1
0017,1820.54099164,1
001A,1821.64337273,1
0019,1822.54534057,1
0016,1823.54750973,1
002F,1824.54970830,1
001D,1825.55186064,1
0018,1826.25346617,1
0030,1827.05518268,1
000D,1827.55619386,1
0031,1828.25828465,1
001F,1828.75944742,1
0032,1829.46122428,1
0022,1830.06282799,1
0013,1830.86455896,1
0011,1831.46587368,1
0014,1832.06735515,1
000F,1832.36811966,1
0003,1832.36821331,1
000B,1832.36825620,1
0024,1833.47062079,1
000C,1834.47286420,1
0017,1835.57532139,1
001A,1836.57752456,1
0019,1837.57982116,1
0016,1838.48196101,1
002F,1839.58447203,1
001D,1840.48644002,1
0018,1841.28839019,1
0030,1841.99000922,1
000D,1842.69165878,1
0031,1843.19285620,1
001F,1843.89445006,1
0032,1844.39573109,1
0022,1845.19762116,1
0013,1845.79910443,1
0011,1846.50058163,1
0014,1847.00185939,1
000F,1847.40276874,1
0003,1847.40285861,1
000B,1847.50319475,1
0024,1848.50537456,1
000C,1849.61143349,1
0017,1850.51345743,1
001A,1851.61589785,1
0019,1852.51788153,1
0016,1853.62037042,1
002F,1854.52243775,1
001D,1855.52457720,1
0018,1856.22618803,1
0030,1857.02790679,1
000D,1857.62936330,1
0031,1858.23087783,1
001F,1858.83244542,1
0032,1859.53394492,1
0022,1860.13541679,1
0013,1860.93727293,1
0011,1861.43847627,1
0014,1862.03996039,1
000F,1862.54107849,1
0003,1862.54117099,1
000B,1862.54121416,1
0024,1863.64360225,1
000C,1864.54560889,1
0017,1865.64804234,1
001A,1866.55008995,1
0019,1867.65239518,1
0016,1868.55434305,1
002F,1869.65680366,1
001D,1870.45867432,1
0018,1871.36082090,1
0030,1871.96227555,1
000D,1872.66378050,1
0031,1873.16499825,1
001F,1873.86650908,1
0032,1874.46793070,1
0022,1875.16958822,1
0013,1875.87130438,1
0011,1876.57296792,1
0014,1876.97405117,1
000F,1877.57548992,1
0003,1877.57558749,1
000B,1877.67592005,1
0024,1878.57806162,1
000C,1879.58037985,1
0017,1880.58284498,1
001A,1881.68534003,1
0019,1882.58734120,1
0016,1883.58954356,1
002F,1884.59186021,1
001D,1885.59402343,1
0018,1886.29558466,1
0030,1887.09718973,1
000D,1887.59823498,1
0031,1888.29982099,1
001F,1888.80103711,1
0032,1889.50267232,1
0022,1890.10407947,1
0013,1890.90592831,1
0011,1891.50733712,1
0014,1892.10881277,1
000F,1892.71011593,1
0003,1892.71020682,1
000B,1892.71025060,1
0024,1893.61217397,1
000C,1894.51411016,1
0017,1895.61655500,1
001A,1896.61877567,1
0019,1897.62092050,1
0016,1898.52280060,1
002F,1899.62525914,1
001D,1900.52720598,1
0018,1901.32896852,1
0030,1902.03061575,1
000D,1902.73222861,1
0031,1903.23340254,1
001F,1903.93494946,1
0032,1904.43607597,1
0022,1905.23793351,1
0013,1905.83936243,1
0011,1906.54095341,1
0014,1907.14238039,1
000F,1907.74373764,1
002A,1907.74382906,1
0024,1908.64575875,1
000C,1909.64815982,1
0017,1910.55020159,1
001A,1911.65248750,1
0019,1912.55443489,1
0016,1913.65680236,1
002F,1914.55876301,1
001D,1915.56114562,1
0018,1916.26273503,1
0030,1917.06449952,1
000D,1917.66593829,1
0031,1918.26738252,1
001F,1918.86881891,1
0032,1919.57034585,1
0022,1920.17174047,1
0013,1920.87329983,1
0011,1921.47463187,1
0014,1922.17628914,1
000F,1922.77764192,1
0002,1922.87800174,1
000E,1922.87813431,1
0024,1923.78008455,1
000C,1924.68204476,1
0017,1925.68444728,1
001A,1926.58645614,1
0019,1927.68886417,1
0016,1928.59089340,1
002F,1929.69331309,1
001D,1930.49519324,1
0018,1931.39765925,1
0030,1931.99907221,1
000D,1932.70057881,1
0031,1933.20174437,1
001F,1933.90324912,1
0032,1934.50455674,1
0022,1935.20635432,1
0013,1935.90811342,1
0011,1936.60973222,1
0014,1937.21116867,1
000F,1937.91274901,1
0002,1937.91285792,1
0010,1937.91290092,1
0024,1938.81482509,1
000C,1939.81701933,1
0017,1940.71896422,1
001A,1941.72115361,1
0019,1942.62300542,1
0016,1943.62523838,1
002F,1944.62753140,1
001D,1945.62982120,1
0018,1946.33156746,1
0030,1947.13345143,1
000D,1947.63467197,1
0031,1948.33637337,1
001F,1948.83748899,1
0032,1949.53903377,1
0022,1950.14046189,1
0013,1950.94233119,1
0011,1951.54372841,1
0014,1952.24531913,1
0002,1952.84667570,1
000F,1952.94699469,1
0003,1953.04728141,1
000B,1953.04738730,1
0024,1953.94932060,1
000C,1954.85127238,1
0017,1955.85352596,1
001A,1956.75536874,1
0019,1957.65738506,1
0016,1958.55938334,1
002F,1959.66182169,1
001D,1960.56398688,1
0018,1961.36578405,1
0030,1962.06741302,1
000D,1962.76894544,1
0031,1963.27017535,1
001F,1963.97186093,1
0032,1964.47301290,1
0022,1965.27489181,1
0013,1965.87621762,1
0011,1966.57779461,1
0014,1967.17927800,1
0002,1967.78058466,1
000F,1967.88092099,1
0003,1968.08148039,1
000B,1968.18187507,1
0024,1968.98365950,1
000C,1969.88551897,1
0017,1970.88780190,1
001A,1971.78971261,1
0019,1972.79195111,1
0016,1973.69396511,1
002F,1974.59602111,1
001D,1975.59819458,1
0018,1976.29983492,1
0030,1977.10157424,1
000D,1977.70293282,1
0031,1978.30414505,1
001F,1978.90556330,1
0032,1979.60702499,1
0022,1980.20849802,1
0013,1980.91008902,1
0011,1981.51137699,1
0014,1982.21295052,1
0002,1982.71410608,1
000F,1983.01498024,1
0003,1983.21553405,1
000B,1983.21561683,1
0024,1984.11755719,1
000C,1985.01949313,1
0017,1985.92144864,1
001A,1986.92353216,1
0019,1987.82537520,1
0016,1988.72718545,1
002F,1989.72932415,1
001D,1990.53099190,1
0018,1991.43296785,1
0030,1992.03448804,1
000D,1992.73603588,1
0031,1993.23720939,1
001F,1993.93878358,1
0032,1994.54003870,1
0022,1995.24160033,1
0013,1995.94309855,1
0011,1996.64468277,1
0014,1997.24602284,1
0002,1997.64699161,1
000F,1997.94780656,1
0003,1998.24851713,1
000B,1998.34889461,1
0024,1999.15062780,1
000C,2000.05262928,1
0017,2001.05481708,1
001A,2001.95674547,1
0019,2002.95889920,1
0016,2003.86084833,1
002F,2004.66264482,1
001D,2005.66484576,1
0018,2006.36638366,1
0030,2007.16823955,1
000D,2007.66939850,1
0031,2008.37097216,1
001F,2008.87213048,1
0032,2009.57362488,1
0022,2010.17507827,1
0013,2010.97822908,1
0011,2011.57964375,1
0014,2012.18123175,1
0002,2012.58217636,1
000F,2012.98339977,1
0003,2013.38441963,1
000B,2013.38453100,1
0024,2014.28659158,1
000C,2015.18860795,1
0017,2016.09074984,1
001A,2017.09293993,1
0019,2017.99499901,1
0016,2018.79683142,1
002F,2019.69881776,1
001D,2020.60070087,1
0018,2021.40249417,1
0030,2022.10434418,1
000D,2022.80601507,1
0031,2023.30731124,1
001F,2024.00889292,1
0032,2024.51003028,1
0022,2025.31183491,1
0013,2025.91324158,1
0011,2026.61473763,1
0014,2027.11599273,1
0002,2027.71725627,1
000F,2027.91780110,1
0003,2028.41890717,1
0020,2028.41899882,1
0024,2029.32091874,1
000C,2030.22281714,1
0017,2031.22503232,1
001A,2032.12698608,1
0019,2032.92879464,1
0016,2033.83063019,1
002F,2034.63235354,1
001D,2035.63445651,1
0018,2036.33599198,1
0030,2037.13776337,1
000D,2037.73911899,1
0031,2038.34047233,1
001F,2038.94221546,1
0032,2039.64374802,1
0022,2040.24523519,1
0013,2040.94680163,1
0011,2041.54811091,1
0014,2042.14953312,1
0002,2042.65079148,1
000F,2043.05185332,1
0003,2043.55300365,1
0004,2043.55310589,1
0024,2044.45497110,1
000C,2045.35689167,1
0017,2046.25884706,1
001A,2047.06074268,1
0019,2048.06285357,1
0016,2048.76434772,1
002F,2049.76641454,1
001D,2050.56813649,1
0018,2051.47010945,1
0030,2052.07160816,1
000D,2052.77309824,1
0031,2053.27423794,1
001F,2053.97589907,1
0032,2054.57722869,1
0022,2055.27895449,1
0013,2055.98058838,1
0011,2056.68221783,1
0014,2057.08337090,1
0002,2057.68473850,1
000F,2058.08576751,1
0003,2058.58690828,1
0004,2058.58701246,1
0024,2059.48905568,1
000C,2060.39101526,1
0017,2061.19287974,1
001A,2062.19516613,1
0019,2062.99691401,1
0016,2063.89891977,1
002F,2064.70068753,1
001D,2065.70283157,1
0018,2066.40448224,1
0030,2067.20639648,1
000D,2067.70758307,1
0031,2068.40911557,1
001F,2068.91038902,1
0032,2069.61196477,1
0022,2070.21346109,1
0013,2071.01507248,1
0011,2071.61646142,1
0014,2072.21789511,1
0002,2072.61883086,1
000F,2073.22024938,1
0003,2073.72142304,1
000A,2073.72152054,1
0024,2074.52320495,1
000C,2075.32527166,1
0017,2076.32749814,1
001A,2077.12926740,1
0019,2078.03123607,1
0016,2078.83301029,1
002F,2079.73498063,1
001D,2080.63690019,1
0018,2081.43871225,1
0030,2082.14022431,1
000D,2082.84186083,1
0031,2083.34305119,1
001F,2084.04468097,1
0032,2084.64601030,1
0022,2085.34751428,1
0013,2085.94894762,1
0011,2086.65041483,1
0014,2087.15164821,1
0002,2087.75294931,1
000F,2088.15399240,1
0003,2088.75530696,1
000A,2088.75540325,1
0024,2089.45698019,1
000C,2090.45933839,1
0017,2091.26131435,1
001A,2092.16338587,1
0019,2092.96518934,1
0016,2093.86722947,1
002F,2094.66905743,1
001D,2095.67136843,1
0018,2096.37296999,1
0030,2097.17472759,1
000D,2097.77760743,1
0031,2098.37921673,1
001F,2098.98068883,1
0032,2099.68221461,1
0022,2100.28363728,1
0013,2100.98523245,1
0011,2101.58662331,1
0014,2102.18806471,1
0002,2102.68913394,1
000F,2103.19032043,1
0003,2103.89197749,1
000A,2103.89207486,1
0024,2104.59365618,1
000C,2105.39553916,1
0017,2106.29765046,1
001A,2107.09943466,1
0019,2108.10164905,1
0016,2108.80331324,1
002F,2109.80547458,1
001D,2110.60705680,1
0018,2111.50896020,1
0030,2112.11038824,1
000D,2112.81199272,1
0031,2113.31321431,1
001F,2114.01501270,1
0032,2114.61633265,1
0022,2115.31800047,1
0013,2115.91939705,1
0011,2116.72109322,1
0014,2117.12193603,1
0002,2117.72335838,1
000F,2118.32474326,1
0003,2118.92610458,1
002A,2118.92623249,1
0024,2119.62779120,1
000C,2120.42959722,1
0017,2121.23145292,1
001A,2122.23366346,1
0019,2123.03551850,1
0016,2123.93780772,1
002F,2124.73954530,1
001D,2125.74172771,1
0018,2126.44328704,1
0030,2127.24521979,1
000D,2127.74636726,1
0031,2128.44798967,1
001F,2128.94917599,1
0032,2129.65075672,1
0022,2130.25227857,1
0013,2131.05419147,1
0011,2131.65576693,1
0014,2132.25858231,1
0002,2132.85996445,1
000F,2133.36119279,1
0003,2134.06272426,1
000A,2134.06282931,1
0024,2134.76424789,1
000C,2135.56606945,1
0017,2136.36791756,1
001A,2137.16973827,1
0019,2138.07179364,1
0016,2138.87367986,1
002F,2139.77562931,1
001D,2140.67758457,1
0018,2141.47941441,1
0030,2142.18113967,1
000D,2142.88294350,1
0031,2143.38420057,1
001F,2144.08587862,1
0032,2144.58700154,1
0022,2145.38886665,1
0013,2145.99044408,1
0011,2146.69209522,1
0014,2147.29351037,1
0002,2147.89489497,1
000F,2148.49627203,1
0003,2149.09773528,1
0021,2149.09782868,1
0024,2149.79978222,1
000C,2150.60166274,1
0017,2151.40341986,1
001A,2152.20527549,1
0019,2153.00703406,1
0016,2153.90907656,1
002F,2154.71084538,1
001D,2155.71302092,1
0018,2156.41463385,1
0030,2157.21646593,1
000D,2157.81800286,1
0031,2158.41948158,1
001F,2159.02108257,1
0032,2159.72260255,1
0022,2160.32398967,1
0013,2161.02553570,1
0011,2161.62690576,1
0014,2162.32851824,1
0002,2163.03015208,1
000F,2163.53124233,1
0003,2164.13268513,1
000E,2164.23307818,1
0024,2164.93468739,1
000C,2165.73648878,1
0017,2166.53830301,1
001A,2167.34005607,1
0019,2168.14190266,1
0016,2168.84335941,1
002F,2169.84550228,1
001D,2170.64724563,1
0018,2171.54921308,1
0030,2172.15067025,1
000D,2172.85219444,1
0031,2173.35331245,1
001F,2174.05505856,1
0032,2174.65641118,1
0022,2175.35813444,1
0013,2175.95968180,1
0011,2176.76158196,1
0014,2177.26278090,1
0002,2178.06481275,1
000F,2178.66618492,1
0003,2179.26766824,1
000E,2179.26775344,1
0012,2179.26779657,1
0024,2179.96931713,1
000C,2180.77116669,1
0017,2181.57291001,1
001A,2182.37476701,1
0019,2183.17831888,1
0016,2183.98015636,1
002F,2184.78206374,1
001D,2185.78456882,1
0018,2186.48624125,1
0030,2187.28815861,1
000D,2187.78932997,1
0031,2188.49098788,1
001F,2188.99227073,1
0032,2189.69384342,1
0022,2190.29538285,1
0013,2191.09717932,1
0011,2191.69851159,1
0014,2192.40024196,1
0002,2193.00174952,1
000F,2193.70337191,1
0003,2194.30472744,1
000A,2194.40509236,1
0012,2194.40520202,1
0024,2195.10728650,1
000C,2195.80876192,1
0017,2196.71081051,1
001A,2197.51266795,1
0019,2198.21421940,1
0016,2199.01616616,1
002F,2199.81786898,1
001D,2200.71984663,1
0018,2201.52163402,1
0030,2202.22335769,1
000D,2202.92507336,1
0031,2203.42622809,1
001F,2204.12793576,1
0032,2204.62910517,1
0022,2205.43100036,1
0013,2206.03252916,1
0011,2206.73405691,1
0014,2207.33542317,1
0002,2208.03708271,1
000F,2208.63850133,1
0003,2209.44035752,1
000A,2209.44044931,1
000B,2209.44049285,1
0024,2210.14212635,1
000C,2210.94403002,1
0017,2211.74572963,1
001A,2212.54750552,1
0019,2213.34940527,1
0016,2214.15132127,1
002F,2214.95314262,1
001D,2215.75485694,1
0018,2216.45641398,1
0030,2217.25827087,1
000D,2217.85976395,1
0031,2218.46111714,1
001F,2219.06265268,1
0032,2219.76421243,1
0022,2220.36555095,1
0013,2221.06718597,1
0011,2221.66850459,1
0014,2222.37009280,1
0002,2222.97150723,1
000F,2223.77328579,1
000A,2224.37467027,1
0003,2224.47490625,1
000E,2224.57525416,1
000B,2224.57536175,1
0024,2225.17807165,1
000C,2225.98006163,1
0017,2226.78200072,1
001A,2227.58389391,1
0019,2228.38572046,1
0016,2229.18755722,1
002F,2229.98937184,1
001D,2230.69094049,1
0018,2231.59284466,1
0030,2232.19422807,1
000D,2232.89590002,1
0031,2233.39704391,1
001F,2234.09865679,1
0032,2234.69999631,1
0022,2235.40156110,1
0013,2236.00296780,1
0011,2236.80467575,1
0014,2237.30584333,1
0002,2238.10771406,1
000F,2238.70909195,1
000A,2239.31044703,1
0003,2239.61120627,1
000E,2239.61129897,1
000B,2239.61134080,1
0024,2240.31285893,1
000C,2241.11464671,1
0017,2241.91641270,1
001A,2242.71809522,1
0019,2243.51985837,1
0016,2244.22154332,1
002F,2244.92326376,1
001D,2245.72503323,1
0018,2246.52676929,1
0030,2247.32856003,1
000D,2247.82968509,1
0031,2248.53130445,1
001F,2249.03250123,1
0032,2249.73412096,1
0022,2250.33555547,1
0013,2251.13763748,1
0011,2251.73901558,1
0014,2252.44053801,1
0002,2253.04201005,1
000F,2253.74351108,1
000A,2254.24467986,1
0003,2254.64573435,1
000E,2254.64582313,1
000B,2254.74616542,1
0024,2255.34752991,1
000C,2256.14937828,1
0017,2256.95113419,1
001A,2257.75291186,1
0019,2258.55458956,1
0016,2259.25620303,1
002F,2260.05810694,1
001D,2260.75967239,1
0018,2261.56137395,1
0030,2262.26307047,1
000D,2262.96458595,1
0031,2263.46581933,1
001F,2264.16745385,1
0032,2264.66859529,1
0022,2265.47049814,1
0013,2266.07197138,1
0011,2266.77352532,1
0014,2267.37489580,1
0002,2268.07651653,1
000F,2268.67781997,1
000A,2269.17902050,1
0003,2269.78030767,1
000E,2269.78041326,1
0004,2269.78046248,1
0024,2270.48197114,1
000C,2271.28386048,1
0017,2272.08569762,1
001A,2272.88749328,1
0019,2273.48868181,1
0016,2274.29060782,1
002F,2274.99215036,1
001D,2275.79387816,1
0018,2276.49538599,1
0030,2277.29716724,1
000D,2277.89866378,1
0031,2278.50006413,1
001F,2279.10142373,1
0032,2279.80282395,1
0022,2280.40430226,1
0013,2281.10583381,1
0011,2281.70714750,1
0014,2282.40850340,1
0002,2283.01001250,1
000F,2283.61128306,1
000A,2284.31336018,1
0003,2284.81459153,1
000E,2284.81471172,1
000B,2284.91508507,1
0024,2285.51642356,1
000C,2286.31826659,1
0017,2287.12014154,1
001A,2287.82176242,1
0019,2288.62364239,1
0016,2289.22497430,1
002F,2290.02738606,1
001D,2290.72900012,1
0018,2291.63101183,1
0030,2292.23249342,1
000D,2292.93415113,1
0031,2293.43538201,1
001F,2294.13708848,1
0032,2294.73842162,1
0022,2295.43993603,1
0013,2296.04147302,1
0011,2296.84311895,1
0014,2297.34424639,1
0002,2298.14612337,1
000F,2298.74747168,1
000A,2299.24863335,1
0003,2299.95016161,1
000E,2299.95024609,1
002A,2299.95028318,1
0024,2300.65172771,1
000C,2301.45354112,1
0017,2302.05499520,1
001A,2302.85677379,1
0019,2303.55833680,1
0016,2304.25984220,1
002F,2304.96134871,1
001D,2305.76293876,1
0018,2306.56455530,1
0030,2307.36634931,1
000D,2307.86753678,1
0031,2308.56909321,1
001F,2309.07011255,1
0032,2309.77152037,1
0022,2310.37292550,1
0013,2311.17473286,1
0011,2311.77741064,1
0014,2312.47900622,1
0002,2313.08047699,1
000F,2313.68190814,1
000A,2314.28329798,1
0003,2314.98470664,1
000E,2314.98480966,1
002A,2315.08511738,1
0024,2315.68636009,1
000C,2316.38796014,1
0017,2317.18966481,1
001A,2317.79094658,1
0019,2318.59262593,1
0016,2319.29433370,1
002F,2320.09614405,1
001D,2320.69750634,1
0018,2321.59991490,1
0030,2322.30153238,1
000D,2322.90282167,1
0031,2323.50419399,1
001F,2324.20594593,1
0032,2324.70714749,1
0022,2325.50874772,1
0013,2326.11017186,1
0011,2326.81176518,1
0014,2327.41321501,1
0002,2328.11481001,1
000F,2328.71613774,1
000A,2329.41766797,1
0003,2330.11922283,1
000E,2330.11931155,1
0021,2330.11935340,1
0024,2330.82096383,1
000C,2331.42225678,1
0017,2332.12411767,1
001A,2332.92588646,1
0019,2333.52709478,1
0016,2334.32891584,1
002F,2335.03059608,1
001D,2335.83242422,1
0018,2336.53394657,1
0030,2337.33574440,1
000D,2337.93721253,1
0031,2338.53863494,1
001F,2339.14017430,1
0032,2339.84180432,1
0022,2340.44319621,1
0013,2341.14488611,1
0011,2341.74618466,1
0014,2342.44779149,1
0002,2343.04930726,1
000F,2343.85105766,1
000A,2344.45231321,1
0003,2345.15393764,1
000E,2345.15403227,1
0021,2345.15407542,1
0024,2345.85559380,1
000C,2346.55718312,1
0017,2347.15864989,1
001A,2347.86025433,1
0019,2348.66193607,1
0016,2349.26340971,1
002F,2350.06521851,1
001D,2350.76681808,1
0018,2351.66874019,1
0030,2352.27019268,1
000D,2352.97189027,1
0031,2353.47307167,1
001F,2354.17475431,1
0032,2354.77608718,1
0022,2355.47762583,1
0013,2356.07916454,1
0011,2356.88101238,1
0014,2357.38216712,1
0002,2358.18435098,1
000F,2358.78641395,1
000A,2359.48800762,1
0003,2360.18963456,1
000E,2360.28995875,1
0021,2360.29008555,1
0012,2360.29013079,1
0024,2360.99173873,1
000C,2361.59309892,1
0017,2362.29478219,1
001A,2362.89619439,1
0019,2363.59778124,1
0016,2364.29939045,1
002F,2365.00089165,1
001D,2365.80263367,1
0018,2366.60432733,1
0030,2367.40607470,1
000D,2367.90719159,1
0031,2368.60864762,1
001F,2369.10983618,1
0032,2369.81140052,1
0022,2370.41272496,1
0013,2371.21465640,1
0011,2371.81608328,1
0014,2372.51760860,1
0002,2373.11904624,1
000F,2373.82066171,1
000A,2374.42211416,1
0003,2375.12389348,1
000E,2375.32584517,1
0020,2375.32595865,1
000B,2375.42633623,1
0024,2376.02779282,1
000C,2376.62897690,1
0017,2377.33062968,1
001A,2378.03227857,1
0019,2378.63364906,1
0016,2379.23511056,1
002F,2380.13907480,1
001D,2380.74037073,1
0018,2381.64223003,1
0030,2382.34386223,1
000D,2382.94524377,1
0031,2383.54659950,1
001F,2384.24830114,1
0032,2384.74945743,1
0022,2385.55118897,1
0013,2386.15260294,1
0011,2386.85409571,1
0014,2387.45535349,1
0002,2388.15727252,1
000F,2388.75856406,1
000A,2389.56027934,1
0003,2390.06148105,1
000E,2390.46234566,1
000B,2390.46246262,1
0024,2391.06395093,1
000C,2391.76545676,1
0017,2392.46701845,1
001A,2393.06823745,1
0019,2393.76981762,1
0016,2394.37115384,1
002F,2395.07287961,1
001D,2395.87461392,1
0018,2396.57607494,1
0030,2397.37787560,1
000D,2397.87908388,1
0031,2398.58065174,1
001F,2399.18222045,1
0032,2399.88381473,1
0022,2400.48518498,1
0013,2401.18690730,1
0011,2401.78822660,1
0014,2402.48977958,1
0002,2403.09126735,1
000F,2403.89310073,1
000A,2404.49450151,1
0003,2404.99570877,1
000E,2405.49687531,1
0010,2405.49697061,1
000B,2405.49701425,1
0024,2406.19865721,1
000C,2406.80005685,1
0017,2407.50165536,1
001A,2408.20324599,1
0019,2408.80464142,1
0016,2409.40601333,1
002F,2410.10777508,1
001D,2410.80945189,1
0018,2411.71143645,1
0030,2412.31288988,1
000D,2413.01462350,1
0031,2413.51581294,1
001F,2414.21747815,1
0032,2414.81884410,1
0022,2415.52033387,1
0013,2416.12167864,1
0011,2416.82326161,1
0014,2417.42463232,1
0002,2418.22660183,1
000F,2418.82795831,1
000A,2419.42939059,1
0003,2419.93065339,1
000E,2420.53199167,1
0010,2420.63230682,1
000B,2420.63241986,1
0024,2421.23376171,1
000C,2421.93613015,1
0017,2422.53756812,1
001A,2423.23933268,1
0019,2423.94103996,1
0016,2424.54240725,1
002F,2425.24408656,1
001D,2425.84555726,1
0018,2426.64734995,1
0030,2427.34896397,1
000D,2427.95046940,1
0031,2428.65197161,1
001F,2429.15314685,1
0032,2429.85495150,1
0022,2430.45640143,1
0013,2431.25825384,1
0011,2431.85955570,1
0014,2432.56092111,1
0002,2433.16232771,1
000F,2433.86398852,1
000A,2434.36522108,1
0003,2435.06679462,1
000E,2435.66837618,1
0010,2435.66847942,1
000B,2435.66852376,1
0024,2436.37015351,1
000C,2436.97152301,1
0017,2437.67302188,1
001A,2438.37460568,1
0019,2438.97611939,1
0016,2439.57743528,1
002F,2440.27912635,1
001D,2440.98091143,1
0018,2441.68259386,1
0030,2442.38425575,1
000D,2442.98576229,1
0031,2443.58722635,1
001F,2444.28883039,1
0032,2444.78999706,1
0022,2445.59187021,1
0013,2446.19336671,1
0011,2446.89495468,1
0014,2447.49632360,1
0002,2448.19800727,1
000F,2448.79941353,1
000A,2449.40098589,1
0003,2450.00246082,1
000E,2450.70400254,1
0010,2450.80437249,1
000B,2450.80449484,1
0024,2451.40587345,1
000C,2452.10756205,1
0017,2452.70885142,1
001A,2453.41039259,1
0019,2454.01189971,1
0016,2454.71346203,1
002F,2455.31482265,1
001D,2456.01635252,1
0018,2456.61770685,1
0030,2457.41944598,1
000D,2457.92064776,1
0031,2458.62224594,1
001F,2459.22368447,1
0032,2459.92542485,1
0022,2460.52682681,1
0013,2461.22836478,1
0011,2461.82972937,1
0014,2462.53137382,1
0002,2463.13287192,1
000F,2463.83433810,1
000A,2464.33547805,1
0003,2465.03702819,1
000E,2465.63837385,1
0010,2465.83896992,1
000B,2465.83906029,1
0024,2466.54062461,1
000C,2467.14208556,1
0017,2467.84376596,1
001A,2468.44509558,1
0019,2469.14673742,1
0016,2469.74787029,1
002F,2470.44951791,1
001D,2470.95078058,1
0018,2471.75246162,1
0030,2472.35381802,1
000D,2473.05535895,1
0031,2473.55650767,1
001F,2474.25816551,1
0032,2474.85954810,1
0022,2475.56112240,1
0013,2476.16245749,1
0011,2476.86397333,1
0014,2477.46530531,1
0002,2478.26724568,1
000F,2478.86870359,1
000A,2479.47007446,1
0003,2479.97128721,1
000E,2480.57265001,1
0010,2480.97369136,1
000B,2480.97378391,1
0024,2481.57512134,1
000C,2482.27882205,1
0017,2482.88023181,1
001A,2483.58178762,1
0019,2484.18344521,1
0016,2484.88510735,1
002F,2485.38634064,1
001D,2486.08814324,1
0018,2486.68955900,1
0030,2487.39106364,1
000D,2487.99254269,1
0031,2488.59388641,1
001F,2489.19532898,1
0032,2489.89689667,1
0022,2490.49826574,1
0013,2491.30013621,1
0011,2491.80130661,1
0014,2492.60302951,1
0002,2493.20445902,1
000F,2493.90606843,1
000A,2494.40738954,1
0003,2495.10920734,1
000E,2495.51021600,1
0010,2496.01155413,1
000B,2496.01165889,1
0024,2496.71323332,1
000C,2497.31475372,1
0017,2498.01633643,1
001A,2498.61754186,1
0019,2499.31914731,1
0016,2499.82058919,1
002F,2500.42195799,1
001D,2501.02344290,1
0018,2501.72502259,1
0030,2502.32645236,1
000D,2503.02805921,1
0031,2503.52919429,1
001F,2504.33110529,1
0032,2504.83229672,1
0022,2505.63407652,1
0013,2506.23570990,1
0011,2506.93736116,1
0014,2507.53875624,1
0002,2508.24042409,1
000F,2508.84171633,1
000A,2509.44312367,1
0003,2510.04456493,1
000E,2510.64595228,1
0010,2511.14732519,1
002A,2511.14741600,1
0024,2511.74869571,1
000C,2512.35005682,1
0017,2513.05164994,1
001A,2513.75328892,1
0019,2514.25461927,1
0016,2514.85603262,1
002F,2515.35715903,1
001D,2516.05874810,1
0018,2516.66013080,1
0030,2517.46194144,1
000D,2517.96324495,1
0031,2518.66489080,1
001F,2519.26630837,1
0032,2519.96805853,1
0022,2520.56942717,1
0013,2521.27101355,1
0011,2521.87237377,1
0014,2522.57395409,1
0002,2523.17535958,1
000F,2523.87784660,1
000A,2524.37894728,1
0003,2525.08069797,1
000E,2525.58184838,1
0010,2526.18353150,1
000B,2526.18362468,1
0024,2526.78492778,1
000C,2527.48644340,1
0017,2528.18801717,1
001A,2528.68928740,1
0019,2529.29060660,1
0016,2529.79175289,1
002F,2530.49333206,1
001D,2530.99471742,1
0018,2531.79650875,1
0030,2532.39774813,1
000D,2533.09987611,1
0031,2533.60103564,1
001F,2534.30272381,1
0032,2534.90423807,1
0022,2535.60601931,1
0013,2536.20741246,1
0011,2536.90964155,1
0014,2537.51101168,1
0002,2538.31291514,1
000F,2538.81413745,1
000A,2539.51571126,1
0003,2540.01692125,1
000E,2540.61824383,1
0010,2541.21977174,1
0004,2541.32015604,1
0024,2541.92153756,1
000C,2542.52285009,1
0017,2543.12430844,1
001A,2543.72569026,1
0019,2544.22688734,1
0016,2544.92853413,1
002F,2545.42971325,1
001D,2546.13143107,1
0018,2546.73279718,1
0030,2547.43427775,1
000D,2548.03589168,1
0031,2548.63719714,1
001F,2549.23867567,1
0032,2549.94040289,1
0022,2550.54171752,1
0013,2551.34345974,1
0011,2551.84469563,1
0014,2552.64640543,1
0002,2553.24783269,1
000F,2553.94946437,1
000A,2554.45061689,1
0003,2555.15237691,1
000E,2555.75372444,1
0010,2556.35511994,1
0021,2556.35521764,1
0024,2556.95663542,1
000C,2557.45779303,1
0017,2558.15954333,1
001A,2558.66067146,1
0019,2559.36227252,1
0016,2559.86361641,1
002F,2560.46509585,1
001D,2561.06638904,1
0018,2561.76794023,1
0030,2562.36936256,1
000D,2563.07102030,1
0031,2563.57216008,1
001F,2564.27375938,1
0032,2564.87523676,1
0022,2565.67704396,1
0013,2566.27861561,1
0011,2566.98041059,1
0014,2567.58173919,1
0002,2568.28358093,1
000F,2568.88508483,1
000A,2569.48642463,1
0003,2570.08801015,1
000E,2570.78972015,1
0010,2571.39115390,1
0004,2571.49152069,1
0024,2571.89261748,1
000C,2572.59413111,1
0017,2573.09526563,1
001A,2573.79690464,1
0019,2574.29818462,1
0016,2574.89976921,1
002F,2575.40095150,1
001D,2576.10259078,1
0018,2576.70397182,1
0030,2577.50567995,1
000D,2578.00699846,1
0031,2578.70858014,1
001F,2579.30997450,1
0032,2580.01170984,1
0022,2580.61312546,1
0013,2581.31476934,1
0011,2581.91624534,1
0014,2582.61769785,1
0002,2583.21914515,1
000F,2583.92067833,1
000A,2584.42180400,1
0003,2585.12350253,1
000E,2585.72477827,1
0010,2586.32614368,1
0004,2586.42660807,1
0021,2586.52691384,1
0024,2587.02815709,1
000C,2587.52935565,1
0017,2588.23103316,1
001A,2588.73225265,1
0019,2589.33359198,1
0016,2589.83462975,1
002F,2590.53609809,1
001D,2591.03755041,1
0018,2591.83957629,1
0030,2592.44096244,1
000D,2593.14274764,1
0031,2593.64391793,1
001F,2594.34557904,1
0032,2594.94703206,1
0022,2595.64858315,1
0013,2596.25001329,1
0011,2596.95156693,1
0014,2597.55294320,1
0002,2598.35485571,1
000F,2598.85610984,1
000A,2599.55767831,1
0003,2600.05892487,1
000E,2600.86072910,1
0010,2601.26163589,1
0004,2601.36203886,1
0021,2601.56266611,1
0024,2602.06392093,1
000C,2602.56526045,1
0017,2603.16676975,1
001A,2603.76815956,1
0019,2604.26930884,1
0016,2604.97086899,1
002F,2605.47211651,1
001D,2606.17387284,1
0018,2606.77537840,1
0030,2607.47689597,1
000D,2608.07839952,1
0031,2608.67979367,1
001F,2609.28132148,1
0032,2609.98308253,1
0022,2610.58449070,1
0013,2611.38641176,1
0011,2611.88769035,1
0014,2612.68946646,1
0002,2613.29092406,1
000F,2613.99265724,1
000A,2614.49386288,1
0003,2615.19553713,1
000E,2615.79701332,1
0010,2616.19798633,1
0004,2616.29836191,1
0021,2616.69933420,1
0024,2617.20050714,1
000C,2617.70173158,1
0017,2618.20286011,1
001A,2618.70403091,1
0019,2619.40571643,1
0016,2619.90707311,1
002F,2620.50843099,1
001D,2621.10995297,1
0018,2621.81167366,1
0030,2622.41304689,1
000D,2623.11474195,1
0031,2623.61587126,1
001F,2624.31746451,1
0032,2624.91884532,1
0022,2625.72058397,1
0013,2626.32201410,1
0011,2627.02365164,1
0014,2627.62497434,1
0002,2628.32661885,1
000F,2628.92804866,1
000A,2629.52941959,1
0003,2630.13087468,1
000E,2630.73219721,1
0004,2631.23340372,1
0010,2631.33372677,1
0021,2631.73467586,1
0024,2632.23583372,1
000C,2632.73706360,1
0017,2633.23824891,1
001A,2633.83980552,1
0019,2634.34097953,1
0016,2634.94245863,1
002F,2635.44370018,1
001D,2636.14535522,1
0018,2636.74672627,1
0030,2637.54847805,1
000D,2638.04973987,1
0031,2638.75134921,1
001F,2639.25259086,1
0032,2640.05442987,1
0022,2640.65591805,1
0013,2641.35746969,1
0011,2641.95886235,1
0014,2642.66041430,1
0002,2643.26180855,1
000F,2643.96342801,1
000A,2644.46470292,1
0003,2645.16622474,1
000E,2645.66752457,1
0004,2646.16879850,1
0012,2646.26910986,1
0010,2646.36942138,1
0021,2646.87064564,1
0024,2647.37189848,1
000C,2647.87309738,1
0017,2648.37431264,1
001A,2648.87545466,1
0019,2649.37661885,1
0016,2649.87785747,1
002F,2650.57941279,1
001D,2651.08070183,1
0018,2651.88251713,1
0030,2652.48397777,1
000D,2653.18571072,1
0031,2653.68688715,1
001F,2654.38854746,1
0032,2654.99000857,1
0022,2655.69154197,1
0013,2656.29281794,1
0011,2656.99436297,1
0014,2657.59573024,1
0002,2658.39757464,1
000F,2658.89889284,1
000A,2659.60045178,1
0003,2660.10160030,1
000E,2660.70303188,1
0004,2661.10400911,1
0012,2661.40477001,1
0010,2661.50511296,1
0021,2661.90613957,1
0024,2662.40731051,1
000C,2662.90859643,1
0017,2663.40969945,1
001A,2664.01122218,1
0019,2664.51241062,1
0016,2664.91350282,1
002F,2665.51487699,1
001D,2666.21653821,1
0018,2666.81794618,1
0030,2667.51965622,1
000D,2668.12118766,1
0031,2668.72261400,1
001F,2669.32382059,1
0032,2670.02561367,1
0022,2670.62696989,1
0013,2671.42874636,1
0011,2671.92991455,1
0014,2672.73159918,1
0002,2673.33298311,1
000F,2674.03466524,1
000A,2674.53584159,1
0003,2675.23752757,1
000E,2675.63838467,1
0004,2676.13960089,1
0012,2676.34019088,1
0010,2676.54073642,1
0021,2677.04201752,1
000B,2677.04212702,1
0024,2677.54328689,1
000C,2678.04459012,1
0017,2678.54584432,1
001A,2679.04712155,1
0019,2679.54831045,1
0016,2680.04956532,1
002F,2680.55072901,1
001D,2681.15213031,1
0018,2681.85377423,1
0030,2682.45516389,1
000D,2683.15685376,1
0031,2683.65803868,1
001F,2684.35959864,1
0032,2684.96095675,1
0022,2685.76267273,1
0013,2686.36415806,1
0011,2687.06584012,1
0014,2687.66714669,1
0002,2688.36870513,1
000F,2688.97014240,1
000A,2689.57146790,1
0003,2690.17290672,1
000E,2690.77430257,1
0004,2691.07509685,1
0012,2691.37586297,1
0010,2691.67667577,1
0021,2692.07818766,1
0024,2692.57934115,1
000C,2693.08063315,1
0017,2693.58177525,1
001A,2694.08325513,1
0019,2694.68465255,1
0016,2695.08566620,1
002F,2695.68709991,1
001D,2696.18832122,1
0018,2696.78982091,1
0030,2697.59152359,1
000D,2698.09279278,1
0031,2698.79445962,1
001F,2699.29574013,1
0032,2700.09766860,1
0022,2700.69899322,1
0013,2701.40049019,1
0011,2702.00199457,1
0014,2702.70364089,1
0002,2703.30498571,1
000F,2704.00662275,1
000A,2704.50778676,1
0003,2705.20943719,1
000E,2705.71063725,1
0004,2706.21193105,1
0012,2706.51284407,1
0010,2706.71338514,1
0021,2707.21447824,1
002A,2707.21461267,1
0024,2707.61547119,1
000C,2708.11664636,1
0017,2708.71800255,1
001A,2709.21925168,1
0019,2709.72047509,1
0016,2710.22177178,1
002F,2710.72298334,1
001D,2711.32435030,1
0018,2711.92587892,1
0030,2712.52735475,1
000D,2713.22883966,1
0031,2713.72997941,1
001F,2714.43147582,1
0032,2715.03297413,1
0022,2715.73446347,1
0013,2716.33581521,1
0011,2717.03740298,1
0014,2717.63881464,1
0002,2718.44068372,1
000F,2718.94186985,1
000A,2719.64342181,1
0003,2720.14460970,1
000E,2720.74592022,1
0004,2721.14690820,1
0012,2721.54793183,1
0010,2721.84879792,1
0021,2722.24984431,1
0020,2722.24993810,1
0024,2722.75102970,1
000C,2723.25217295,1
0017,2723.75338530,1
001A,2724.25452679,1
0019,2724.75582889,1
0016,2725.25690812,1
002F,2725.85840461,1
001D,2726.35970374,1
0018,2726.96101165,1
0030,2727.56242303,1
000D,2728.16390560,1
0031,2728.76536254,1
001F,2729.36680522,1
0032,2730.06849241,1
0022,2730.66987951,1
0013,2731.47209000,1
0011,2731.97328517,1
0014,2732.77504885,1
0002,2733.37635116,1
000F,2734.07796069,1
000A,2734.57921006,1
0003,2735.28095877,1
000E,2735.68197288,1
0004,2736.18374113,1
0012,2736.48451596,1
0010,2736.88561680,1
0021,2737.38812361,1
0020,2737.38825671,1
0024,2737.78914285,1
000C,2738.29047323,1
0017,2738.89197813,1
001A,2739.39297604,1
0019,2739.89426929,1
0016,2740.39550267,1
002F,2740.89678413,1
001D,2741.39797047,1
0018,2741.99952267,1
0030,2742.50064835,1
000D,2743.20228669,1
0031,2743.70345811,1
001F,2744.40481925,1
0032,2745.00628826,1
0022,2745.70790897,1
0013,2746.40955998,1
0011,2747.11135215,1
0014,2747.71285060,1
0002,2748.41446706,1
000F,2749.01600777,1
000A,2749.61919085,1
0003,2750.22017429,1
000E,2750.82109282,1
0004,2751.12155385,1
0012,2751.52213746,1
0010,2752.02293297,1
0021,2752.42353629,1
000B,2752.42358182,1
0024,2752.92433578,1
000C,2753.42508294,1
0017,2753.92585729,1
001A,2754.42670754,1
0019,2754.92785164,1
0016,2755.42903754,1
002F,2755.93036497,1
001D,2756.53172570,1
0018,2756.93275116,1
0030,2757.63431344,1
000D,2758.13567172,1
0031,2758.83739663,1
001F,2759.33862725,1
0032,2760.14080167,1
0022,2760.64196083,1
0013,2761.44374277,1
0011,2762.04526029,1
0014,2762.74679769,1
0002,2763.34811839,1
000F,2764.04972075,1
000A,2764.55089896,1
0003,2765.25251716,1
000E,2765.75372943,1
0004,2766.15477038,1
0012,2766.65593242,1
0010,2767.05698056,1
0021,2767.45792116,1
000B,2767.55831499,1
0024,2767.95935694,1
000C,2768.46049485,1
0017,2769.06197131,1
001A,2769.56319765,1
0019,2770.06436362,1
0016,2770.56566481,1
002F,2771.06693383,1
001D,2771.46796437,1
0018,2772.06954168,1
0030,2772.57079874,1
000D,2773.27242267,1
0031,2773.77362778,1
001F,2774.47518543,1
0032,2775.07670233,1
0022,2775.77830303,1
0013,2776.37967377,1
0011,2777.08130418,1
0014,2777.68270447,1
0002,2778.38424693,1
000F,2778.98574006,1
000A,2779.68723424,1
0003,2780.18840497,1
000E,2780.78980024,1
0004,2781.29102813,1
0012,2781.69202014,1
0010,2782.19328140,1
0021,2782.59425934,1
002A,2782.59434192,1
0024,2783.09557873,1
000C,2783.59683425,1
0017,2784.09806033,1
001A,2784.59923175,1
0019,2785.10043084,1
0016,2785.60159733,1
002F,2786.00272768,1
001D,2786.50388174,1
0018,2787.00515136,1
0030,2787.60640264,1
000D,2788.20791315,1
0031,2788.80926928,1
001F,2789.41056629,1
0032,2790.11233497,1
0022,2790.71366445,1
0013,2791.51541716,1
0011,2792.01659269,1
0014,2792.81836633,1
0002,2793.41988204,1
000F,2794.12164483,1
000A,2794.62282581,1
0003,2795.32441596,1
000E,2795.72546810,1
0004,2796.32682052,1
0012,2796.82806933,1
0010,2797.22903172,1
0021,2797.63002692,1
000B,2797.73043627,1
0024,2798.13153965,1
000C,2798.63269537,1
0017,2799.13390539,1
001A,2799.73529355,1
0019,2800.23644349,1
0016,2800.53716712,1
002F,2801.03839853,1
001D,2801.43929736,1
0018,2802.04092387,1
0030,2802.54205529,1
000D,2803.24366596,1
0031,2803.74484744,1
001F,2804.44633276,1
0032,2805.04784914,1
0022,2805.74940218,1
0013,2806.45112765,1
0011,2807.15292478,1
0014,2807.75430758,1
0002,2808.45584479,1
000F,2809.05723765,1
000A,2809.65850026,1
0003,2810.25993465,1
000E,2810.86123018,1
0004,2811.26213292,1
0012,2811.86352991,1
0010,2812.26457435,1
0021,2812.76577401,1
000B,2812.76586854,1
0024,2813.26699524,1
000C,2813.76810290,1
0017,2814.26935017,1
001A,2814.77056983,1
0019,2815.17150459,1
0016,2815.67271353,1
002F,2815.97361462,1
001D,2816.57497040,1
0018,2816.97600755,1
0030,2817.67752740,1
000D,2818.17966597,1
0031,2818.88141268,1
001F,2819.38265337,1
0032,2820.18458092,1
0022,2820.68574411,1
0013,2821.48749602,1
0011,2822.08892471,1
0014,2822.79063259,1
0002,2823.39202219,1
000F,2824.09370493,1
000A,2824.59490166,1
0003,2825.29645780,1
000E,2825.79761254,1
0004,2826.39908069,1
0012,2826.80020281,1
0010,2827.40158166,1
0021,2827.80257075,1
002A,2827.80270557,1
0024,2828.30381739,1
000C,2828.80505078,1
0017,2829.30626603,1
001A,2829.70723119,1
0019,2830.20845581,1
0016,2830.60953999,1
002F,2831.11081253,1
001D,2831.51184430,1
0018,2832.11337577,1
0030,2832.61461679,1
000D,2833.31618129,1
0031,2833.81746202,1
001F,2834.51902249,1
0032,2835.12050668,1
0022,2835.82211628,1
0013,2836.42354945,1
0011,2837.12520166,1
0014,2837.72657592,1
0002,2838.42825692,1
000F,2839.02976053,1
000A,2839.73123526,1
0003,2840.23244980,1
000E,2840.83384065,1
0004,2841.33501797,1
0012,2841.93646599,1
0010,2842.33756967,1
0021,2842.93903814,1
002A,2842.93912342,1
0024,2843.44027013,1
000C,2843.84151756,1
0017,2844.24246902,1
001A,2844.84397535,1
0019,2845.14468672,1
0016,2845.64584018,1
002F,2846.04690682,1
0018,2847.04915653,1
0030,2847.65045764,1
000D,2848.25198621,1
0031,2848.85324388,1
001F,2849.45461199,1
0032,2850.15628997,1
0022,2850.75760784,1
0013,2851.45920107,1
0011,2852.06067301,1
0014,2852.86256673,1
0002,2853.36379686,1
000F,2854.16566161,1
000A,2854.66698268,1
0003,2855.36850613,1
000E,2855.76937601,1
0004,2856.37067312,1
0012,2856.87195478,1
0010,2857.37306606,1
0021,2857.87428992,1
002A,2857.87440549,1
0024,2858.47567128,1
000C,2858.87679153,1
0017,2859.37794916,1
001A,2859.77920459,1
0019,2860.28039153,1
0016,2860.58113384,1
002F,2861.08242068,1
001D,2861.48346652,1
0018,2862.08489560,1
0030,2862.58586420,1
000D,2863.28760270,1
0031,2863.78878031,1
001F,2864.49040133,1
0032,2865.09184093,1
0022,2865.79344110,1
0013,2866.49508574,1
0011,2867.19683824,1
0014,2867.79832401,1
0002,2868.49992801,1
000F,2869.10132359,1
000A,2869.70262879,1
0003,2870.30402095,1
000E,2870.80522374,1
0004,2871.30632370,1
0012,2871.90769699,1
0010,2872.30863727,1
0021,2872.90996376,1
002A,2872.91008602,1
0024,2873.41132542,1
000C,2873.91273507,1
0017,2874.31374511,1
001A,2874.81494142,1
0019,2875.21603242,1
0016,2875.61756440,1
002F,2876.01846700,1
001D,2876.61980077,1
0018,2877.02088494,1
0030,2877.72245812,1
000D,2878.22373619,1
0031,2878.92545184,1
001F,2879.42667537,1
0032,2880.22859712,1
0022,2880.72971919,1
0013,2881.53146289,1
0011,2882.13286760,1
0014,2882.83446637,1
0002,2883.43587558,1
000F,2884.13752495,1
000A,2884.63871063,1
0003,2885.34030294,1
000E,2885.74127696,1
0004,2886.44293639,1
0012,2886.84400289,1
0010,2887.44534678,1
0021,2887.84643134,1
002A,2887.84652160,1
0024,2888.44791212,1
000C,2888.84906329,1
0017,2889.35016965,1
001A,2889.75111958,1
0019,2890.25230226,1
0016,2890.65318278,1
002F,2891.15440692,1
001D,2891.55537785,1
0018,2892.15694735,1
0030,2892.65817697,1
000D,2893.25961372,1
0031,2893.86102059,1
001F,2894.56262696,1
0032,2895.16410564,1
0022,2895.86571886,1
0013,2896.46708538,1
0011,2897.16874448,1
0014,2897.77009945,1
0002,2898.47165587,1
000F,2899.07311167,1
000A,2899.67448052,1
0003,2900.27595415,1
000E,2900.87740113,1
0004,2901.37858801,1
0012,2901.98023585,1
0010,2902.38126370,1
0021,2902.98287514,1
002A,2902.98296860,1
0024,2903.38387905,1
000C,2903.88509248,1
0017,2904.28614478,1
001A,2904.78746503,1
0019,2905.18845354,1
0016,2905.68961170,1
002F,2906.09055787,1
001D,2906.59170582,1
0018,2907.09340560,1
0030,2907.69477099,1
000D,2908.19612326,1
0031,2908.89769228,1
001F,2909.49914554,1
0032,2910.20090292,1
0022,2910.80237773,1
0013,2911.50413707,1
0011,2912.10552316,1
0014,2912.90738742,1
0002,2913.40857754,1
000F,2914.21042342,1
000A,2914.61142424,1
0003,2915.31305547,1
000E,2915.81428005,1
0004,2916.41577462,1
0012,2916.91712999,1
0010,2917.41820900,1
0021,2917.91956280,1
0024,2918.52093446,1
000C,2918.82168769,1
0017,2919.42306236,1
001A,2919.72386809,1
0019,2920.32527625,1
0016,2920.62605939,1
002F,2921.12729117,1
001D,2921.52832761,1
0018,2922.12983564,1
0030,2922.63098594,1
000D,2923.33262389,1
0031,2923.83385397,1
001F,2924.53535066,1
0032,2925.13679638,1
0022,2925.83837649,1
0013,2926.43977084,1
0011,2927.24179663,1
0014,2927.84353492,1
0002,2928.54504785,1
000F,2929.14650582,1
000A,2929.74787228,1
0003,2930.24903578,1
000E,2930.85052155,1
0004,2931.35167282,1
0012,2931.95308411,1
0010,2932.35405116,1
0021,2932.95537865,1
002A,2932.95547580,1
0024,2933.45660521,1
000C,2933.95792418,1
0017,2934.35894358,1
001A,2934.86025093,1
0019,2935.26139726,1
0016,2935.66230457,1
002F,2936.06331938,1
001D,2936.66475335,1
0018,2937.06577792,1
0030,2937.66718626,1
000D,2938.26869127,1
0031,2938.87017400,1
001F,2939.47151087,1
0032,2940.17331036,1
0022,2940.77460797,1
0013,2941.57643422,1
0011,2942.17899031,1
0014,2942.88057712,1
0002,2943.48194606,1
000F,2944.18360494,1
000A,2944.68473337,1
0003,2945.38636785,1
000E,2945.78741486,1
0004,2946.48911010,1
0012,2946.89024031,1
0010,2947.49161673,1
0021,2947.89269222,1
002A,2947.89278253,1
0024,2948.49410575,1
000C,2948.89518344,1
0017,2949.39636389,1
001A,2949.79750038,1
0019,2950.29864879,1
0016,2950.59944886,1
002F,2951.20087585,1
001D,2951.60195577,1
0018,2952.20340485,1
0030,2952.60431955,1
000D,2953.30591408,1
0031,2953.90733661,1
001F,2954.60884760,1
0032,2955.21057586,1
0022,2955.91218934,1
0013,2956.51350268,1
0011,2957.21513955,1
0014,2957.81653205,1
0002,2958.51813690,1
000F,2959.11951891,1
0003,2960.32183781,1
000E,2960.92319310,1
0004,2961.42438580,1
0012,2962.02588975,1
0010,2962.42692022,1
0021,2963.02846446,1
002A,2963.02855939,1
0024,2963.42944738,1
000C,2963.93087171,1
0017,2964.33182320,1
001A,2964.83300609,1
0019,2965.23410113,1
0016,2965.73530548,1
002F,2966.13630993,1
001D,2966.63750719,1
0018,2967.13888624,1
0030,2967.74013456,1
000D,2968.24138898,1
0031,2968.94305557,1
001F,2969.54440224,1
0032,2970.24600482,1
0022,2970.84746812,1
0013,2971.54905385,1
0011,2972.15045265,1
0014,2972.85199233,1
0002,2973.45339228,1
000F,2974.15513340,1
000A,2974.65635174,1
0003,2975.35798701,1
000E,2975.85935100,1
0004,2976.46073660,1
0012,2976.96205274,1
0010,2977.46323625,1
0021,2977.96463828,1
002A,2977.96472564,1
0024,2978.56603040,1
000C,2978.86683380,1
0017,2979.46823421,1
001A,2979.76910488,1
0019,2980.27021106,1
0016,2980.67132186,1
002F,2981.17251998,1
001D,2981.57345784,1
0018,2982.17490179,1
0030,2982.67614326,1
000D,2983.37786949,1
0031,2983.87915419,1
001F,2984.58067905,1
0032,2985.18217953,1
0022,2985.88387711,1
0013,2986.48528307,1
0011,2987.28715843,1
0014,2987.78836726,1
0002,2988.59019464,1
000F,2989.09140406,1
000A,2989.79317899,1
0003,2990.29433069,1
000E,2990.89574674,1
0004,2991.39689055,1
0012,2991.99829490,1
0010,2992.39922424,1
0021,2993.00066113,1
002A,2993.00075681,1
0024,2993.50186551,1
000C,2994.00308172,1
0017,2994.40413947,1
001A,2994.90541198,1
0019,2995.20614875,1
0016,2995.70723115,1
002F,2996.10823107,1
001D,2996.70953466,1
0018,2997.11058142,1
0030,2997.71191951,1
000D,2998.31333660,1
0031,2998.91482373,1
001F,2999.51611622,1
0032,3000.21783512,1
0022,3000.81913900,1
0013,3001.62087879,1
0011,3002.22225438,1
0014,3002.92386825,1
0002,3003.52516816,1
000F,3004.22675340,1
000A,3004.82804866,1
0003,3005.42939980,1
000E,3005.83038753,1
0004,3006.53199847,1
0012,3006.93306288,1
0010,3007.53441371,1
0021,3007.93545858,1
002A,3007.93554268,1
0024,3008.53688193,1
000C,3008.93791173,1
0017,3009.43908431,1
001A,3009.84010222,1
0019,3010.34127628,1
0016,3010.64205598,1
002F,3011.24345265,1
001D,3011.64448280,1
0018,3012.24647258,1
0030,3012.64743386,1
000D,3013.34910780,1
0031,3013.85036177,1
001F,3014.65212643,1
0032,3015.15336516,1
0022,3015.95507577,1
0013,3016.55633529,1
0011,3017.25794508,1
0014,3017.85939485,1
0002,3018.56093617,1
000F,3019.16236801,1
000A,3019.76375036,1
0003,3020.36508902,1
000E,3020.96643957,1
0004,3021.46760000,1
0012,3022.06911295,1
0010,3022.47017779,1
0021,3022.97138394,1
002A,3023.07179372,1
0024,3023.47270120,1
000C,3023.97392882,1
0017,3024.37490495,1
001A,3024.87610879,1
0019,3025.27706570,1
0016,3025.77840077,1
002F,3026.17953400,1
001D,3026.68066322,1
0018,3027.18200734,1
0030,3027.78344025,1
000D,3028.28477905,1
0031,3028.98641936,1
001F,3029.58782008,1
0032,3030.28951722,1
0022,3030.89102016,1
0013,3031.59257076,1
0011,3032.19396418,1
0014,3032.89565904,1
0002,3033.49708581,1
000F,3034.19868051,1
000A,3034.69987785,1
0003,3035.40145212,1
000E,3035.90273757,1
0004,3036.50410919,1
0012,3037.00535843,1
0010,3037.50657740,1
0021,3037.90759464,1
002A,3038.00798458,1
0024,3038.60939783,1
000C,3038.91023612,1
0017,3039.51177068,1
001A,3039.81261114,1
0019,3040.31385509,1
0016,3040.71492577,1
002F,3041.21616509,1
001D,3041.61717868,1
0018,3042.21891888,1
0030,3042.72018037,1
000D,3043.42187295,1
0031,3043.92323147,1
001F,3044.62477013,1
0032,3045.22627615,1
0022,3045.92791785,1
0013,3046.52932463,1
0011,3047.33099165,1
0014,3047.83216495,1
0002,3048.63388406,1
000F,3049.13506500,1
000A,3049.83684424,1
0003,3050.33809390,1
000E,3050.93956378,1
0004,3051.44066602,1
0012,3052.04210658,1
0010,3052.44302854,1
0021,3053.04444001,1
002A,3053.04453271,1
0024,3053.54563810,1
000C,3054.04688675,1
0017,3054.44795962,1
001A,3054.94909588,1
0019,3055.24985417,1
0016,3055.75093245,1
002F,3056.15184111,1
001D,3056.75315782,1
0018,3057.15404213,1
0030,3057.75540993,1
000D,3058.35691044,1
0031,3058.95828527,1
001F,3059.55971515,1
0032,3060.26134982,1
0022,3060.86266155,1
0013,3061.66437903,1
0011,3062.26585405,1
0014,3062.96745802,1
0002,3063.56878545,1
000F,3064.27043110,1
000A,3064.77164619,1
0003,3065.47314128,1
000E,3065.87409994,1
0004,3066.57567757,1
0012,3066.97679885,1
0010,3067.57816822,1
0021,3067.97927473,1
002A,3067.97939675,1
0024,3068.58148148,1
000C,3068.98264877,1
0017,3069.48382731,1
001A,3069.88477102,1
0019,3070.38581543,1
0016,3070.68657666,1
002F,3071.28798391,1
001D,3071.68890235,1
0018,3072.29029966,1
0030,3072.69121375,1
000D,3073.39283255,1
0031,3073.89408496,1
001F,3074.69578232,1
0032,3075.19694832,1
0022,3075.99882032,1
0013,3076.60014894,1
0011,3077.30182161,1
0014,3077.90316864,1
0002,3078.60472006,1
000F,3079.20616691,1
000A,3079.80757656,1
0003,3080.40896372,1
000E,3081.01046896,1
0004,3081.51152454,1
0012,3082.01271424,1
0010,3082.51392140,1
0021,3083.01520771,1
002A,3083.11561462,1
0024,3083.51657420,1
000C,3084.01794553,1
0017,3084.41903947,1
001A,3084.92022698,1
0019,3085.32121586,1
0016,3085.82257328,1
002F,3086.22359172,1
001D,3086.72478525,1
0018,3087.22599832,1
0030,3087.82744858,1
000D,3088.32863115,1
0031,3089.03024610,1
001F,3089.63165141,1
0032,3090.33336089,1
0022,3090.93483841,1
0013,3091.63639634,1
0011,3092.23784883,1
0014,3092.93941961,1
0002,3093.54077837,1
000F,3094.24245022,1
000A,3094.74372781,1
0003,3095.44529411,1
000E,3095.94666486,1
0004,3096.54806499,1
0012,3096.94919822,1
0010,3097.55061521,1
0021,3097.95164506,1
002A,3098.05211078,1
000B,3098.15241037,1
0024,3098.65359576,1
000C,3098.95441667,1
0017,3099.55582581,1
001A,3099.85673045,1
0019,3100.35794431,1
0016,3100.75898251,1
002F,3101.26018091,1
001D,3101.66124851,1
0018,3102.26265664,1
0030,3102.76385476,1
000D,3103.46549548,1
0031,3103.96683769,1
001F,3104.66842908,1
0032,3105.26983700,1
0022,3105.97150741,1
0013,3106.57287185,1
0011,3107.27450055,1
0014,3107.87581607,1
0002,3108.67752848,1
000F,3109.17868427,1
000A,3109.88026406,1
0003,3110.38147698,1
000E,3110.98324049,1
0004,3111.48436752,1
0012,3112.08575490,1
0010,3112.48674096,1
0021,3112.88782012,1
002A,3112.98820801,1
000B,3113.28892598,1
0024,3113.58972608,1
000C,3114.09109927,1
0017,3114.49217046,1
001A,3114.99342627,1
0019,3115.29423516,1
0016,3115.79540217,1
002F,3116.19632566,1
001D,3116.79782630,1
0018,3117.19876798,1
0030,3117.80008677,1
000D,3118.40152578,1
0031,3119.00295250,1
001F,3119.60426781,1
0032,3120.30592823,1
0022,3120.90727280,1
0013,3121.70893274,1
0011,3122.20999988,1
0014,3123.01185978,1
0002,3123.61315363,1
000F,3124.31475709,1
000A,3124.81597267,1
0003,3125.51757839,1
000E,3125.91861526,1
0004,3126.51994620,1
0012,3127.02119588,1
0010,3127.62256533,1
0021,3127.82316537,1
002A,3127.92354583,1
0020,3128.02385224,1
000B,3128.32459190,1
0024,3128.62531909,1
000C,3129.02631802,1
0017,3129.52747377,1
001A,3129.92852837,1
0019,3130.42967049,1
0016,3130.73041501,1
002F,3131.33179039,1
001D,3131.73281753,1
0018,3132.23396165,1
0030,3132.73506175,1
000D,3133.43657672,1
0031,3133.93778966,1
001F,3134.73956556,1
0032,3135.24081707,1
0022,3136.04261780,1
0013,3136.64397852,1
0011,3137.34556892,1
0014,3137.94706676,1
0002,3138.64861731,1
000F,3139.25007005,1
000A,3139.85144751,1
0003,3140.45284079,1
000E,3141.05435064,1
0004,3141.45541707,1
0012,3142.05680719,1
0010,3142.55798827,1
0021,3142.75852625,1
002A,3142.85887645,1
0020,3143.05943388,1
000B,3143.36018088,1
0024,3143.76113752,1
000C,3144.06190819,1
0017,3144.46291910,1
001A,3144.96412007,1
0019,3145.36522152,1
0016,3145.86644134,1
002F,3146.26738158,1
001D,3146.76857907,1
0018,3147.26972808,1
0030,3147.87119601,1
000D,3148.37240089,1
0031,3149.07392956,1
001F,3149.67531004,1
0032,3150.37688862,1
0022,3150.97842373,1
0013,3151.67998373,1
0011,3152.28138179,1
0014,3152.98304548,1
0002,3153.58438141,1
000F,3154.28599614,1
000A,3154.78722970,1
0003,3155.48888614,1
000E,3155.99017081,1
0004,3156.59163728,1
0012,3156.99273778,1
0010,3157.49389201,1
0021,3157.89495662,1
002A,3157.89505279,1
0020,3158.19586642,1
000B,3158.49675984,1
0024,3158.79769821,1
000C,3159.19887844,1
0017,3159.49963781,1
001A,3159.90066794,1
0019,3160.40178860,1
0016,3160.80288552,1
002F,3161.30406734,1
001D,3161.70509957,1
0018,3162.30660505,1
0030,3162.80791635,1
000D,3163.50958662,1
0031,3164.01082327,1
001F,3164.71233244,1
0032,3165.31364548,1
0022,3166.01525194,1
0013,3166.61668468,1
0011,3167.31826500,1
0014,3167.91972773,1
0002,3168.72145283,1
000F,3169.22261348,1
000A,3169.92430082,1
0003,3170.42544580,1
000E,3171.02702469,1
0004,3171.52817049,1
0012,3172.12961553,1
0010,3172.53062865,1
0021,3172.83145111,1
002A,3172.83156781,1
0020,3173.23248811,1
000B,3173.53327141,1
0024,3173.83411589,1
000C,3174.23512161,1
0017,3174.63611421,1
001A,3175.03719136,1
0019,3175.33797382,1
0016,3175.83916190,1
002F,3176.24022169,1
001D,3176.84182060,1
0018,3177.24277188,1
0030,3177.84409507,1
000D,3178.44551028,1
0031,3179.04706124,1
001F,3179.64839860,1
0032,3180.34996421,1
0022,3180.95135760,1
0013,3181.75308105,1
0011,3182.25420635,1
0014,3183.05604845,1
0002,3183.65746193,1
000F,3184.35911377,1
000A,3184.86034595,1
0003,3185.56248275,1
000E,3185.96351363,1
0004,3186.56490190,1
0012,3187.06629047,1
0010,3187.46740378,1
0021,3187.86843760,1
002A,3187.96884052,1
0020,3188.16945467,1
000B,3188.67060797,1
0024,3188.97147378,1
000C,3189.37251952,1
0017,3189.67327172,1
001A,3190.07430508,1
0019,3190.47540254,1
0016,3190.77763256,1
002F,3191.37919569,1
001D,3191.78037313,1
0018,3192.28151959,1
0030,3192.78280296,1
000D,3193.48440789,1
0031,3193.98560369,1
001F,3194.68714678,1
0032,3195.28872409,1
0022,3196.09058206,1
0013,3196.69198232,1
0011,3197.39354758,1
0014,3197.99509724,1
0002,3198.69666376,1
000F,3199.29818417,1
000A,3199.89964315,1
0003,3200.50104276,1
000E,3201.00225418,1
0004,3201.50340487,1
0012,3202.10490524,1
0010,3202.60610296,1
0021,3202.80665809,1
002A,3202.90702451,1
0020,3203.30802633,1
000B,3203.60900362,1
0024,3204.01014908,1
000C,3204.41123426,1
0017,3204.81220548,1
001A,3205.21322415,1
0019,3205.51398909,1
0016,3205.91506229,1
002F,3206.31618631,1
001D,3206.81745492,1
0018,3207.21852121,1
0030,3207.92018739,1
000D,3208.42139789,1
0031,3209.12311769,1
001F,3209.62427815,1
0032,3210.42610672,1
0022,3211.02760381,1
0013,3211.72914999,1
0011,3212.33049599,1
0014,3213.03210412,1
0002,3213.63345832,1
000F,3214.33503616,1
000A,3214.83637408,1
0003,3215.53789374,1
000E,3215.93893018,1
0004,3216.64048379,1
0012,3217.04152466,1
0010,3217.54281612,1
0021,3217.94385760,1
002A,3217.94394075,1
0020,3218.24470597,1
000B,3218.64578244,1
0024,3218.94662570,1
000C,3219.44777344,1
0017,3219.84885071,1
001A,3220.24980580,1
0019,3220.65079526,1
0016,3220.95163437,1
002F,3221.35260680,1
001D,3221.75355500,1
0018,3222.35508683,1
0030,3222.85645047,1
000D,3223.55800469,1
0031,3224.05927576,1
001F,3224.76083255,1
0032,3225.36221331,1
0022,3226.06391615,1
0013,3226.66531734,1
0011,3227.36696276,1
0014,3227.96832909,1
0002,3228.66982329,1
000F,3229.27120836,1
000A,3229.87257385,1
0003,3230.47398381,1
000E,3231.07547864,1
0004,3231.57675949,1
0012,3232.17957891,1
0010,3232.58057815,1
0021,3232.88143288,1
002A,3232.88154649,1
0020,3233.28244464,1
000B,3233.58324567,1
0024,3234.08457848,1
000C,3234.38534759,1
0017,3234.98681240,1
001A,3235.28760173,1
0019,3235.68855521,1
0016,3236.08963318,1
002F,3236.39041155,1
001D,3236.79145397,1
0018,3237.29273850,1
0030,3237.89414370,1
000D,3238.39552310,1
0031,3239.09720330,1
001F,3239.69863590,1
0032,3240.40041412,1
0022,3241.00192580,1
0013,3241.80375094,1
0011,3242.30495551,1
0014,3243.10685328,1
0002,3243.60799909,1
000F,3244.40982306,1
000A,3244.81064117,1
0003,3245.51228855,1
000E,3246.01354373,1
0004,3246.61495994,1
0012,3247.11621118,1
0010,3247.51722908,1
0021,3247.91827954,1
002A,3247.91836861,1
0020,3248.21907533,1
000B,3248.72025175,1
0024,3249.02105695,1
000C,3249.52219659,1
0017,3249.92334892,1
001A,3250.42454160,1
0019,3250.72530854,1
0016,3251.12633992,1
002F,3251.52731282,1
001D,3251.92836313,1
0018,3252.32933835,1
0030,3252.83070812,1
000D,3253.53229981,1
0031,3254.03350046,1
001F,3254.73500758,1
0032,3255.33632442,1
0022,3256.03828706,1
0013,3256.73983627,1
0011,3257.44160102,1
0014,3258.04320947,1
0002,3258.74477093,1
000F,3259.34615618,1
000A,3259.94763093,1
0003,3260.44877504,1
000E,3261.05025917,1
0004,3261.55146156,1
0012,3262.15285503,1
0010,3262.55368677,1
0021,3262.85452796,1
002A,3262.85471868,1
0020,3263.35579740,1
000B,3263.65660521,1
0024,3264.05776507,1
000C,3264.45874314,1
0017,3264.96005861,1
001A,3265.36105472,1
0019,3265.86222401,1
0016,3266.16301256,1
002F,3266.56414031,1
001D,3266.96528443,1
0018,3267.46650860,1
0030,3267.86756826,1
000D,3268.46896326,1
0031,3269.17061769,1
001F,3269.67184511,1
0032,3270.47382294,1
0022,3270.97503582,1
0013,3271.77700089,1
0011,3272.37839349,1
0014,3273.08062484,1
0002,3273.68187800,1
000F,3274.38349897,1
000A,3274.88486475,1
0003,3275.58645196,1
000E,3275.98755257,1
0004,3276.68911435,1
0012,3277.09009179,1
0010,3277.49103882,1
0021,3277.99228077,1
002A,3277.99237574,1
0020,3278.29317449,1
000B,3278.69412181,1
0024,3278.99495460,1
000C,3279.49608769,1
0017,3279.89709159,1
001A,3280.39824949,1
0019,3280.79930979,1
0016,3281.30051028,1
002F,3281.70153078,1
001D,3282.10258282,1
0018,3282.50348196,1
0030,3283.00490828,1
000D,3283.50617690,1
0031,3284.10760163,1
001F,3284.80916990,1
0032,3285.41068044,1
0022,3286.11233606,1
0013,3286.71375955,1
0011,3287.41543227,1
0014,3288.01696026,1
0002,3288.71844314,1
000F,3289.31979963,1
000A,3289.92125391,1
0003,3290.52265442,1
000E,3291.12415876,1
0004,3291.62536425,1
0012,3292.22683564,1
0010,3292.62783432,1
0021,3292.92869955,1
002A,3292.92880112,1
0020,3293.32970726,1
000B,3293.63046829,1
0024,3294.13183397,1
000C,3294.43260028,1
0017,3295.03416169,1
001A,3295.33500346,1
0019,3295.83617654,1
0016,3296.23719894,1
002F,3296.73833330,1
001D,3297.13927346,1
0018,3297.64051389,1
0030,3298.04155742,1
000D,3298.64298842,1
0031,3299.14420499,1
001F,3299.74558899,1
0032,3300.44724005,1
0022,3301.04865541,1
0013,3301.85033998,1
0011,3302.35159321,1
0014,3303.15349118,1
0002,3303.65474911,1
000F,3304.35633374,1
000A,3304.85750936,1
0003,3305.55914903,1
000E,3306.06048691,1
0004,3306.56164341,1
0012,3307.16310879,1
0010,3307.56412904,1
0021,3307.96515571,1
002A,3307.96524551,1
0020,3308.26598159,1
000B,3308.76712954,1
0024,3309.06793505,1
000C,3309.56912543,1
0017,3309.97020520,1
001A,3310.47147989,1
0019,3310.77226010,1
0016,3311.27341674,1
002F,3311.67434553,1
001D,3312.27575446,1
0018,3312.67674852,1
0030,3313.17806452,1
000D,3313.67920685,1
0031,3314.28066546,1
001F,3314.78191726,1
0032,3315.38347508,1
0022,3316.08529173,1
0013,3316.78689745,1
0011,3317.48847201,1
0014,3318.09007673,1
0002,3318.79170996,1
000F,3319.29292885,1
000A,3319.99452900,1
000E,3321.09694201,1
0004,3321.59809791,1
0012,3322.09929574,1
0010,3322.60043368,1
0021,3322.90126243,1
002A,3322.90136976,1
0020,3323.40247849,1
000B,3323.70333612,1
0024,3324.10437656,1
000C,3324.50530975,1
0017,3325.00660500,1
001A,3325.40763441,1
0019,3325.90888569,1
0016,3326.20971953,1
002F,3326.81120813,1
001D,3327.21221258,1
0018,3327.81359503,1
0030,3328.21448874,1
000D,3328.81583384,1
0031,3329.31705940,1
001F,3329.91858279,1
0032,3330.52000990,1
0022,3331.02130835,1
0013,3331.82309205,1
0011,3332.42448959,1
0014,3333.12607333,1
0002,3333.72737868,1
000F,3334.42895559,1
000A,3334.93018607,1
0003,3335.63192991,1
000E,3336.03294630,1
0004,3336.73450899,1
0012,3337.13545884,1
0010,3337.53653796,1
0021,3338.03780039,1
002A,3338.03789102,1
0020,3338.33869518,1
000B,3338.73976651,1
0024,3339.04054813,1
000C,3339.54171623,1
0017,3339.94280876,1
001A,3340.44392489,1
0019,3340.84502901,1
0016,3341.34618523,1
002F,3341.74721005,1
001D,3342.24829548,1
0018,3342.74953271,1
0030,3343.35102556,1
000D,3343.85220245,1
0031,3344.35334431,1
001F,3344.95474181,1
0032,3345.55872985,1
0022,3346.16035931,1
0013,3346.76166535,1
0011,3347.46322526,1
0014,3348.06474822,1
0002,3348.76629435,1
000F,3349.36781585,1
000A,3349.96922983,1
0003,3350.57062581,1
000E,3351.17215981,1
0004,3351.67335533,1
0012,3352.17462207,1
0010,3352.67583254,1
0021,3352.97775094,1
002A,3352.97784311,1
0020,3353.37862076,1
000B,3353.67925651,1
0024,3354.18055177,1
000C,3354.48131717,1
0017,3354.98277869,1
001A,3355.38370875,1
0019,3355.88502225,1
0016,3356.28606540,1
002F,3356.78734048,1
001D,3357.18832821,1
0018,3357.78976784,1
0030,3358.29108910,1
000D,3358.99277326,1
0031,3359.49399570,1
001F,3360.09556939,1
0032,3360.59673315,1
0022,3361.19813622,1
0013,3361.79932452,1
0011,3362.40075841,1
0014,3363.10248599,1
0002,3363.70387749,1
000F,3364.40538143,1
000A,3364.90666897,1
0003,3365.60817493,1
000E,3366.10939702,1
0004,3366.71073665,1
0012,3367.11174405,1
0010,3367.61296208,1
0021,3368.01403246,1
002A,3368.01411955,1
0020,3368.31484791,1
000B,3368.71584725,1
0024,3369.11686118,1
000C,3369.61802059,1
0017,3369.91882972,1
001A,3370.52017331,1
0019,3370.82095769,1
0016,3371.32212736,1
002F,3371.72302329,1
001D,3372.32445903,1
0018,3372.72538389,1
0030,3373.32674857,1
000D,3373.92871852,1
0031,3374.53004736,1
001F,3375.13166174,1
0032,3375.73282304,1
0022,3376.33411946,1
0013,3376.93545987,1
0011,3377.53676368,1
0014,3378.13813262,1
0002,3378.83965256,1
000F,3379.34082575,1
000A,3380.04240230,1
0003,3380.54356641,1
000E,3381.14498785,1
0004,3381.64617080,1
0012,3382.24752807,1
0010,3382.64846900,1
0021,3382.94920818,1
002A,3382.94929719,1
0020,3383.45031303,1
000B,3383.65083261,1
0024,3384.15201769,1
000C,3384.55294219,1
0017,3385.05409227,1
001A,3385.45516675,1
0019,3385.95635664,1
0016,3386.25712455,1
002F,3386.85847979,1
001D,3387.25960055,1
0018,3387.76074051,1
0030,3388.26190779,1
000D,3388.96347384,1
0031,3389.46455894,1
001F,3390.16616248,1
0032,3390.76756168,1
0022,3391.36891927,1
0013,3391.97030621,1
0011,3392.57159482,1
0014,3393.17291047,1
0002,3393.77419433,1
000F,3394.47585022,1
000A,3394.97792978,1
0003,3395.67942262,1
000E,3396.08070155,1
0004,3396.78234876,1
0012,3397.18344004,1
0010,3397.58439499,1
0021,3397.98546906,1
002A,3398.08585487,1
0020,3398.38657308,1
000B,3398.78761360,1
0024,3399.08836011,1
000C,3399.58961265,1
0017,3399.99072985,1
001A,3400.49193744,1
0019,3400.89307605,1
0016,3401.39422620,1
002F,3401.79540979,1
001D,3402.29667590,1
0018,3402.69763713,1
0030,3403.39930628,1
000D,3403.90052089,1
0031,3404.60218023,1
001F,3405.10341484,1
0032,3405.90525429,1
0022,3406.50670094,1
0013,3407.10837713,1
0011,3407.60954563,1
0014,3408.21104327,1
0002,3408.81249117,1
000F,3409.41381391,1
000A,3410.01529118,1
0003,3410.61672232,1
000E,3411.21818911,1
0004,3411.71953003,1
0012,3412.22074231,1
0010,3412.72211436,1
0021,3412.92269246,1
002A,3413.02309259,1
0020,3413.42407666,1
000B,3413.72482948,1
0024,3414.12589385,1
000C,3414.52689941,1
0017,3415.02826946,1
001A,3415.42924917,1
0019,3415.93060385,1
0016,3416.33160098,1
002F,3416.83282542,1
001D,3417.23383381,1
0018,3417.83527334,1
0030,3418.33663980,1
000D,3419.03836227,1
0031,3419.53956343,1
001F,3420.24121620,1
0032,3420.84275619,1
0022,3421.54432060,1
0013,3422.14570893,1
0011,3422.74710726,1
0014,3423.34858164,1
0002,3423.95007276,1
000F,3424.45118094,1
000A,3424.95254599,1
0003,3425.65412733,1
000E,3426.15542283,1
0004,3426.75676412,1
0012,3427.15787930,1
0010,3427.65906034,1
0021,3428.06012176,1
002A,3428.06021595,1
0020,3428.36096495,1
000B,3428.76196914,1
0024,3429.06277335,1
000C,3429.66409912,1
0017,3429.96494877,1
001A,3430.56631399,1
0019,3430.86712884,1
0016,3431.36829800,1
002F,3431.76933591,1
001D,3432.37079842,1
0018,3432.77189901,1
0030,3433.37331965,1
000D,3433.97466670,1
0031,3434.57597801,1
001F,3435.17740824,1
0032,3435.87899560,1
0022,3436.48041909,1
0013,3437.28235054,1
0011,3437.78361564,1
0014,3438.38503741,1
0002,3438.98707323,1
000F,3439.38809438,1
000A,3440.08999368,1
0003,3440.59120865,1
000E,3441.19260881,1
0004,3441.69391968,1
0012,3442.29533722,1
0010,3442.69630313,1
0021,3442.99715054,1
002A,3442.99725156,1
0020,3443.39813904,1
000B,3443.69897104,1
0024,3444.20017030,1
000C,3444.60122789,1
0017,3445.10247776,1
001A,3445.50358851,1
0019,3446.00484427,1
0016,3446.30564379,1
002F,3446.90713543,1
001D,3447.30819915,1
0018,3447.80942672,1
0030,3448.31061910,1
000D,3449.01230940,1
0031,3449.51345938,1
001F,3450.21512696,1
0032,3450.81646789,1
0022,3451.51803797,1
0013,3452.21969935,1
0011,3452.92125676,1
0014,3453.52277701,1
0002,3453.92389080,1
000F,3454.52527955,1
000A,3455.02668371,1
0003,3455.72829125,1
000E,3456.12933455,1
0004,3456.73065059,1
0012,3457.23185260,1
0010,3457.63286371,1
0021,3458.03389351,1
002A,3458.13429130,1
0020,3458.33484934,1
000B,3458.83621178,1
0024,3459.13697656,1
000C,3459.63810230,1
0017,3460.03920770,1
001A,3460.54034064,1
0019,3460.94138305,1
0016,3461.44260156,1
002F,3461.84375454,1
001D,3462.34500142,1
0018,3462.74607855,1
0030,3463.34754048,1
000D,3463.94886573,1
0031,3464.65047331,1
001F,3465.15171660,1
0032,3465.95360930,1
0022,3466.45466098,1
0013,3467.25650883,1
0011,3467.85795262,1
0014,3468.45932540,1
0002,3468.96058460,1
000F,3469.46176098,1
000A,3470.06316286,1
0003,3470.66457087,1
000E,3471.16575412,1
0004,3471.66689502,1
0012,3472.26822388,1
0010,3472.76954441,1
0021,3472.97013055,1
002A,3473.07052478,1
0020,3473.47154785,1
000B,3473.77232867,1
0024,3474.17327978,1
000C,3474.57427578,1
0017,3475.07561058,1
001A,3475.47658264,1
0019,3475.97781596,1
0016,3476.37888602,1
002F,3476.88012614,1
001D,3477.28108084,1
0018,3477.88250936,1
0030,3478.28365430,1
000D,3478.98532631,1
0031,3479.58667881,1
001F,3480.28833024,1
0032,3480.88977984,1
0022,3481.59138414,1
0013,3482.19277014,1
0011,3482.89437522,1
0014,3483.49578904,1
0002,3483.89688924,1
000F,3484.49820692,1
000A,3484.99952172,1
0003,3485.70101669,1
000E,3486.20228333,1
0004,3486.80376985,1
0012,3487.20483848,1
0010,3487.70606538,1
0021,3488.10703558,1
002A,3488.10712022,1
0020,3488.40785706,1
000B,3488.80897206,1
0024,3489.10971519,1
000C,3489.71116742,1
0017,3490.01194903,1
001A,3490.51314437,1
0019,3490.91422428,1
0016,3491.41539194,1
002F,3491.81651451,1
001D,3492.31770587,1
0018,3492.81906036,1
0030,3493.42051731,1
000D,3493.92175334,1
0031,3494.62335882,1
001F,3495.22476479,1
0032,3495.92629392,1
0022,3496.52765155,1
0013,3497.32958444,1
0011,3497.83083352,1
0014,3498.43226523,1
0002,3499.03374994,1
000F,3499.43481617,1
000A,3500.13636499,1
0003,3500.63750205,1
000E,3501.23894067,1
0004,3501.74008463,1
0012,3502.34148291,1
0010,3502.74249837,1
0021,3503.04334248,1
002A,3503.04344370,1
0020,3503.44436957,1
000B,3503.74512159,1
0024,3504.24629545,1
000C,3504.64736967,1
0017,3505.14856231,1
001A,3505.44936951,1
0019,3506.05088452,1
0016,3506.35166479,1
002F,3506.85285049,1
001D,3507.25378171,1
0018,3507.85511903,1
0030,3508.35629702,1
000D,3509.05794880,1
0031,3509.55921060,1
001F,3510.26083001,1
0032,3510.86215474,1
0022,3511.56370257,1
0013,3512.26536092,1
0011,3512.96700747,1
0014,3513.56838759,1
0002,3513.96946755,1
000F,3514.57103547,1
000A,3515.07251418,1
0003,3515.77401100,1
000E,3516.17475248,1
0004,3516.77574797,1
0012,3517.27659791,1
0010,3517.67754911,1
0021,3518.07841209,1
002A,3518.07846066,1
0020,3518.37894168,1
000B,3518.87997984,1
0024,3519.18049413,1
000C,3519.68123043,1
0017,3520.08186840,1
001A,3520.58286763,1
0019,3520.98390661,1
0016,3521.48512641,1
002F,3521.78589412,1
001D,3522.38727277,1
0018,3522.78836989,1
0030,3523.38976788,1
000D,3523.99129099,1
0031,3524.69296206,1
001F,3525.19415398,1
0032,3525.99615121,1
0022,3526.49745331,1
