coupling_function,k,device_count,cycle_time,listening_rate,duration,format,run_count,readable_run_count,total_data_size_bytes,oldest_created_at,newest_created_at
KURAMOTO,1,50,10000,25,1800000,current_graph_manifest,1000,0,656508047,2026-07-06T10:06:33+00:00,2026-07-10T05:22:39+00:00
KURAMOTO,1001,50,10000,25,1800000,current_graph_manifest,1000,0,656508047,2026-07-06T10:06:33+00:00,2026-07-10T05:22:39+00:00
KURAMOTO,101,50,10000,25,1800000,current_graph_manifest,1000,0,656508047,2026-07-06T10:06:33+00:00,2026-07-10T05:22:39+00:00
KURAMOTO,1011,50,10000,25,1800000,current_graph_manifest,1000,0,656508047,2026-07-06T10:06:33+00:00,2026-07-10T05:22:39+00:00
KURAMOTO,1021,50,10000,25,1800000,current_graph_manifest,1000,0,656508047,2026-07-06T10:06:33+00:00,2026-07-10T05:22:39+00:00
KURAMOTO,1031,50,10000,25,1800000,current_graph_manifest,1000,0,656508047,2026-07-06T10:06:33+00:00,2026-07-10T05:22:39+00:00
KURAMOTO,1041,50,10000,25,1800000,current_graph_manifest,1000,0,656508047,2026-07-06T10:06:33+00:00,2026-07-10T05:22:39+00:00
KURAMOTO,1051,50,10000,25,1800000,current_graph_manifest,1000,0,656508047,2026-07-06T10:06:33+00:00,2026-07-10T05:22:39+00:00
KURAMOTO,1061,50,10000,25,1800000,current_graph_manifest,1000,0,656508047,2026-07-06T10:06:33+00:00,2026-07-10T05:22:39+00:00
KURAMOTO,1071,50,10000,25,1800000,current_graph_manifest,1000,0,656508047,2026-07-06T10:06:33+00:00,2026-07-10T05:22:39+00:00
KURAMOTO,1081,50,10000,25,1800000,current_graph_manifest,1000,0,656508047,2026-07-06T10:06:33+00:00,2026-07-10T05:22:39+00:00
KURAMOTO,1091,50,10000,25,1800000,current_graph_manifest,1000,0,656508047,2026-07-06T10:06:33+00:00,2026-07-10T05:22:39+00:00
KURAMOTO,11,50,10000,25,1800000,current_graph_manifest,1000,0,656508047,2026-07-06T10:06:33+00:00,2026-07-10T05:22:39+00:00
KURAMOTO,1101,50,10000,25,1800000,current_graph_manifest,1000,0,656508047,2026-07-06T10:06:33+00:00,2026-07-10T05:22:39+00:00
KURAMOTO,111,50,10000,25,1800000,current_graph_manifest,1000,0,656508047,2026-07-06T10:06:33+00:00,2026-07-10T05:22:39+00:00
KURAMOTO,1111,50,10000,25,1800000,current_graph_manifest,1000,0,656508047,2026-07-06T10:06:33+00:00,2026-07-10T05:22:39+00:00
KURAMOTO,1121,50,10000,25,1800000,current_graph_manifest,1000,0,656508047,2026-07-06T10:06:33+00:00,2026-07-10T05:22:39+00:00
KURAMOTO,1131,50,10000,25,1800000,current_graph_manifest,1000,0,656508047,2026-07-06T10:06:33+00:00,2026-07-10T05:22:39+00:00
KURAMOTO,1141,50,10000,25,1800000,current_graph_manifest,1000,0,656508047,2026-07-06T10:06:33+00:00,2026-07-10T05:22:39+00:00
KURAMOTO,1151,50,10000,25,1800000,current_graph_manifest,1000,0,656508047,2026-07-06T10:06:33+00:00,2026-07-10T05:22:39+00:00
KURAMOTO,1161,50,10000,25,1800000,current_graph_manifest,1000,0,656508047,2026-07-06T10:06:33+00:00,2026-07-10T05:22:39+00:00
KURAMOTO,1171,50,10000,25,1800000,current_graph_manifest,1000,0,656508047,2026-07-06T10:06:33+00:00,2026-07-10T05:22:39+00:00
KURAMOTO,1181,50,10000,25,1800000,current_graph_manifest,1000,0,656508047,2026-07-06T10:06:33+00:00,2026-07-10T05:22:39+00:00
KURAMOTO,1191,50,10000,25,1800000,current_graph_manifest,1000,0,656508047,2026-07-06T10:06:33+00:00,2026-07-10T05:22:39+00:00
KURAMOTO,1201,50,10000,25,1800000,current_graph_manifest,1000,0,656508047,2026-07-06T10:06:33+00:00,2026-07-10T05:22:39+00:00
KURAMOTO,121,50,10000,25,1800000,current_graph_manifest,1000,0,656508047,2026-07-06T10:06:33+00:00,2026-07-10T05:22:39+00:00
KURAMOTO,1211,50,10000,25,1800000,current_graph_manifest,1000,0,656508047,2026-07-06T10:06:33+00:00,2026-07-10T05:22:39+00:00
KURAMOTO,1221,50,10000,25,1800000,current_graph_manifest,1000,0,656508047,2026-07-06T10:06:33+00:00,2026-07-10T05:22:39+00:00
KURAMOTO,1231,50,10000,25,1800000,current_graph_manifest,1000,0,656508047,2026-07-06T10:06:33+00:00,2026-07-10T05:22:39+00:00
KURAMOTO,1241,50,10000,25,1800000,current_graph_manifest,1000,0,656508047,2026-07-06T10:06:33+00:00,2026-07-10T05:22:39+00:00
KURAMOTO,1251,50,10000,25,1800000,current_graph_manifest,1000,0,656508047,2026-07-06T10:06:33+00:00,2026-07-10T05:22:39+00:00
KURAMOTO,1261,50,10000,25,1800000,current_graph_manifest,1000,0,656508047,2026-07-06T10:06:33+00:00,2026-07-10T05:22:39+00:00
KURAMOTO,1271,50,10000,25,1800000,current_graph_manifest,1000,0,656508047,2026-07-06T10:06:33+00:00,2026-07-10T05:22:39+00:00
KURAMOTO,1281,50,10000,25,1800000,current_graph_manifest,1000,0,656508047,2026-07-06T10:06:33+00:00,2026-07-10T05:22:39+00:00
KURAMOTO,1291,50,10000,25,1800000,current_graph_manifest,1000,0,656508047,2026-07-06T10:06:33+00:00,2026-07-10T05:22:39+00:00
KURAMOTO,1301,50,10000,25,1800000,current_graph_manifest,1000,0,656508047,2026-07-06T10:06:33+00:00,2026-07-10T05:22:39+00:00
KURAMOTO,131,50,10000,25,1800000,current_graph_manifest,1000,0,656508047,2026-07-06T10:06:33+00:00,2026-07-10T05:22:39+00:00
KURAMOTO,1311,50,10000,25,1800000,current_graph_manifest,1000,0,656508047,2026-07-06T10:06:33+00:00,2026-07-10T05:22:39+00:00
KURAMOTO,1321,50,10000,25,1800000,current_graph_manifest,1000,0,656508047,2026-07-06T10:06:33+00:00,2026-07-10T05:22:39+00:00
KURAMOTO,1331,50,10000,25,1800000,current_graph_manifest,1000,0,656508047,2026-07-06T10:06:33+00:00,2026-07-10T05:22:39+00:00
KURAMOTO,1341,50,10000,25,1800000,current_graph_manifest,1000,0,656508047,2026-07-06T10:06:33+00:00,2026-07-10T05:22:39+00:00
KURAMOTO,1351,50,10000,25,1800000,current_graph_manifest,1000,0,656508047,2026-07-06T10:06:33+00:00,2026-07-10T05:22:39+00:00
KURAMOTO,1361,50,10000,25,1800000,current_graph_manifest,1000,0,656508047,2026-07-06T10:06:33+00:00,2026-07-10T05:22:39+00:00
KURAMOTO,1371,50,10000,25,1800000,current_graph_manifest,1000,0,656508047,2026-07-06T10:06:33+00:00,2026-07-10T05:22:39+00:00
KURAMOTO,1381,50,10000,25,1800000,current_graph_manifest,1000,0,656508047,2026-07-06T10:06:33+00:00,2026-07-10T05:22:39+00:00
KURAMOTO,1391,50,10000,25,1800000,current_graph_manifest,1000,0,656508047,2026-07-06T10:06:33+00:00,2026-07-10T05:22:39+00:00
KURAMOTO,1401,50,10000,25,1800000,current_graph_manifest,1000,0,656508047,2026-07-06T10:06:33+00:00,2026-07-10T05:22:39+00:00
KURAMOTO,141,50,10000,25,1800000,current_graph_manifest,1000,0,656508047,2026-07-06T10:06:33+00:00,2026-07-10T05:22:39+00:00
KURAMOTO,1411,50,10000,25,1800000,current_graph_manifest,1000,0,656508047,2026-07-06T10:06:33+00:00,2026-07-10T05:22:39+00:00
KURAMOTO,1421,50,10000,25,1800000,current_graph_manifest,1000,0,656508047,2026-07-06T10:06:33+00:00,2026-07-10T05:22:39+00:00
KURAMOTO,1431,50,10000,25,1800000,current_graph_manifest,1000,0,656508047,2026-07-06T10:06:33+00:00,2026-07-10T05:22:39+00:00
KURAMOTO,1441,50,10000,25,1800000,current_graph_manifest,1000,0,656508047,2026-07-06T10:06:33+00:00,2026-07-10T05:22:39+00:00
KURAMOTO,1451,50,10000,25,1800000,current_graph_manifest,1000,0,656508047,2026-07-06T10:06:33+00:00,2026-07-10T05:22:39+00:00
KURAMOTO,1461,50,10000,25,1800000,current_graph_manifest,1000,0,656508047,2026-07-06T10:06:33+00:00,2026-07-10T05:22:39+00:00
KURAMOTO,1471,50,10000,25,1800000,current_graph_manifest,1000,0,656508047,2026-07-06T10:06:33+00:00,2026-07-10T05:22:39+00:00
KURAMOTO,1481,50,10000,25,1800000,current_graph_manifest,1000,0,656508047,2026-07-06T10:06:33+00:00,2026-07-10T05:22:39+00:00
KURAMOTO,1491,50,10000,25,1800000,current_graph_manifest,1000,0,656508047,2026-07-06T10:06:33+00:00,2026-07-10T05:22:39+00:00
KURAMOTO,151,50,10000,25,1800000,current_graph_manifest,1000,0,656508047,2026-07-06T10:06:33+00:00,2026-07-10T05:22:39+00:00
KURAMOTO,161,50,10000,25,1800000,current_graph_manifest,1000,0,656508047,2026-07-06T10:06:33+00:00,2026-07-10T05:22:39+00:00
KURAMOTO,171,50,10000,25,1800000,current_graph_manifest,1000,0,656508047,2026-07-06T10:06:33+00:00,2026-07-10T05:22:39+00:00
KURAMOTO,181,50,10000,25,1800000,current_graph_manifest,1000,0,656508047,2026-07-06T10:06:33+00:00,2026-07-10T05:22:39+00:00
KURAMOTO,191,50,10000,25,1800000,current_graph_manifest,1000,0,656508047,2026-07-06T10:06:33+00:00,2026-07-10T05:22:39+00:00
KURAMOTO,201,50,10000,25,1800000,current_graph_manifest,1000,0,656508047,2026-07-06T10:06:33+00:00,2026-07-10T05:22:39+00:00
KURAMOTO,21,50,10000,25,1800000,current_graph_manifest,1000,0,656508047,2026-07-06T10:06:33+00:00,2026-07-10T05:22:39+00:00
KURAMOTO,211,50,10000,25,1800000,current_graph_manifest,1000,0,656508047,2026-07-06T10:06:33+00:00,2026-07-10T05:22:39+00:00
KURAMOTO,221,50,10000,25,1800000,current_graph_manifest,1000,0,656508047,2026-07-06T10:06:33+00:00,2026-07-10T05:22:39+00:00
KURAMOTO,231,50,10000,25,1800000,current_graph_manifest,1000,0,656508047,2026-07-06T10:06:33+00:00,2026-07-10T05:22:39+00:00
KURAMOTO,241,50,10000,25,1800000,current_graph_manifest,1000,0,656508047,2026-07-06T10:06:33+00:00,2026-07-10T05:22:39+00:00
KURAMOTO,251,50,10000,25,1800000,current_graph_manifest,1000,0,656508047,2026-07-06T10:06:33+00:00,2026-07-10T05:22:39+00:00
KURAMOTO,261,50,10000,25,1800000,current_graph_manifest,1000,0,656508047,2026-07-06T10:06:33+00:00,2026-07-10T05:22:39+00:00
KURAMOTO,271,50,10000,25,1800000,current_graph_manifest,1000,0,656508047,2026-07-06T10:06:33+00:00,2026-07-10T05:22:39+00:00
KURAMOTO,281,50,10000,25,1800000,current_graph_manifest,1000,0,656508047,2026-07-06T10:06:33+00:00,2026-07-10T05:22:39+00:00
KURAMOTO,291,50,10000,25,1800000,current_graph_manifest,1000,0,656508047,2026-07-06T10:06:33+00:00,2026-07-10T05:22:39+00:00
KURAMOTO,301,50,10000,25,1800000,current_graph_manifest,1000,0,656508047,2026-07-06T10:06:33+00:00,2026-07-10T05:22:39+00:00
KURAMOTO,31,50,10000,25,1800000,current_graph_manifest,1000,0,656508047,2026-07-06T10:06:33+00:00,2026-07-10T05:22:39+00:00
KURAMOTO,311,50,10000,25,1800000,current_graph_manifest,1000,0,656508047,2026-07-06T10:06:33+00:00,2026-07-10T05:22:39+00:00
KURAMOTO,321,50,10000,25,1800000,current_graph_manifest,1000,0,656508047,2026-07-06T10:06:33+00:00,2026-07-10T05:22:39+00:00
KURAMOTO,331,50,10000,25,1800000,current_graph_manifest,1000,0,656508047,2026-07-06T10:06:33+00:00,2026-07-10T05:22:39+00:00
KURAMOTO,341,50,10000,25,1800000,current_graph_manifest,1000,0,656508047,2026-07-06T10:06:33+00:00,2026-07-10T05:22:39+00:00
KURAMOTO,351,50,10000,25,1800000,current_graph_manifest,1000,0,656508047,2026-07-06T10:06:33+00:00,2026-07-10T05:22:39+00:00
KURAMOTO,361,50,10000,25,1800000,current_graph_manifest,1000,0,656508047,2026-07-06T10:06:33+00:00,2026-07-10T05:22:39+00:00
KURAMOTO,371,50,10000,25,1800000,current_graph_manifest,1000,0,656508047,2026-07-06T10:06:33+00:00,2026-07-10T05:22:39+00:00
KURAMOTO,381,50,10000,25,1800000,current_graph_manifest,1000,0,656508047,2026-07-06T10:06:33+00:00,2026-07-10T05:22:39+00:00
KURAMOTO,391,50,10000,25,1800000,current_graph_manifest,1000,0,656508047,2026-07-06T10:06:33+00:00,2026-07-10T05:22:39+00:00
KURAMOTO,401,50,10000,25,1800000,current_graph_manifest,1000,0,656508047,2026-07-06T10:06:33+00:00,2026-07-10T05:22:39+00:00
KURAMOTO,41,50,10000,25,1800000,current_graph_manifest,1000,0,656508047,2026-07-06T10:06:33+00:00,2026-07-10T05:22:39+00:00
KURAMOTO,411,50,10000,25,1800000,current_graph_manifest,1000,0,656508047,2026-07-06T10:06:33+00:00,2026-07-10T05:22:39+00:00
KURAMOTO,421,50,10000,25,1800000,current_graph_manifest,1000,0,656508047,2026-07-06T10:06:33+00:00,2026-07-10T05:22:39+00:00
KURAMOTO,431,50,10000,25,1800000,current_graph_manifest,1000,0,656508047,2026-07-06T10:06:33+00:00,2026-07-10T05:22:39+00:00
KURAMOTO,441,50,10000,25,1800000,current_graph_manifest,1000,0,656508047,2026-07-06T10:06:33+00:00,2026-07-10T05:22:39+00:00
KURAMOTO,451,50,10000,25,1800000,current_graph_manifest,1000,0,656508047,2026-07-06T10:06:33+00:00,2026-07-10T05:22:39+00:00
KURAMOTO,461,50,10000,25,1800000,current_graph_manifest,1000,0,656508047,2026-07-06T10:06:33+00:00,2026-07-10T05:22:39+00:00
KURAMOTO,471,50,10000,25,1800000,current_graph_manifest,1000,0,656508047,2026-07-06T10:06:33+00:00,2026-07-10T05:22:39+00:00
KURAMOTO,481,50,10000,25,1800000,current_graph_manifest,1000,0,656508047,2026-07-06T10:06:33+00:00,2026-07-10T05:22:39+00:00
KURAMOTO,491,50,10000,25,1800000,current_graph_manifest,1000,0,656508047,2026-07-06T10:06:33+00:00,2026-07-10T05:22:39+00:00
KURAMOTO,501,50,10000,25,1800000,current_graph_manifest,1000,0,656508047,2026-07-06T10:06:33+00:00,2026-07-10T05:22:39+00:00
KURAMOTO,51,50,10000,25,1800000,current_graph_manifest,1000,0,656508047,2026-07-06T10:06:33+00:00,2026-07-10T05:22:39+00:00
KURAMOTO,511,50,10000,25,1800000,current_graph_manifest,1000,0,656508047,2026-07-06T10:06:33+00:00,2026-07-10T05:22:39+00:00
KURAMOTO,521,50,10000,25,1800000,current_graph_manifest,1000,0,656508047,2026-07-06T10:06:33+00:00,2026-07-10T05:22:39+00:00
KURAMOTO,531,50,10000,25,1800000,current_graph_manifest,1000,0,656508047,2026-07-06T10:06:33+00:00,2026-07-10T05:22:39+00:00
KURAMOTO,541,50,10000,25,1800000,current_graph_manifest,1000,0,656508047,2026-07-06T10:06:33+00:00,2026-07-10T05:22:39+00:00
KURAMOTO,551,50,10000,25,1800000,current_graph_manifest,1000,0,656508047,2026-07-06T10:06:33+00:00,2026-07-10T05:22:39+00:00
KURAMOTO,561,50,10000,25,1800000,current_graph_manifest,1000,0,656508047,2026-07-06T10:06:33+00:00,2026-07-10T05:22:39+00:00
KURAMOTO,571,50,10000,25,1800000,current_graph_manifest,1000,0,656508047,2026-07-06T10:06:33+00:00,2026-07-10T05:22:39+00:00
KURAMOTO,581,50,10000,25,1800000,current_graph_manifest,1000,0,656508047,2026-07-06T10:06:33+00:00,2026-07-10T05:22:39+00:00
KURAMOTO,591,50,10000,25,1800000,current_graph_manifest,1000,0,656508047,2026-07-06T10:06:33+00:00,2026-07-10T05:22:39+00:00
KURAMOTO,601,50,10000,25,1800000,current_graph_manifest,1000,0,656508047,2026-07-06T10:06:33+00:00,2026-07-10T05:22:39+00:00
KURAMOTO,61,50,10000,25,1800000,current_graph_manifest,1000,0,656508047,2026-07-06T10:06:33+00:00,2026-07-10T05:22:39+00:00
KURAMOTO,611,50,10000,25,1800000,current_graph_manifest,1000,0,656508047,2026-07-06T10:06:33+00:00,2026-07-10T05:22:39+00:00
KURAMOTO,621,50,10000,25,1800000,current_graph_manifest,1000,0,656508047,2026-07-06T10:06:33+00:00,2026-07-10T05:22:39+00:00
KURAMOTO,631,50,10000,25,1800000,current_graph_manifest,1000,0,656508047,2026-07-06T10:06:33+00:00,2026-07-10T05:22:39+00:00
KURAMOTO,641,50,10000,25,1800000,current_graph_manifest,1000,0,656508047,2026-07-06T10:06:33+00:00,2026-07-10T05:22:39+00:00
KURAMOTO,651,50,10000,25,1800000,current_graph_manifest,1000,0,656508047,2026-07-06T10:06:33+00:00,2026-07-10T05:22:39+00:00
KURAMOTO,661,50,10000,25,1800000,current_graph_manifest,1000,0,656508047,2026-07-06T10:06:33+00:00,2026-07-10T05:22:39+00:00
KURAMOTO,671,50,10000,25,1800000,current_graph_manifest,1000,0,656508047,2026-07-06T10:06:33+00:00,2026-07-10T05:22:39+00:00
KURAMOTO,681,50,10000,25,1800000,current_graph_manifest,1000,0,656508047,2026-07-06T10:06:33+00:00,2026-07-10T05:22:39+00:00
KURAMOTO,691,50,10000,25,1800000,current_graph_manifest,1000,0,656508047,2026-07-06T10:06:33+00:00,2026-07-10T05:22:39+00:00
KURAMOTO,701,50,10000,25,1800000,current_graph_manifest,1000,0,656508047,2026-07-06T10:06:33+00:00,2026-07-10T05:22:39+00:00
KURAMOTO,71,50,10000,25,1800000,current_graph_manifest,1000,0,656508047,2026-07-06T10:06:33+00:00,2026-07-10T05:22:39+00:00
KURAMOTO,711,50,10000,25,1800000,current_graph_manifest,1000,0,656508047,2026-07-06T10:06:33+00:00,2026-07-10T05:22:39+00:00
KURAMOTO,721,50,10000,25,1800000,current_graph_manifest,1000,0,656508047,2026-07-06T10:06:33+00:00,2026-07-10T05:22:39+00:00
KURAMOTO,731,50,10000,25,1800000,current_graph_manifest,1000,0,656508047,2026-07-06T10:06:33+00:00,2026-07-10T05:22:39+00:00
KURAMOTO,741,50,10000,25,1800000,current_graph_manifest,1000,0,656508047,2026-07-06T10:06:33+00:00,2026-07-10T05:22:39+00:00
KURAMOTO,751,50,10000,25,1800000,current_graph_manifest,1000,0,656508047,2026-07-06T10:06:33+00:00,2026-07-10T05:22:39+00:00
KURAMOTO,761,50,10000,25,1800000,current_graph_manifest,1000,0,656508047,2026-07-06T10:06:33+00:00,2026-07-10T05:22:39+00:00
KURAMOTO,771,50,10000,25,1800000,current_graph_manifest,1000,0,656508047,2026-07-06T10:06:33+00:00,2026-07-10T05:22:39+00:00
KURAMOTO,781,50,10000,25,1800000,current_graph_manifest,1000,0,656508047,2026-07-06T10:06:33+00:00,2026-07-10T05:22:39+00:00
KURAMOTO,791,50,10000,25,1800000,current_graph_manifest,1000,0,656508047,2026-07-06T10:06:33+00:00,2026-07-10T05:22:39+00:00
KURAMOTO,801,50,10000,25,1800000,current_graph_manifest,1000,0,656508047,2026-07-06T10:06:33+00:00,2026-07-10T05:22:39+00:00
KURAMOTO,81,50,10000,25,1800000,current_graph_manifest,1000,0,656508047,2026-07-06T10:06:33+00:00,2026-07-10T05:22:39+00:00
KURAMOTO,811,50,10000,25,1800000,current_graph_manifest,1000,0,656508047,2026-07-06T10:06:33+00:00,2026-07-10T05:22:39+00:00
KURAMOTO,821,50,10000,25,1800000,current_graph_manifest,1000,0,656508047,2026-07-06T10:06:33+00:00,2026-07-10T05:22:39+00:00
KURAMOTO,831,50,10000,25,1800000,current_graph_manifest,1000,0,656508047,2026-07-06T10:06:33+00:00,2026-07-10T05:22:39+00:00
KURAMOTO,841,50,10000,25,1800000,current_graph_manifest,1000,0,656508047,2026-07-06T10:06:33+00:00,2026-07-10T05:22:39+00:00
KURAMOTO,851,50,10000,25,1800000,current_graph_manifest,1000,0,656508047,2026-07-06T10:06:33+00:00,2026-07-10T05:22:39+00:00
KURAMOTO,861,50,10000,25,1800000,current_graph_manifest,1000,0,656508047,2026-07-06T10:06:33+00:00,2026-07-10T05:22:39+00:00
KURAMOTO,871,50,10000,25,1800000,current_graph_manifest,1000,0,656508047,2026-07-06T10:06:33+00:00,2026-07-10T05:22:39+00:00
KURAMOTO,881,50,10000,25,1800000,current_graph_manifest,1000,0,656508047,2026-07-06T10:06:33+00:00,2026-07-10T05:22:39+00:00
KURAMOTO,891,50,10000,25,1800000,current_graph_manifest,1000,0,656508047,2026-07-06T10:06:33+00:00,2026-07-10T05:22:39+00:00
KURAMOTO,901,50,10000,25,1800000,current_graph_manifest,1000,0,656508047,2026-07-06T10:06:33+00:00,2026-07-10T05:22:39+00:00
KURAMOTO,91,50,10000,25,1800000,current_graph_manifest,1000,0,656508047,2026-07-06T10:06:33+00:00,2026-07-10T05:22:39+00:00
KURAMOTO,911,50,10000,25,1800000,current_graph_manifest,1000,0,656508047,2026-07-06T10:06:33+00:00,2026-07-10T05:22:39+00:00
KURAMOTO,921,50,10000,25,1800000,current_graph_manifest,1000,0,656508047,2026-07-06T10:06:33+00:00,2026-07-10T05:22:39+00:00
KURAMOTO,931,50,10000,25,1800000,current_graph_manifest,1000,0,656508047,2026-07-06T10:06:33+00:00,2026-07-10T05:22:39+00:00
KURAMOTO,941,50,10000,25,1800000,current_graph_manifest,1000,0,656508047,2026-07-06T10:06:33+00:00,2026-07-10T05:22:39+00:00
KURAMOTO,951,50,10000,25,1800000,current_graph_manifest,1000,0,656508047,2026-07-06T10:06:33+00:00,2026-07-10T05:22:39+00:00
KURAMOTO,961,50,10000,25,1800000,current_graph_manifest,1000,0,656508047,2026-07-06T10:06:33+00:00,2026-07-10T05:22:39+00:00
KURAMOTO,971,50,10000,25,1800000,current_graph_manifest,1000,0,656508047,2026-07-06T10:06:33+00:00,2026-07-10T05:22:39+00:00
KURAMOTO,981,50,10000,25,1800000,current_graph_manifest,1000,0,656508047,2026-07-06T10:06:33+00:00,2026-07-10T05:22:39+00:00
KURAMOTO,991,50,10000,25,1800000,current_graph_manifest,1000,0,656508047,2026-07-06T10:06:33+00:00,2026-07-10T05:22:39+00:00
LINEAR,1,50,10000,25,1800000,current_graph_manifest,1000,0,651442389,2026-07-06T10:08:01+00:00,2026-07-10T08:10:54+00:00
LINEAR,10,50,10000,25,1800000,current_graph_manifest,1000,0,651442389,2026-07-06T10:08:01+00:00,2026-07-10T08:10:54+00:00
LINEAR,100,50,10000,25,1800000,current_graph_manifest,1000,0,651442389,2026-07-06T10:08:01+00:00,2026-07-10T08:10:54+00:00
LINEAR,101,50,10000,25,1800000,current_graph_manifest,1000,0,651442389,2026-07-06T10:08:01+00:00,2026-07-10T08:10:54+00:00
LINEAR,102,50,10000,25,1800000,current_graph_manifest,1000,0,651442389,2026-07-06T10:08:01+00:00,2026-07-10T08:10:54+00:00
LINEAR,103,50,10000,25,1800000,current_graph_manifest,1000,0,651442389,2026-07-06T10:08:01+00:00,2026-07-10T08:10:54+00:00
LINEAR,104,50,10000,25,1800000,current_graph_manifest,1000,0,651442389,2026-07-06T10:08:01+00:00,2026-07-10T08:10:54+00:00
LINEAR,105,50,10000,25,1800000,current_graph_manifest,1000,0,651442389,2026-07-06T10:08:01+00:00,2026-07-10T08:10:54+00:00
LINEAR,106,50,10000,25,1800000,current_graph_manifest,1000,0,651442389,2026-07-06T10:08:01+00:00,2026-07-10T08:10:54+00:00
LINEAR,107,50,10000,25,1800000,current_graph_manifest,1000,0,651442389,2026-07-06T10:08:01+00:00,2026-07-10T08:10:54+00:00
LINEAR,108,50,10000,25,1800000,current_graph_manifest,1000,0,651442389,2026-07-06T10:08:01+00:00,2026-07-10T08:10:54+00:00
LINEAR,109,50,10000,25,1800000,current_graph_manifest,1000,0,651442389,2026-07-06T10:08:01+00:00,2026-07-10T08:10:54+00:00
LINEAR,11,50,10000,25,1800000,current_graph_manifest,1000,0,651442389,2026-07-06T10:08:01+00:00,2026-07-10T08:10:54+00:00
LINEAR,110,50,10000,25,1800000,current_graph_manifest,1000,0,651442389,2026-07-06T10:08:01+00:00,2026-07-10T08:10:54+00:00
LINEAR,111,50,10000,25,1800000,current_graph_manifest,1000,0,651442389,2026-07-06T10:08:01+00:00,2026-07-10T08:10:54+00:00
LINEAR,112,50,10000,25,1800000,current_graph_manifest,1000,0,651442389,2026-07-06T10:08:01+00:00,2026-07-10T08:10:54+00:00
LINEAR,113,50,10000,25,1800000,current_graph_manifest,1000,0,651442389,2026-07-06T10:08:01+00:00,2026-07-10T08:10:54+00:00
LINEAR,114,50,10000,25,1800000,current_graph_manifest,1000,0,651442389,2026-07-06T10:08:01+00:00,2026-07-10T08:10:54+00:00
LINEAR,115,50,10000,25,1800000,current_graph_manifest,1000,0,651442389,2026-07-06T10:08:01+00:00,2026-07-10T08:10:54+00:00
LINEAR,116,50,10000,25,1800000,current_graph_manifest,1000,0,651442389,2026-07-06T10:08:01+00:00,2026-07-10T08:10:54+00:00
LINEAR,117,50,10000,25,1800000,current_graph_manifest,1000,0,651442389,2026-07-06T10:08:01+00:00,2026-07-10T08:10:54+00:00
LINEAR,118,50,10000,25,1800000,current_graph_manifest,1000,0,651442389,2026-07-06T10:08:01+00:00,2026-07-10T08:10:54+00:00
LINEAR,119,50,10000,25,1800000,current_graph_manifest,1000,0,651442389,2026-07-06T10:08:01+00:00,2026-07-10T08:10:54+00:00
LINEAR,12,50,10000,25,1800000,current_graph_manifest,1000,0,651442389,2026-07-06T10:08:01+00:00,2026-07-10T08:10:54+00:00
LINEAR,120,50,10000,25,1800000,current_graph_manifest,1000,0,651442389,2026-07-06T10:08:01+00:00,2026-07-10T08:10:54+00:00
LINEAR,121,50,10000,25,1800000,current_graph_manifest,1000,0,651442389,2026-07-06T10:08:01+00:00,2026-07-10T08:10:54+00:00
LINEAR,122,50,10000,25,1800000,current_graph_manifest,1000,0,651442389,2026-07-06T10:08:01+00:00,2026-07-10T08:10:54+00:00
LINEAR,123,50,10000,25,1800000,current_graph_manifest,1000,0,651442389,2026-07-06T10:08:01+00:00,2026-07-10T08:10:54+00:00
LINEAR,124,50,10000,25,1800000,current_graph_manifest,1000,0,651442389,2026-07-06T10:08:01+00:00,2026-07-10T08:10:54+00:00
LINEAR,125,50,10000,25,1800000,current_graph_manifest,1000,0,651442389,2026-07-06T10:08:01+00:00,2026-07-10T08:10:54+00:00
LINEAR,126,50,10000,25,1800000,current_graph_manifest,1000,0,651442389,2026-07-06T10:08:01+00:00,2026-07-10T08:10:54+00:00
LINEAR,127,50,10000,25,1800000,current_graph_manifest,1000,0,651442389,2026-07-06T10:08:01+00:00,2026-07-10T08:10:54+00:00
LINEAR,128,50,10000,25,1800000,current_graph_manifest,1000,0,651442389,2026-07-06T10:08:01+00:00,2026-07-10T08:10:54+00:00
LINEAR,129,50,10000,25,1800000,current_graph_manifest,1000,0,651442389,2026-07-06T10:08:01+00:00,2026-07-10T08:10:54+00:00
LINEAR,13,50,10000,25,1800000,current_graph_manifest,1000,0,651442389,2026-07-06T10:08:01+00:00,2026-07-10T08:10:54+00:00
LINEAR,130,50,10000,25,1800000,current_graph_manifest,1000,0,651442389,2026-07-06T10:08:01+00:00,2026-07-10T08:10:54+00:00
LINEAR,131,50,10000,25,1800000,current_graph_manifest,1000,0,651442389,2026-07-06T10:08:01+00:00,2026-07-10T08:10:54+00:00
LINEAR,132,50,10000,25,1800000,current_graph_manifest,1000,0,651442389,2026-07-06T10:08:01+00:00,2026-07-10T08:10:54+00:00
LINEAR,133,50,10000,25,1800000,current_graph_manifest,1000,0,651442389,2026-07-06T10:08:01+00:00,2026-07-10T08:10:54+00:00
LINEAR,134,50,10000,25,1800000,current_graph_manifest,1000,0,651442389,2026-07-06T10:08:01+00:00,2026-07-10T08:10:54+00:00
LINEAR,135,50,10000,25,1800000,current_graph_manifest,1000,0,651442389,2026-07-06T10:08:01+00:00,2026-07-10T08:10:54+00:00
LINEAR,136,50,10000,25,1800000,current_graph_manifest,1000,0,651442389,2026-07-06T10:08:01+00:00,2026-07-10T08:10:54+00:00
LINEAR,137,50,10000,25,1800000,current_graph_manifest,1000,0,651442389,2026-07-06T10:08:01+00:00,2026-07-10T08:10:54+00:00
LINEAR,138,50,10000,25,1800000,current_graph_manifest,1000,0,651442389,2026-07-06T10:08:01+00:00,2026-07-10T08:10:54+00:00
LINEAR,139,50,10000,25,1800000,current_graph_manifest,1000,0,651442389,2026-07-06T10:08:01+00:00,2026-07-10T08:10:54+00:00
LINEAR,14,50,10000,25,1800000,current_graph_manifest,1000,0,651442389,2026-07-06T10:08:01+00:00,2026-07-10T08:10:54+00:00
LINEAR,140,50,10000,25,1800000,current_graph_manifest,1000,0,651442389,2026-07-06T10:08:01+00:00,2026-07-10T08:10:54+00:00
LINEAR,141,50,10000,25,1800000,current_graph_manifest,1000,0,651442389,2026-07-06T10:08:01+00:00,2026-07-10T08:10:54+00:00
LINEAR,142,50,10000,25,1800000,current_graph_manifest,1000,0,651442389,2026-07-06T10:08:01+00:00,2026-07-10T08:10:54+00:00
LINEAR,143,50,10000,25,1800000,current_graph_manifest,1000,0,651442389,2026-07-06T10:08:01+00:00,2026-07-10T08:10:54+00:00
LINEAR,144,50,10000,25,1800000,current_graph_manifest,1000,0,651442389,2026-07-06T10:08:01+00:00,2026-07-10T08:10:54+00:00
LINEAR,145,50,10000,25,1800000,current_graph_manifest,1000,0,651442389,2026-07-06T10:08:01+00:00,2026-07-10T08:10:54+00:00
LINEAR,146,50,10000,25,1800000,current_graph_manifest,1000,0,651442389,2026-07-06T10:08:01+00:00,2026-07-10T08:10:54+00:00
LINEAR,147,50,10000,25,1800000,current_graph_manifest,1000,0,651442389,2026-07-06T10:08:01+00:00,2026-07-10T08:10:54+00:00
LINEAR,148,50,10000,25,1800000,current_graph_manifest,1000,0,651442389,2026-07-06T10:08:01+00:00,2026-07-10T08:10:54+00:00
LINEAR,149,50,10000,25,1800000,current_graph_manifest,1000,0,651442389,2026-07-06T10:08:01+00:00,2026-07-10T08:10:54+00:00
LINEAR,15,50,10000,25,1800000,current_graph_manifest,1000,0,651442389,2026-07-06T10:08:01+00:00,2026-07-10T08:10:54+00:00
LINEAR,150,50,10000,25,1800000,current_graph_manifest,1000,0,651442389,2026-07-06T10:08:01+00:00,2026-07-10T08:10:54+00:00
LINEAR,16,50,10000,25,1800000,current_graph_manifest,1000,0,651442389,2026-07-06T10:08:01+00:00,2026-07-10T08:10:54+00:00
LINEAR,17,50,10000,25,1800000,current_graph_manifest,1000,0,651442389,2026-07-06T10:08:01+00:00,2026-07-10T08:10:54+00:00
LINEAR,18,50,10000,25,1800000,current_graph_manifest,1000,0,651442389,2026-07-06T10:08:01+00:00,2026-07-10T08:10:54+00:00
LINEAR,19,50,10000,25,1800000,current_graph_manifest,1000,0,651442389,2026-07-06T10:08:01+00:00,2026-07-10T08:10:54+00:00
LINEAR,2,50,10000,25,1800000,current_graph_manifest,1000,0,651442389,2026-07-06T10:08:01+00:00,2026-07-10T08:10:54+00:00
LINEAR,20,50,10000,25,1800000,current_graph_manifest,1000,0,651442389,2026-07-06T10:08:01+00:00,2026-07-10T08:10:54+00:00
LINEAR,21,50,10000,25,1800000,current_graph_manifest,1000,0,651442389,2026-07-06T10:08:01+00:00,2026-07-10T08:10:54+00:00
LINEAR,22,50,10000,25,1800000,current_graph_manifest,1000,0,651442389,2026-07-06T10:08:01+00:00,2026-07-10T08:10:54+00:00
LINEAR,23,50,10000,25,1800000,current_graph_manifest,1000,0,651442389,2026-07-06T10:08:01+00:00,2026-07-10T08:10:54+00:00
LINEAR,24,50,10000,25,1800000,current_graph_manifest,1000,0,651442389,2026-07-06T10:08:01+00:00,2026-07-10T08:10:54+00:00
LINEAR,25,50,10000,25,1800000,current_graph_manifest,1000,0,651442389,2026-07-06T10:08:01+00:00,2026-07-10T08:10:54+00:00
LINEAR,26,50,10000,25,1800000,current_graph_manifest,1000,0,651442389,2026-07-06T10:08:01+00:00,2026-07-10T08:10:54+00:00
LINEAR,27,50,10000,25,1800000,current_graph_manifest,1000,0,651442389,2026-07-06T10:08:01+00:00,2026-07-10T08:10:54+00:00
LINEAR,28,50,10000,25,1800000,current_graph_manifest,1000,0,651442389,2026-07-06T10:08:01+00:00,2026-07-10T08:10:54+00:00
LINEAR,29,50,10000,25,1800000,current_graph_manifest,1000,0,651442389,2026-07-06T10:08:01+00:00,2026-07-10T08:10:54+00:00
LINEAR,3,50,10000,25,1800000,current_graph_manifest,1000,0,651442389,2026-07-06T10:08:01+00:00,2026-07-10T08:10:54+00:00
LINEAR,30,50,10000,25,1800000,current_graph_manifest,1000,0,651442389,2026-07-06T10:08:01+00:00,2026-07-10T08:10:54+00:00
LINEAR,31,50,10000,25,1800000,current_graph_manifest,1000,0,651442389,2026-07-06T10:08:01+00:00,2026-07-10T08:10:54+00:00
LINEAR,32,50,10000,25,1800000,current_graph_manifest,1000,0,651442389,2026-07-06T10:08:01+00:00,2026-07-10T08:10:54+00:00
LINEAR,33,50,10000,25,1800000,current_graph_manifest,1000,0,651442389,2026-07-06T10:08:01+00:00,2026-07-10T08:10:54+00:00
LINEAR,34,50,10000,25,1800000,current_graph_manifest,1000,0,651442389,2026-07-06T10:08:01+00:00,2026-07-10T08:10:54+00:00
LINEAR,35,50,10000,25,1800000,current_graph_manifest,1000,0,651442389,2026-07-06T10:08:01+00:00,2026-07-10T08:10:54+00:00
LINEAR,36,50,10000,25,1800000,current_graph_manifest,1000,0,651442389,2026-07-06T10:08:01+00:00,2026-07-10T08:10:54+00:00
LINEAR,37,50,10000,25,1800000,current_graph_manifest,1000,0,651442389,2026-07-06T10:08:01+00:00,2026-07-10T08:10:54+00:00
LINEAR,38,50,10000,25,1800000,current_graph_manifest,1000,0,651442389,2026-07-06T10:08:01+00:00,2026-07-10T08:10:54+00:00
LINEAR,39,50,10000,25,1800000,current_graph_manifest,1000,0,651442389,2026-07-06T10:08:01+00:00,2026-07-10T08:10:54+00:00
LINEAR,4,50,10000,25,1800000,current_graph_manifest,1000,0,651442389,2026-07-06T10:08:01+00:00,2026-07-10T08:10:54+00:00
LINEAR,40,50,10000,25,1800000,current_graph_manifest,1000,0,651442389,2026-07-06T10:08:01+00:00,2026-07-10T08:10:54+00:00
LINEAR,41,50,10000,25,1800000,current_graph_manifest,1000,0,651442389,2026-07-06T10:08:01+00:00,2026-07-10T08:10:54+00:00
LINEAR,42,50,10000,25,1800000,current_graph_manifest,1000,0,651442389,2026-07-06T10:08:01+00:00,2026-07-10T08:10:54+00:00
LINEAR,43,50,10000,25,1800000,current_graph_manifest,1000,0,651442389,2026-07-06T10:08:01+00:00,2026-07-10T08:10:54+00:00
LINEAR,44,50,10000,25,1800000,current_graph_manifest,1000,0,651442389,2026-07-06T10:08:01+00:00,2026-07-10T08:10:54+00:00
LINEAR,45,50,10000,25,1800000,current_graph_manifest,1000,0,651442389,2026-07-06T10:08:01+00:00,2026-07-10T08:10:54+00:00
LINEAR,46,50,10000,25,1800000,current_graph_manifest,1000,0,651442389,2026-07-06T10:08:01+00:00,2026-07-10T08:10:54+00:00
LINEAR,47,50,10000,25,1800000,current_graph_manifest,1000,0,651442389,2026-07-06T10:08:01+00:00,2026-07-10T08:10:54+00:00
LINEAR,48,50,10000,25,1800000,current_graph_manifest,1000,0,651442389,2026-07-06T10:08:01+00:00,2026-07-10T08:10:54+00:00
LINEAR,49,50,10000,25,1800000,current_graph_manifest,1000,0,651442389,2026-07-06T10:08:01+00:00,2026-07-10T08:10:54+00:00
LINEAR,5,50,10000,25,1800000,current_graph_manifest,1000,0,651442389,2026-07-06T10:08:01+00:00,2026-07-10T08:10:54+00:00
LINEAR,50,50,10000,25,1800000,current_graph_manifest,1000,0,651442389,2026-07-06T10:08:01+00:00,2026-07-10T08:10:54+00:00
LINEAR,51,50,10000,25,1800000,current_graph_manifest,1000,0,651442389,2026-07-06T10:08:01+00:00,2026-07-10T08:10:54+00:00
LINEAR,52,50,10000,25,1800000,current_graph_manifest,1000,0,651442389,2026-07-06T10:08:01+00:00,2026-07-10T08:10:54+00:00
LINEAR,53,50,10000,25,1800000,current_graph_manifest,1000,0,651442389,2026-07-06T10:08:01+00:00,2026-07-10T08:10:54+00:00
LINEAR,54,50,10000,25,1800000,current_graph_manifest,1000,0,651442389,2026-07-06T10:08:01+00:00,2026-07-10T08:10:54+00:00
LINEAR,55,50,10000,25,1800000,current_graph_manifest,1000,0,651442389,2026-07-06T10:08:01+00:00,2026-07-10T08:10:54+00:00
LINEAR,56,50,10000,25,1800000,current_graph_manifest,1000,0,651442389,2026-07-06T10:08:01+00:00,2026-07-10T08:10:54+00:00
LINEAR,57,50,10000,25,1800000,current_graph_manifest,1000,0,651442389,2026-07-06T10:08:01+00:00,2026-07-10T08:10:54+00:00
LINEAR,58,50,10000,25,1800000,current_graph_manifest,1000,0,651442389,2026-07-06T10:08:01+00:00,2026-07-10T08:10:54+00:00
LINEAR,59,50,10000,25,1800000,current_graph_manifest,1000,0,651442389,2026-07-06T10:08:01+00:00,2026-07-10T08:10:54+00:00
LINEAR,6,50,10000,25,1800000,current_graph_manifest,1000,0,651442389,2026-07-06T10:08:01+00:00,2026-07-10T08:10:54+00:00
LINEAR,60,50,10000,25,1800000,current_graph_manifest,1000,0,651442389,2026-07-06T10:08:01+00:00,2026-07-10T08:10:54+00:00
LINEAR,61,50,10000,25,1800000,current_graph_manifest,1000,0,651442389,2026-07-06T10:08:01+00:00,2026-07-10T08:10:54+00:00
LINEAR,62,50,10000,25,1800000,current_graph_manifest,1000,0,651442389,2026-07-06T10:08:01+00:00,2026-07-10T08:10:54+00:00
LINEAR,63,50,10000,25,1800000,current_graph_manifest,1000,0,651442389,2026-07-06T10:08:01+00:00,2026-07-10T08:10:54+00:00
LINEAR,64,50,10000,25,1800000,current_graph_manifest,1000,0,651442389,2026-07-06T10:08:01+00:00,2026-07-10T08:10:54+00:00
LINEAR,65,50,10000,25,1800000,current_graph_manifest,1000,0,651442389,2026-07-06T10:08:01+00:00,2026-07-10T08:10:54+00:00
LINEAR,66,50,10000,25,1800000,current_graph_manifest,1000,0,651442389,2026-07-06T10:08:01+00:00,2026-07-10T08:10:54+00:00
LINEAR,67,50,10000,25,1800000,current_graph_manifest,1000,0,651442389,2026-07-06T10:08:01+00:00,2026-07-10T08:10:54+00:00
LINEAR,68,50,10000,25,1800000,current_graph_manifest,1000,0,651442389,2026-07-06T10:08:01+00:00,2026-07-10T08:10:54+00:00
LINEAR,69,50,10000,25,1800000,current_graph_manifest,1000,0,651442389,2026-07-06T10:08:01+00:00,2026-07-10T08:10:54+00:00
LINEAR,7,50,10000,25,1800000,current_graph_manifest,1000,0,651442389,2026-07-06T10:08:01+00:00,2026-07-10T08:10:54+00:00
LINEAR,70,50,10000,25,1800000,current_graph_manifest,1000,0,651442389,2026-07-06T10:08:01+00:00,2026-07-10T08:10:54+00:00
LINEAR,71,50,10000,25,1800000,current_graph_manifest,1000,0,651442389,2026-07-06T10:08:01+00:00,2026-07-10T08:10:54+00:00
LINEAR,72,50,10000,25,1800000,current_graph_manifest,1000,0,651442389,2026-07-06T10:08:01+00:00,2026-07-10T08:10:54+00:00
LINEAR,73,50,10000,25,1800000,current_graph_manifest,1000,0,651442389,2026-07-06T10:08:01+00:00,2026-07-10T08:10:54+00:00
LINEAR,74,50,10000,25,1800000,current_graph_manifest,1000,0,651442389,2026-07-06T10:08:01+00:00,2026-07-10T08:10:54+00:00
LINEAR,75,50,10000,25,1800000,current_graph_manifest,1000,0,651442389,2026-07-06T10:08:01+00:00,2026-07-10T08:10:54+00:00
LINEAR,76,50,10000,25,1800000,current_graph_manifest,1000,0,651442389,2026-07-06T10:08:01+00:00,2026-07-10T08:10:54+00:00
LINEAR,77,50,10000,25,1800000,current_graph_manifest,1000,0,651442389,2026-07-06T10:08:01+00:00,2026-07-10T08:10:54+00:00
LINEAR,78,50,10000,25,1800000,current_graph_manifest,1000,0,651442389,2026-07-06T10:08:01+00:00,2026-07-10T08:10:54+00:00
LINEAR,79,50,10000,25,1800000,current_graph_manifest,1000,0,651442389,2026-07-06T10:08:01+00:00,2026-07-10T08:10:54+00:00
LINEAR,8,50,10000,25,1800000,current_graph_manifest,1000,0,651442389,2026-07-06T10:08:01+00:00,2026-07-10T08:10:54+00:00
LINEAR,80,50,10000,25,1800000,current_graph_manifest,1000,0,651442389,2026-07-06T10:08:01+00:00,2026-07-10T08:10:54+00:00
LINEAR,81,50,10000,25,1800000,current_graph_manifest,1000,0,651442389,2026-07-06T10:08:01+00:00,2026-07-10T08:10:54+00:00
LINEAR,82,50,10000,25,1800000,current_graph_manifest,1000,0,651442389,2026-07-06T10:08:01+00:00,2026-07-10T08:10:54+00:00
LINEAR,83,50,10000,25,1800000,current_graph_manifest,1000,0,651442389,2026-07-06T10:08:01+00:00,2026-07-10T08:10:54+00:00
LINEAR,84,50,10000,25,1800000,current_graph_manifest,1000,0,651442389,2026-07-06T10:08:01+00:00,2026-07-10T08:10:54+00:00
LINEAR,85,50,10000,25,1800000,current_graph_manifest,1000,0,651442389,2026-07-06T10:08:01+00:00,2026-07-10T08:10:54+00:00
LINEAR,86,50,10000,25,1800000,current_graph_manifest,1000,0,651442389,2026-07-06T10:08:01+00:00,2026-07-10T08:10:54+00:00
LINEAR,87,50,10000,25,1800000,current_graph_manifest,1000,0,651442389,2026-07-06T10:08:01+00:00,2026-07-10T08:10:54+00:00
LINEAR,88,50,10000,25,1800000,current_graph_manifest,1000,0,651442389,2026-07-06T10:08:01+00:00,2026-07-10T08:10:54+00:00
LINEAR,89,50,10000,25,1800000,current_graph_manifest,1000,0,651442389,2026-07-06T10:08:01+00:00,2026-07-10T08:10:54+00:00
LINEAR,9,50,10000,25,1800000,current_graph_manifest,1000,0,651442389,2026-07-06T10:08:01+00:00,2026-07-10T08:10:54+00:00
LINEAR,90,50,10000,25,1800000,current_graph_manifest,1000,0,651442389,2026-07-06T10:08:01+00:00,2026-07-10T08:10:54+00:00
LINEAR,91,50,10000,25,1800000,current_graph_manifest,1000,0,651442389,2026-07-06T10:08:01+00:00,2026-07-10T08:10:54+00:00
LINEAR,92,50,10000,25,1800000,current_graph_manifest,1000,0,651442389,2026-07-06T10:08:01+00:00,2026-07-10T08:10:54+00:00
LINEAR,93,50,10000,25,1800000,current_graph_manifest,1000,0,651442389,2026-07-06T10:08:01+00:00,2026-07-10T08:10:54+00:00
LINEAR,94,50,10000,25,1800000,current_graph_manifest,1000,0,651442389,2026-07-06T10:08:01+00:00,2026-07-10T08:10:54+00:00
LINEAR,95,50,10000,25,1800000,current_graph_manifest,1000,0,651442389,2026-07-06T10:08:01+00:00,2026-07-10T08:10:54+00:00
LINEAR,96,50,10000,25,1800000,current_graph_manifest,1000,0,651442389,2026-07-06T10:08:01+00:00,2026-07-10T08:10:54+00:00
LINEAR,97,50,10000,25,1800000,current_graph_manifest,1000,0,651442389,2026-07-06T10:08:01+00:00,2026-07-10T08:10:54+00:00
LINEAR,98,50,10000,25,1800000,current_graph_manifest,1000,0,651442389,2026-07-06T10:08:01+00:00,2026-07-10T08:10:54+00:00
LINEAR,99,50,10000,25,1800000,current_graph_manifest,1000,0,651442389,2026-07-06T10:08:01+00:00,2026-07-10T08:10:54+00:00
LINEAR_4,1,50,10000,25,1800000,current_graph_manifest,1500,0,660904686,2026-07-08T11:00:48+00:00,2026-07-10T10:16:41+00:00
LINEAR_4,10,50,10000,25,1800000,current_graph_manifest,1500,0,660904686,2026-07-08T11:00:48+00:00,2026-07-10T10:16:41+00:00
LINEAR_4,100,50,10000,25,1800000,current_graph_manifest,1500,0,660904686,2026-07-08T11:00:48+00:00,2026-07-10T10:16:41+00:00
LINEAR_4,101,50,10000,25,1800000,current_graph_manifest,1500,0,660904686,2026-07-08T11:00:48+00:00,2026-07-10T10:16:41+00:00
LINEAR_4,102,50,10000,25,1800000,current_graph_manifest,1500,0,660904686,2026-07-08T11:00:48+00:00,2026-07-10T10:16:41+00:00
LINEAR_4,103,50,10000,25,1800000,current_graph_manifest,1500,0,660904686,2026-07-08T11:00:48+00:00,2026-07-10T10:16:41+00:00
LINEAR_4,104,50,10000,25,1800000,current_graph_manifest,1500,0,660904686,2026-07-08T11:00:48+00:00,2026-07-10T10:16:41+00:00
LINEAR_4,105,50,10000,25,1800000,current_graph_manifest,1500,0,660904686,2026-07-08T11:00:48+00:00,2026-07-10T10:16:41+00:00
LINEAR_4,106,50,10000,25,1800000,current_graph_manifest,1500,0,660904686,2026-07-08T11:00:48+00:00,2026-07-10T10:16:41+00:00
LINEAR_4,107,50,10000,25,1800000,current_graph_manifest,1500,0,660904686,2026-07-08T11:00:48+00:00,2026-07-10T10:16:41+00:00
LINEAR_4,108,50,10000,25,1800000,current_graph_manifest,1500,0,660904686,2026-07-08T11:00:48+00:00,2026-07-10T10:16:41+00:00
LINEAR_4,109,50,10000,25,1800000,current_graph_manifest,1500,0,660904686,2026-07-08T11:00:48+00:00,2026-07-10T10:16:41+00:00
LINEAR_4,11,50,10000,25,1800000,current_graph_manifest,1500,0,660904686,2026-07-08T11:00:48+00:00,2026-07-10T10:16:41+00:00
LINEAR_4,110,50,10000,25,1800000,current_graph_manifest,1500,0,660904686,2026-07-08T11:00:48+00:00,2026-07-10T10:16:41+00:00
LINEAR_4,111,50,10000,25,1800000,current_graph_manifest,1500,0,660904686,2026-07-08T11:00:48+00:00,2026-07-10T10:16:41+00:00
LINEAR_4,112,50,10000,25,1800000,current_graph_manifest,1500,0,660904686,2026-07-08T11:00:48+00:00,2026-07-10T10:16:41+00:00
LINEAR_4,113,50,10000,25,1800000,current_graph_manifest,1500,0,660904686,2026-07-08T11:00:48+00:00,2026-07-10T10:16:41+00:00
LINEAR_4,114,50,10000,25,1800000,current_graph_manifest,1500,0,660904686,2026-07-08T11:00:48+00:00,2026-07-10T10:16:41+00:00
LINEAR_4,115,50,10000,25,1800000,current_graph_manifest,1500,0,660904686,2026-07-08T11:00:48+00:00,2026-07-10T10:16:41+00:00
LINEAR_4,116,50,10000,25,1800000,current_graph_manifest,1500,0,660904686,2026-07-08T11:00:48+00:00,2026-07-10T10:16:41+00:00
LINEAR_4,117,50,10000,25,1800000,current_graph_manifest,1500,0,660904686,2026-07-08T11:00:48+00:00,2026-07-10T10:16:41+00:00
LINEAR_4,118,50,10000,25,1800000,current_graph_manifest,1500,0,660904686,2026-07-08T11:00:48+00:00,2026-07-10T10:16:41+00:00
LINEAR_4,119,50,10000,25,1800000,current_graph_manifest,1500,0,660904686,2026-07-08T11:00:48+00:00,2026-07-10T10:16:41+00:00
LINEAR_4,12,50,10000,25,1800000,current_graph_manifest,1500,0,660904686,2026-07-08T11:00:48+00:00,2026-07-10T10:16:41+00:00
LINEAR_4,120,50,10000,25,1800000,current_graph_manifest,1500,0,660904686,2026-07-08T11:00:48+00:00,2026-07-10T10:16:41+00:00
LINEAR_4,121,50,10000,25,1800000,current_graph_manifest,1500,0,660904686,2026-07-08T11:00:48+00:00,2026-07-10T10:16:41+00:00
LINEAR_4,122,50,10000,25,1800000,current_graph_manifest,1500,0,660904686,2026-07-08T11:00:48+00:00,2026-07-10T10:16:41+00:00
LINEAR_4,123,50,10000,25,1800000,current_graph_manifest,1500,0,660904686,2026-07-08T11:00:48+00:00,2026-07-10T10:16:41+00:00
LINEAR_4,124,50,10000,25,1800000,current_graph_manifest,1500,0,660904686,2026-07-08T11:00:48+00:00,2026-07-10T10:16:41+00:00
LINEAR_4,125,50,10000,25,1800000,current_graph_manifest,1500,0,660904686,2026-07-08T11:00:48+00:00,2026-07-10T10:16:41+00:00
LINEAR_4,126,50,10000,25,1800000,current_graph_manifest,1500,0,660904686,2026-07-08T11:00:48+00:00,2026-07-10T10:16:41+00:00
LINEAR_4,127,50,10000,25,1800000,current_graph_manifest,1500,0,660904686,2026-07-08T11:00:48+00:00,2026-07-10T10:16:41+00:00
LINEAR_4,128,50,10000,25,1800000,current_graph_manifest,1500,0,660904686,2026-07-08T11:00:48+00:00,2026-07-10T10:16:41+00:00
LINEAR_4,129,50,10000,25,1800000,current_graph_manifest,1500,0,660904686,2026-07-08T11:00:48+00:00,2026-07-10T10:16:41+00:00
LINEAR_4,13,50,10000,25,1800000,current_graph_manifest,1500,0,660904686,2026-07-08T11:00:48+00:00,2026-07-10T10:16:41+00:00
LINEAR_4,130,50,10000,25,1800000,current_graph_manifest,1500,0,660904686,2026-07-08T11:00:48+00:00,2026-07-10T10:16:41+00:00
LINEAR_4,131,50,10000,25,1800000,current_graph_manifest,1500,0,660904686,2026-07-08T11:00:48+00:00,2026-07-10T10:16:41+00:00
LINEAR_4,132,50,10000,25,1800000,current_graph_manifest,1500,0,660904686,2026-07-08T11:00:48+00:00,2026-07-10T10:16:41+00:00
LINEAR_4,133,50,10000,25,1800000,current_graph_manifest,1500,0,660904686,2026-07-08T11:00:48+00:00,2026-07-10T10:16:41+00:00
LINEAR_4,134,50,10000,25,1800000,current_graph_manifest,1500,0,660904686,2026-07-08T11:00:48+00:00,2026-07-10T10:16:41+00:00
LINEAR_4,135,50,10000,25,1800000,current_graph_manifest,1500,0,660904686,2026-07-08T11:00:48+00:00,2026-07-10T10:16:41+00:00
LINEAR_4,136,50,10000,25,1800000,current_graph_manifest,1500,0,660904686,2026-07-08T11:00:48+00:00,2026-07-10T10:16:41+00:00
LINEAR_4,137,50,10000,25,1800000,current_graph_manifest,1500,0,660904686,2026-07-08T11:00:48+00:00,2026-07-10T10:16:41+00:00
LINEAR_4,138,50,10000,25,1800000,current_graph_manifest,1500,0,660904686,2026-07-08T11:00:48+00:00,2026-07-10T10:16:41+00:00
LINEAR_4,139,50,10000,25,1800000,current_graph_manifest,1500,0,660904686,2026-07-08T11:00:48+00:00,2026-07-10T10:16:41+00:00
LINEAR_4,14,50,10000,25,1800000,current_graph_manifest,1500,0,660904686,2026-07-08T11:00:48+00:00,2026-07-10T10:16:41+00:00
LINEAR_4,140,50,10000,25,1800000,current_graph_manifest,1500,0,660904686,2026-07-08T11:00:48+00:00,2026-07-10T10:16:41+00:00
LINEAR_4,141,50,10000,25,1800000,current_graph_manifest,1500,0,660904686,2026-07-08T11:00:48+00:00,2026-07-10T10:16:41+00:00
LINEAR_4,142,50,10000,25,1800000,current_graph_manifest,1500,0,660904686,2026-07-08T11:00:48+00:00,2026-07-10T10:16:41+00:00
LINEAR_4,143,50,10000,25,1800000,current_graph_manifest,1500,0,660904686,2026-07-08T11:00:48+00:00,2026-07-10T10:16:41+00:00
LINEAR_4,144,50,10000,25,1800000,current_graph_manifest,1500,0,660904686,2026-07-08T11:00:48+00:00,2026-07-10T10:16:41+00:00
LINEAR_4,145,50,10000,25,1800000,current_graph_manifest,1500,0,660904686,2026-07-08T11:00:48+00:00,2026-07-10T10:16:41+00:00
LINEAR_4,146,50,10000,25,1800000,current_graph_manifest,1500,0,660904686,2026-07-08T11:00:48+00:00,2026-07-10T10:16:41+00:00
LINEAR_4,147,50,10000,25,1800000,current_graph_manifest,1500,0,660904686,2026-07-08T11:00:48+00:00,2026-07-10T10:16:41+00:00
LINEAR_4,148,50,10000,25,1800000,current_graph_manifest,1500,0,660904686,2026-07-08T11:00:48+00:00,2026-07-10T10:16:41+00:00
LINEAR_4,149,50,10000,25,1800000,current_graph_manifest,1500,0,660904686,2026-07-08T11:00:48+00:00,2026-07-10T10:16:41+00:00
LINEAR_4,15,50,10000,25,1800000,current_graph_manifest,1500,0,660904686,2026-07-08T11:00:48+00:00,2026-07-10T10:16:41+00:00
LINEAR_4,150,50,10000,25,1800000,current_graph_manifest,1500,0,660904686,2026-07-08T11:00:48+00:00,2026-07-10T10:16:41+00:00
LINEAR_4,16,50,10000,25,1800000,current_graph_manifest,1500,0,660904686,2026-07-08T11:00:48+00:00,2026-07-10T10:16:41+00:00
LINEAR_4,17,50,10000,25,1800000,current_graph_manifest,1500,0,660904686,2026-07-08T11:00:48+00:00,2026-07-10T10:16:41+00:00
LINEAR_4,18,50,10000,25,1800000,current_graph_manifest,1500,0,660904686,2026-07-08T11:00:48+00:00,2026-07-10T10:16:41+00:00
LINEAR_4,19,50,10000,25,1800000,current_graph_manifest,1500,0,660904686,2026-07-08T11:00:48+00:00,2026-07-10T10:16:41+00:00
LINEAR_4,2,50,10000,25,1800000,current_graph_manifest,1500,0,660904686,2026-07-08T11:00:48+00:00,2026-07-10T10:16:41+00:00
LINEAR_4,20,50,10000,25,1800000,current_graph_manifest,1500,0,660904686,2026-07-08T11:00:48+00:00,2026-07-10T10:16:41+00:00
LINEAR_4,21,50,10000,25,1800000,current_graph_manifest,1500,0,660904686,2026-07-08T11:00:48+00:00,2026-07-10T10:16:41+00:00
LINEAR_4,22,50,10000,25,1800000,current_graph_manifest,1500,0,660904686,2026-07-08T11:00:48+00:00,2026-07-10T10:16:41+00:00
LINEAR_4,23,50,10000,25,1800000,current_graph_manifest,1500,0,660904686,2026-07-08T11:00:48+00:00,2026-07-10T10:16:41+00:00
LINEAR_4,24,50,10000,25,1800000,current_graph_manifest,1500,0,660904686,2026-07-08T11:00:48+00:00,2026-07-10T10:16:41+00:00
LINEAR_4,25,50,10000,25,1800000,current_graph_manifest,1500,0,660904686,2026-07-08T11:00:48+00:00,2026-07-10T10:16:41+00:00
LINEAR_4,26,50,10000,25,1800000,current_graph_manifest,1500,0,660904686,2026-07-08T11:00:48+00:00,2026-07-10T10:16:41+00:00
LINEAR_4,27,50,10000,25,1800000,current_graph_manifest,1500,0,660904686,2026-07-08T11:00:48+00:00,2026-07-10T10:16:41+00:00
LINEAR_4,28,50,10000,25,1800000,current_graph_manifest,1500,0,660904686,2026-07-08T11:00:48+00:00,2026-07-10T10:16:41+00:00
LINEAR_4,29,50,10000,25,1800000,current_graph_manifest,1500,0,660904686,2026-07-08T11:00:48+00:00,2026-07-10T10:16:41+00:00
LINEAR_4,3,50,10000,25,1800000,current_graph_manifest,1500,0,660904686,2026-07-08T11:00:48+00:00,2026-07-10T10:16:41+00:00
LINEAR_4,30,50,10000,25,1800000,current_graph_manifest,1500,0,660904686,2026-07-08T11:00:48+00:00,2026-07-10T10:16:41+00:00
LINEAR_4,31,50,10000,25,1800000,current_graph_manifest,1500,0,660904686,2026-07-08T11:00:48+00:00,2026-07-10T10:16:41+00:00
LINEAR_4,32,50,10000,25,1800000,current_graph_manifest,1500,0,660904686,2026-07-08T11:00:48+00:00,2026-07-10T10:16:41+00:00
LINEAR_4,33,50,10000,25,1800000,current_graph_manifest,1500,0,660904686,2026-07-08T11:00:48+00:00,2026-07-10T10:16:41+00:00
LINEAR_4,34,50,10000,25,1800000,current_graph_manifest,1500,0,660904686,2026-07-08T11:00:48+00:00,2026-07-10T10:16:41+00:00
LINEAR_4,35,50,10000,25,1800000,current_graph_manifest,1500,0,660904686,2026-07-08T11:00:48+00:00,2026-07-10T10:16:41+00:00
LINEAR_4,36,50,10000,25,1800000,current_graph_manifest,1500,0,660904686,2026-07-08T11:00:48+00:00,2026-07-10T10:16:41+00:00
LINEAR_4,37,50,10000,25,1800000,current_graph_manifest,1500,0,660904686,2026-07-08T11:00:48+00:00,2026-07-10T10:16:41+00:00
LINEAR_4,38,50,10000,25,1800000,current_graph_manifest,1500,0,660904686,2026-07-08T11:00:48+00:00,2026-07-10T10:16:41+00:00
LINEAR_4,39,50,10000,25,1800000,current_graph_manifest,1500,0,660904686,2026-07-08T11:00:48+00:00,2026-07-10T10:16:41+00:00
LINEAR_4,4,50,10000,25,1800000,current_graph_manifest,1500,0,660904686,2026-07-08T11:00:48+00:00,2026-07-10T10:16:41+00:00
LINEAR_4,40,50,10000,25,1800000,current_graph_manifest,1500,0,660904686,2026-07-08T11:00:48+00:00,2026-07-10T10:16:41+00:00
LINEAR_4,41,50,10000,25,1800000,current_graph_manifest,1500,0,660904686,2026-07-08T11:00:48+00:00,2026-07-10T10:16:41+00:00
LINEAR_4,42,50,10000,25,1800000,current_graph_manifest,1500,0,660904686,2026-07-08T11:00:48+00:00,2026-07-10T10:16:41+00:00
LINEAR_4,43,50,10000,25,1800000,current_graph_manifest,1500,0,660904686,2026-07-08T11:00:48+00:00,2026-07-10T10:16:41+00:00
LINEAR_4,44,50,10000,25,1800000,current_graph_manifest,1500,0,660904686,2026-07-08T11:00:48+00:00,2026-07-10T10:16:41+00:00
LINEAR_4,45,50,10000,25,1800000,current_graph_manifest,1500,0,660904686,2026-07-08T11:00:48+00:00,2026-07-10T10:16:41+00:00
LINEAR_4,46,50,10000,25,1800000,current_graph_manifest,1500,0,660904686,2026-07-08T11:00:48+00:00,2026-07-10T10:16:41+00:00
LINEAR_4,47,50,10000,25,1800000,current_graph_manifest,1500,0,660904686,2026-07-08T11:00:48+00:00,2026-07-10T10:16:41+00:00
LINEAR_4,48,50,10000,25,1800000,current_graph_manifest,1500,0,660904686,2026-07-08T11:00:48+00:00,2026-07-10T10:16:41+00:00
LINEAR_4,49,50,10000,25,1800000,current_graph_manifest,1500,0,660904686,2026-07-08T11:00:48+00:00,2026-07-10T10:16:41+00:00
LINEAR_4,5,50,10000,25,1800000,current_graph_manifest,1500,0,660904686,2026-07-08T11:00:48+00:00,2026-07-10T10:16:41+00:00
LINEAR_4,50,50,10000,25,1800000,current_graph_manifest,1500,0,660904686,2026-07-08T11:00:48+00:00,2026-07-10T10:16:41+00:00
LINEAR_4,51,50,10000,25,1800000,current_graph_manifest,1500,0,660904686,2026-07-08T11:00:48+00:00,2026-07-10T10:16:41+00:00
LINEAR_4,52,50,10000,25,1800000,current_graph_manifest,1500,0,660904686,2026-07-08T11:00:48+00:00,2026-07-10T10:16:41+00:00
LINEAR_4,53,50,10000,25,1800000,current_graph_manifest,1500,0,660904686,2026-07-08T11:00:48+00:00,2026-07-10T10:16:41+00:00
LINEAR_4,54,50,10000,25,1800000,current_graph_manifest,1500,0,660904686,2026-07-08T11:00:48+00:00,2026-07-10T10:16:41+00:00
LINEAR_4,55,50,10000,25,1800000,current_graph_manifest,1500,0,660904686,2026-07-08T11:00:48+00:00,2026-07-10T10:16:41+00:00
LINEAR_4,56,50,10000,25,1800000,current_graph_manifest,1500,0,660904686,2026-07-08T11:00:48+00:00,2026-07-10T10:16:41+00:00
LINEAR_4,57,50,10000,25,1800000,current_graph_manifest,1500,0,660904686,2026-07-08T11:00:48+00:00,2026-07-10T10:16:41+00:00
LINEAR_4,58,50,10000,25,1800000,current_graph_manifest,1500,0,660904686,2026-07-08T11:00:48+00:00,2026-07-10T10:16:41+00:00
LINEAR_4,59,50,10000,25,1800000,current_graph_manifest,1500,0,660904686,2026-07-08T11:00:48+00:00,2026-07-10T10:16:41+00:00
LINEAR_4,6,50,10000,25,1800000,current_graph_manifest,1500,0,660904686,2026-07-08T11:00:48+00:00,2026-07-10T10:16:41+00:00
LINEAR_4,60,50,10000,25,1800000,current_graph_manifest,1500,0,660904686,2026-07-08T11:00:48+00:00,2026-07-10T10:16:41+00:00
LINEAR_4,61,50,10000,25,1800000,current_graph_manifest,1500,0,660904686,2026-07-08T11:00:48+00:00,2026-07-10T10:16:41+00:00
LINEAR_4,62,50,10000,25,1800000,current_graph_manifest,1500,0,660904686,2026-07-08T11:00:48+00:00,2026-07-10T10:16:41+00:00
LINEAR_4,63,50,10000,25,1800000,current_graph_manifest,1500,0,660904686,2026-07-08T11:00:48+00:00,2026-07-10T10:16:41+00:00
LINEAR_4,64,50,10000,25,1800000,current_graph_manifest,1500,0,660904686,2026-07-08T11:00:48+00:00,2026-07-10T10:16:41+00:00
LINEAR_4,65,50,10000,25,1800000,current_graph_manifest,1500,0,660904686,2026-07-08T11:00:48+00:00,2026-07-10T10:16:41+00:00
LINEAR_4,66,50,10000,25,1800000,current_graph_manifest,1500,0,660904686,2026-07-08T11:00:48+00:00,2026-07-10T10:16:41+00:00
LINEAR_4,67,50,10000,25,1800000,current_graph_manifest,1500,0,660904686,2026-07-08T11:00:48+00:00,2026-07-10T10:16:41+00:00
LINEAR_4,68,50,10000,25,1800000,current_graph_manifest,1500,0,660904686,2026-07-08T11:00:48+00:00,2026-07-10T10:16:41+00:00
LINEAR_4,69,50,10000,25,1800000,current_graph_manifest,1500,0,660904686,2026-07-08T11:00:48+00:00,2026-07-10T10:16:41+00:00
LINEAR_4,7,50,10000,25,1800000,current_graph_manifest,1500,0,660904686,2026-07-08T11:00:48+00:00,2026-07-10T10:16:41+00:00
LINEAR_4,70,50,10000,25,1800000,current_graph_manifest,1500,0,660904686,2026-07-08T11:00:48+00:00,2026-07-10T10:16:41+00:00
LINEAR_4,71,50,10000,25,1800000,current_graph_manifest,1500,0,660904686,2026-07-08T11:00:48+00:00,2026-07-10T10:16:41+00:00
LINEAR_4,72,50,10000,25,1800000,current_graph_manifest,1500,0,660904686,2026-07-08T11:00:48+00:00,2026-07-10T10:16:41+00:00
LINEAR_4,73,50,10000,25,1800000,current_graph_manifest,1500,0,660904686,2026-07-08T11:00:48+00:00,2026-07-10T10:16:41+00:00
LINEAR_4,74,50,10000,25,1800000,current_graph_manifest,1500,0,660904686,2026-07-08T11:00:48+00:00,2026-07-10T10:16:41+00:00
LINEAR_4,75,50,10000,25,1800000,current_graph_manifest,1500,0,660904686,2026-07-08T11:00:48+00:00,2026-07-10T10:16:41+00:00
LINEAR_4,76,50,10000,25,1800000,current_graph_manifest,1500,0,660904686,2026-07-08T11:00:48+00:00,2026-07-10T10:16:41+00:00
LINEAR_4,77,50,10000,25,1800000,current_graph_manifest,1500,0,660904686,2026-07-08T11:00:48+00:00,2026-07-10T10:16:41+00:00
LINEAR_4,78,50,10000,25,1800000,current_graph_manifest,1500,0,660904686,2026-07-08T11:00:48+00:00,2026-07-10T10:16:41+00:00
LINEAR_4,79,50,10000,25,1800000,current_graph_manifest,1500,0,660904686,2026-07-08T11:00:48+00:00,2026-07-10T10:16:41+00:00
LINEAR_4,8,50,10000,25,1800000,current_graph_manifest,1500,0,660904686,2026-07-08T11:00:48+00:00,2026-07-10T10:16:41+00:00
LINEAR_4,80,50,10000,25,1800000,current_graph_manifest,1500,0,660904686,2026-07-08T11:00:48+00:00,2026-07-10T10:16:41+00:00
LINEAR_4,81,50,10000,25,1800000,current_graph_manifest,1500,0,660904686,2026-07-08T11:00:48+00:00,2026-07-10T10:16:41+00:00
LINEAR_4,82,50,10000,25,1800000,current_graph_manifest,1500,0,660904686,2026-07-08T11:00:48+00:00,2026-07-10T10:16:41+00:00
LINEAR_4,83,50,10000,25,1800000,current_graph_manifest,1500,0,660904686,2026-07-08T11:00:48+00:00,2026-07-10T10:16:41+00:00
LINEAR_4,84,50,10000,25,1800000,current_graph_manifest,1500,0,660904686,2026-07-08T11:00:48+00:00,2026-07-10T10:16:41+00:00
LINEAR_4,85,50,10000,25,1800000,current_graph_manifest,1500,0,660904686,2026-07-08T11:00:48+00:00,2026-07-10T10:16:41+00:00
LINEAR_4,86,50,10000,25,1800000,current_graph_manifest,1500,0,660904686,2026-07-08T11:00:48+00:00,2026-07-10T10:16:41+00:00
LINEAR_4,87,50,10000,25,1800000,current_graph_manifest,1500,0,660904686,2026-07-08T11:00:48+00:00,2026-07-10T10:16:41+00:00
LINEAR_4,88,50,10000,25,1800000,current_graph_manifest,1500,0,660904686,2026-07-08T11:00:48+00:00,2026-07-10T10:16:41+00:00
LINEAR_4,89,50,10000,25,1800000,current_graph_manifest,1500,0,660904686,2026-07-08T11:00:48+00:00,2026-07-10T10:16:41+00:00
LINEAR_4,9,50,10000,25,1800000,current_graph_manifest,1500,0,660904686,2026-07-08T11:00:48+00:00,2026-07-10T10:16:41+00:00
LINEAR_4,90,50,10000,25,1800000,current_graph_manifest,1500,0,660904686,2026-07-08T11:00:48+00:00,2026-07-10T10:16:41+00:00
LINEAR_4,91,50,10000,25,1800000,current_graph_manifest,1500,0,660904686,2026-07-08T11:00:48+00:00,2026-07-10T10:16:41+00:00
LINEAR_4,92,50,10000,25,1800000,current_graph_manifest,1500,0,660904686,2026-07-08T11:00:48+00:00,2026-07-10T10:16:41+00:00
LINEAR_4,93,50,10000,25,1800000,current_graph_manifest,1500,0,660904686,2026-07-08T11:00:48+00:00,2026-07-10T10:16:41+00:00
LINEAR_4,94,50,10000,25,1800000,current_graph_manifest,1500,0,660904686,2026-07-08T11:00:48+00:00,2026-07-10T10:16:41+00:00
LINEAR_4,95,50,10000,25,1800000,current_graph_manifest,1500,0,660904686,2026-07-08T11:00:48+00:00,2026-07-10T10:16:41+00:00
LINEAR_4,96,50,10000,25,1800000,current_graph_manifest,1500,0,660904686,2026-07-08T11:00:48+00:00,2026-07-10T10:16:41+00:00
LINEAR_4,97,50,10000,25,1800000,current_graph_manifest,1500,0,660904686,2026-07-08T11:00:48+00:00,2026-07-10T10:16:41+00:00
LINEAR_4,98,50,10000,25,1800000,current_graph_manifest,1500,0,660904686,2026-07-08T11:00:48+00:00,2026-07-10T10:16:41+00:00
LINEAR_4,99,50,10000,25,1800000,current_graph_manifest,1500,0,660904686,2026-07-08T11:00:48+00:00,2026-07-10T10:16:41+00:00
NewSIN,1,50,10000,25,1800000,current_graph_manifest,500,0,667196028,2026-07-06T10:06:53+00:00,2026-07-06T10:06:53+00:00
NewSIN,10,50,10000,25,1800000,current_graph_manifest,500,0,667196028,2026-07-06T10:06:53+00:00,2026-07-06T10:06:53+00:00
NewSIN,100,50,10000,25,1800000,current_graph_manifest,500,0,667196028,2026-07-06T10:06:53+00:00,2026-07-06T10:06:53+00:00
NewSIN,101,50,10000,25,1800000,current_graph_manifest,500,0,667196028,2026-07-06T10:06:53+00:00,2026-07-06T10:06:53+00:00
NewSIN,102,50,10000,25,1800000,current_graph_manifest,500,0,667196028,2026-07-06T10:06:53+00:00,2026-07-06T10:06:53+00:00
NewSIN,103,50,10000,25,1800000,current_graph_manifest,500,0,667196028,2026-07-06T10:06:53+00:00,2026-07-06T10:06:53+00:00
NewSIN,104,50,10000,25,1800000,current_graph_manifest,500,0,667196028,2026-07-06T10:06:53+00:00,2026-07-06T10:06:53+00:00
NewSIN,105,50,10000,25,1800000,current_graph_manifest,500,0,667196028,2026-07-06T10:06:53+00:00,2026-07-06T10:06:53+00:00
NewSIN,106,50,10000,25,1800000,current_graph_manifest,500,0,667196028,2026-07-06T10:06:53+00:00,2026-07-06T10:06:53+00:00
NewSIN,107,50,10000,25,1800000,current_graph_manifest,500,0,667196028,2026-07-06T10:06:53+00:00,2026-07-06T10:06:53+00:00
NewSIN,108,50,10000,25,1800000,current_graph_manifest,500,0,667196028,2026-07-06T10:06:53+00:00,2026-07-06T10:06:53+00:00
NewSIN,109,50,10000,25,1800000,current_graph_manifest,500,0,667196028,2026-07-06T10:06:53+00:00,2026-07-06T10:06:53+00:00
NewSIN,11,50,10000,25,1800000,current_graph_manifest,500,0,667196028,2026-07-06T10:06:53+00:00,2026-07-06T10:06:53+00:00
NewSIN,110,50,10000,25,1800000,current_graph_manifest,500,0,667196028,2026-07-06T10:06:53+00:00,2026-07-06T10:06:53+00:00
NewSIN,111,50,10000,25,1800000,current_graph_manifest,500,0,667196028,2026-07-06T10:06:53+00:00,2026-07-06T10:06:53+00:00
NewSIN,112,50,10000,25,1800000,current_graph_manifest,500,0,667196028,2026-07-06T10:06:53+00:00,2026-07-06T10:06:53+00:00
NewSIN,113,50,10000,25,1800000,current_graph_manifest,500,0,667196028,2026-07-06T10:06:53+00:00,2026-07-06T10:06:53+00:00
NewSIN,114,50,10000,25,1800000,current_graph_manifest,500,0,667196028,2026-07-06T10:06:53+00:00,2026-07-06T10:06:53+00:00
NewSIN,115,50,10000,25,1800000,current_graph_manifest,500,0,667196028,2026-07-06T10:06:53+00:00,2026-07-06T10:06:53+00:00
NewSIN,116,50,10000,25,1800000,current_graph_manifest,500,0,667196028,2026-07-06T10:06:53+00:00,2026-07-06T10:06:53+00:00
NewSIN,117,50,10000,25,1800000,current_graph_manifest,500,0,667196028,2026-07-06T10:06:53+00:00,2026-07-06T10:06:53+00:00
NewSIN,118,50,10000,25,1800000,current_graph_manifest,500,0,667196028,2026-07-06T10:06:53+00:00,2026-07-06T10:06:53+00:00
NewSIN,119,50,10000,25,1800000,current_graph_manifest,500,0,667196028,2026-07-06T10:06:53+00:00,2026-07-06T10:06:53+00:00
NewSIN,12,50,10000,25,1800000,current_graph_manifest,500,0,667196028,2026-07-06T10:06:53+00:00,2026-07-06T10:06:53+00:00
NewSIN,120,50,10000,25,1800000,current_graph_manifest,500,0,667196028,2026-07-06T10:06:53+00:00,2026-07-06T10:06:53+00:00
NewSIN,121,50,10000,25,1800000,current_graph_manifest,500,0,667196028,2026-07-06T10:06:53+00:00,2026-07-06T10:06:53+00:00
NewSIN,122,50,10000,25,1800000,current_graph_manifest,500,0,667196028,2026-07-06T10:06:53+00:00,2026-07-06T10:06:53+00:00
NewSIN,123,50,10000,25,1800000,current_graph_manifest,500,0,667196028,2026-07-06T10:06:53+00:00,2026-07-06T10:06:53+00:00
NewSIN,124,50,10000,25,1800000,current_graph_manifest,500,0,667196028,2026-07-06T10:06:53+00:00,2026-07-06T10:06:53+00:00
NewSIN,125,50,10000,25,1800000,current_graph_manifest,500,0,667196028,2026-07-06T10:06:53+00:00,2026-07-06T10:06:53+00:00
NewSIN,126,50,10000,25,1800000,current_graph_manifest,500,0,667196028,2026-07-06T10:06:53+00:00,2026-07-06T10:06:53+00:00
NewSIN,127,50,10000,25,1800000,current_graph_manifest,500,0,667196028,2026-07-06T10:06:53+00:00,2026-07-06T10:06:53+00:00
NewSIN,128,50,10000,25,1800000,current_graph_manifest,500,0,667196028,2026-07-06T10:06:53+00:00,2026-07-06T10:06:53+00:00
NewSIN,129,50,10000,25,1800000,current_graph_manifest,500,0,667196028,2026-07-06T10:06:53+00:00,2026-07-06T10:06:53+00:00
NewSIN,13,50,10000,25,1800000,current_graph_manifest,500,0,667196028,2026-07-06T10:06:53+00:00,2026-07-06T10:06:53+00:00
NewSIN,130,50,10000,25,1800000,current_graph_manifest,500,0,667196028,2026-07-06T10:06:53+00:00,2026-07-06T10:06:53+00:00
NewSIN,131,50,10000,25,1800000,current_graph_manifest,500,0,667196028,2026-07-06T10:06:53+00:00,2026-07-06T10:06:53+00:00
NewSIN,132,50,10000,25,1800000,current_graph_manifest,500,0,667196028,2026-07-06T10:06:53+00:00,2026-07-06T10:06:53+00:00
NewSIN,133,50,10000,25,1800000,current_graph_manifest,500,0,667196028,2026-07-06T10:06:53+00:00,2026-07-06T10:06:53+00:00
NewSIN,134,50,10000,25,1800000,current_graph_manifest,500,0,667196028,2026-07-06T10:06:53+00:00,2026-07-06T10:06:53+00:00
NewSIN,135,50,10000,25,1800000,current_graph_manifest,500,0,667196028,2026-07-06T10:06:53+00:00,2026-07-06T10:06:53+00:00
NewSIN,136,50,10000,25,1800000,current_graph_manifest,500,0,667196028,2026-07-06T10:06:53+00:00,2026-07-06T10:06:53+00:00
NewSIN,137,50,10000,25,1800000,current_graph_manifest,500,0,667196028,2026-07-06T10:06:53+00:00,2026-07-06T10:06:53+00:00
NewSIN,138,50,10000,25,1800000,current_graph_manifest,500,0,667196028,2026-07-06T10:06:53+00:00,2026-07-06T10:06:53+00:00
NewSIN,139,50,10000,25,1800000,current_graph_manifest,500,0,667196028,2026-07-06T10:06:53+00:00,2026-07-06T10:06:53+00:00
NewSIN,14,50,10000,25,1800000,current_graph_manifest,500,0,667196028,2026-07-06T10:06:53+00:00,2026-07-06T10:06:53+00:00
NewSIN,140,50,10000,25,1800000,current_graph_manifest,500,0,667196028,2026-07-06T10:06:53+00:00,2026-07-06T10:06:53+00:00
NewSIN,141,50,10000,25,1800000,current_graph_manifest,500,0,667196028,2026-07-06T10:06:53+00:00,2026-07-06T10:06:53+00:00
NewSIN,142,50,10000,25,1800000,current_graph_manifest,500,0,667196028,2026-07-06T10:06:53+00:00,2026-07-06T10:06:53+00:00
NewSIN,143,50,10000,25,1800000,current_graph_manifest,500,0,667196028,2026-07-06T10:06:53+00:00,2026-07-06T10:06:53+00:00
NewSIN,144,50,10000,25,1800000,current_graph_manifest,500,0,667196028,2026-07-06T10:06:53+00:00,2026-07-06T10:06:53+00:00
NewSIN,145,50,10000,25,1800000,current_graph_manifest,500,0,667196028,2026-07-06T10:06:53+00:00,2026-07-06T10:06:53+00:00
NewSIN,146,50,10000,25,1800000,current_graph_manifest,500,0,667196028,2026-07-06T10:06:53+00:00,2026-07-06T10:06:53+00:00
NewSIN,147,50,10000,25,1800000,current_graph_manifest,500,0,667196028,2026-07-06T10:06:53+00:00,2026-07-06T10:06:53+00:00
NewSIN,148,50,10000,25,1800000,current_graph_manifest,500,0,667196028,2026-07-06T10:06:53+00:00,2026-07-06T10:06:53+00:00
NewSIN,149,50,10000,25,1800000,current_graph_manifest,500,0,667196028,2026-07-06T10:06:53+00:00,2026-07-06T10:06:53+00:00
NewSIN,15,50,10000,25,1800000,current_graph_manifest,500,0,667196028,2026-07-06T10:06:53+00:00,2026-07-06T10:06:53+00:00
NewSIN,150,50,10000,25,1800000,current_graph_manifest,500,0,667196028,2026-07-06T10:06:53+00:00,2026-07-06T10:06:53+00:00
NewSIN,16,50,10000,25,1800000,current_graph_manifest,500,0,667196028,2026-07-06T10:06:53+00:00,2026-07-06T10:06:53+00:00
NewSIN,17,50,10000,25,1800000,current_graph_manifest,500,0,667196028,2026-07-06T10:06:53+00:00,2026-07-06T10:06:53+00:00
NewSIN,18,50,10000,25,1800000,current_graph_manifest,500,0,667196028,2026-07-06T10:06:53+00:00,2026-07-06T10:06:53+00:00
NewSIN,19,50,10000,25,1800000,current_graph_manifest,500,0,667196028,2026-07-06T10:06:53+00:00,2026-07-06T10:06:53+00:00
NewSIN,2,50,10000,25,1800000,current_graph_manifest,500,0,667196028,2026-07-06T10:06:53+00:00,2026-07-06T10:06:53+00:00
NewSIN,20,50,10000,25,1800000,current_graph_manifest,500,0,667196028,2026-07-06T10:06:53+00:00,2026-07-06T10:06:53+00:00
NewSIN,21,50,10000,25,1800000,current_graph_manifest,500,0,667196028,2026-07-06T10:06:53+00:00,2026-07-06T10:06:53+00:00
NewSIN,22,50,10000,25,1800000,current_graph_manifest,500,0,667196028,2026-07-06T10:06:53+00:00,2026-07-06T10:06:53+00:00
NewSIN,23,50,10000,25,1800000,current_graph_manifest,500,0,667196028,2026-07-06T10:06:53+00:00,2026-07-06T10:06:53+00:00
NewSIN,24,50,10000,25,1800000,current_graph_manifest,500,0,667196028,2026-07-06T10:06:53+00:00,2026-07-06T10:06:53+00:00
NewSIN,25,50,10000,25,1800000,current_graph_manifest,500,0,667196028,2026-07-06T10:06:53+00:00,2026-07-06T10:06:53+00:00
NewSIN,26,50,10000,25,1800000,current_graph_manifest,500,0,667196028,2026-07-06T10:06:53+00:00,2026-07-06T10:06:53+00:00
NewSIN,27,50,10000,25,1800000,current_graph_manifest,500,0,667196028,2026-07-06T10:06:53+00:00,2026-07-06T10:06:53+00:00
NewSIN,28,50,10000,25,1800000,current_graph_manifest,500,0,667196028,2026-07-06T10:06:53+00:00,2026-07-06T10:06:53+00:00
NewSIN,29,50,10000,25,1800000,current_graph_manifest,500,0,667196028,2026-07-06T10:06:53+00:00,2026-07-06T10:06:53+00:00
NewSIN,3,50,10000,25,1800000,current_graph_manifest,500,0,667196028,2026-07-06T10:06:53+00:00,2026-07-06T10:06:53+00:00
NewSIN,30,50,10000,25,1800000,current_graph_manifest,500,0,667196028,2026-07-06T10:06:53+00:00,2026-07-06T10:06:53+00:00
NewSIN,31,50,10000,25,1800000,current_graph_manifest,500,0,667196028,2026-07-06T10:06:53+00:00,2026-07-06T10:06:53+00:00
NewSIN,32,50,10000,25,1800000,current_graph_manifest,500,0,667196028,2026-07-06T10:06:53+00:00,2026-07-06T10:06:53+00:00
NewSIN,33,50,10000,25,1800000,current_graph_manifest,500,0,667196028,2026-07-06T10:06:53+00:00,2026-07-06T10:06:53+00:00
NewSIN,34,50,10000,25,1800000,current_graph_manifest,500,0,667196028,2026-07-06T10:06:53+00:00,2026-07-06T10:06:53+00:00
NewSIN,35,50,10000,25,1800000,current_graph_manifest,500,0,667196028,2026-07-06T10:06:53+00:00,2026-07-06T10:06:53+00:00
NewSIN,36,50,10000,25,1800000,current_graph_manifest,500,0,667196028,2026-07-06T10:06:53+00:00,2026-07-06T10:06:53+00:00
NewSIN,37,50,10000,25,1800000,current_graph_manifest,500,0,667196028,2026-07-06T10:06:53+00:00,2026-07-06T10:06:53+00:00
NewSIN,38,50,10000,25,1800000,current_graph_manifest,500,0,667196028,2026-07-06T10:06:53+00:00,2026-07-06T10:06:53+00:00
NewSIN,39,50,10000,25,1800000,current_graph_manifest,500,0,667196028,2026-07-06T10:06:53+00:00,2026-07-06T10:06:53+00:00
NewSIN,4,50,10000,25,1800000,current_graph_manifest,500,0,667196028,2026-07-06T10:06:53+00:00,2026-07-06T10:06:53+00:00
NewSIN,40,50,10000,25,1800000,current_graph_manifest,500,0,667196028,2026-07-06T10:06:53+00:00,2026-07-06T10:06:53+00:00
NewSIN,41,50,10000,25,1800000,current_graph_manifest,500,0,667196028,2026-07-06T10:06:53+00:00,2026-07-06T10:06:53+00:00
NewSIN,42,50,10000,25,1800000,current_graph_manifest,500,0,667196028,2026-07-06T10:06:53+00:00,2026-07-06T10:06:53+00:00
NewSIN,43,50,10000,25,1800000,current_graph_manifest,500,0,667196028,2026-07-06T10:06:53+00:00,2026-07-06T10:06:53+00:00
NewSIN,44,50,10000,25,1800000,current_graph_manifest,500,0,667196028,2026-07-06T10:06:53+00:00,2026-07-06T10:06:53+00:00
NewSIN,45,50,10000,25,1800000,current_graph_manifest,500,0,667196028,2026-07-06T10:06:53+00:00,2026-07-06T10:06:53+00:00
NewSIN,46,50,10000,25,1800000,current_graph_manifest,500,0,667196028,2026-07-06T10:06:53+00:00,2026-07-06T10:06:53+00:00
NewSIN,47,50,10000,25,1800000,current_graph_manifest,500,0,667196028,2026-07-06T10:06:53+00:00,2026-07-06T10:06:53+00:00
NewSIN,48,50,10000,25,1800000,current_graph_manifest,500,0,667196028,2026-07-06T10:06:53+00:00,2026-07-06T10:06:53+00:00
NewSIN,49,50,10000,25,1800000,current_graph_manifest,500,0,667196028,2026-07-06T10:06:53+00:00,2026-07-06T10:06:53+00:00
NewSIN,5,50,10000,25,1800000,current_graph_manifest,500,0,667196028,2026-07-06T10:06:53+00:00,2026-07-06T10:06:53+00:00
NewSIN,50,50,10000,25,1800000,current_graph_manifest,500,0,667196028,2026-07-06T10:06:53+00:00,2026-07-06T10:06:53+00:00
NewSIN,51,50,10000,25,1800000,current_graph_manifest,500,0,667196028,2026-07-06T10:06:53+00:00,2026-07-06T10:06:53+00:00
NewSIN,52,50,10000,25,1800000,current_graph_manifest,500,0,667196028,2026-07-06T10:06:53+00:00,2026-07-06T10:06:53+00:00
NewSIN,53,50,10000,25,1800000,current_graph_manifest,500,0,667196028,2026-07-06T10:06:53+00:00,2026-07-06T10:06:53+00:00
NewSIN,54,50,10000,25,1800000,current_graph_manifest,500,0,667196028,2026-07-06T10:06:53+00:00,2026-07-06T10:06:53+00:00
NewSIN,55,50,10000,25,1800000,current_graph_manifest,500,0,667196028,2026-07-06T10:06:53+00:00,2026-07-06T10:06:53+00:00
NewSIN,56,50,10000,25,1800000,current_graph_manifest,500,0,667196028,2026-07-06T10:06:53+00:00,2026-07-06T10:06:53+00:00
NewSIN,57,50,10000,25,1800000,current_graph_manifest,500,0,667196028,2026-07-06T10:06:53+00:00,2026-07-06T10:06:53+00:00
NewSIN,58,50,10000,25,1800000,current_graph_manifest,500,0,667196028,2026-07-06T10:06:53+00:00,2026-07-06T10:06:53+00:00
NewSIN,59,50,10000,25,1800000,current_graph_manifest,500,0,667196028,2026-07-06T10:06:53+00:00,2026-07-06T10:06:53+00:00
NewSIN,6,50,10000,25,1800000,current_graph_manifest,500,0,667196028,2026-07-06T10:06:53+00:00,2026-07-06T10:06:53+00:00
NewSIN,60,50,10000,25,1800000,current_graph_manifest,500,0,667196028,2026-07-06T10:06:53+00:00,2026-07-06T10:06:53+00:00
NewSIN,61,50,10000,25,1800000,current_graph_manifest,500,0,667196028,2026-07-06T10:06:53+00:00,2026-07-06T10:06:53+00:00
NewSIN,62,50,10000,25,1800000,current_graph_manifest,500,0,667196028,2026-07-06T10:06:53+00:00,2026-07-06T10:06:53+00:00
NewSIN,63,50,10000,25,1800000,current_graph_manifest,500,0,667196028,2026-07-06T10:06:53+00:00,2026-07-06T10:06:53+00:00
NewSIN,64,50,10000,25,1800000,current_graph_manifest,500,0,667196028,2026-07-06T10:06:53+00:00,2026-07-06T10:06:53+00:00
NewSIN,65,50,10000,25,1800000,current_graph_manifest,500,0,667196028,2026-07-06T10:06:53+00:00,2026-07-06T10:06:53+00:00
NewSIN,66,50,10000,25,1800000,current_graph_manifest,500,0,667196028,2026-07-06T10:06:53+00:00,2026-07-06T10:06:53+00:00
NewSIN,67,50,10000,25,1800000,current_graph_manifest,500,0,667196028,2026-07-06T10:06:53+00:00,2026-07-06T10:06:53+00:00
NewSIN,68,50,10000,25,1800000,current_graph_manifest,500,0,667196028,2026-07-06T10:06:53+00:00,2026-07-06T10:06:53+00:00
NewSIN,69,50,10000,25,1800000,current_graph_manifest,500,0,667196028,2026-07-06T10:06:53+00:00,2026-07-06T10:06:53+00:00
NewSIN,7,50,10000,25,1800000,current_graph_manifest,500,0,667196028,2026-07-06T10:06:53+00:00,2026-07-06T10:06:53+00:00
NewSIN,70,50,10000,25,1800000,current_graph_manifest,500,0,667196028,2026-07-06T10:06:53+00:00,2026-07-06T10:06:53+00:00
NewSIN,71,50,10000,25,1800000,current_graph_manifest,500,0,667196028,2026-07-06T10:06:53+00:00,2026-07-06T10:06:53+00:00
NewSIN,72,50,10000,25,1800000,current_graph_manifest,500,0,667196028,2026-07-06T10:06:53+00:00,2026-07-06T10:06:53+00:00
NewSIN,73,50,10000,25,1800000,current_graph_manifest,500,0,667196028,2026-07-06T10:06:53+00:00,2026-07-06T10:06:53+00:00
NewSIN,74,50,10000,25,1800000,current_graph_manifest,500,0,667196028,2026-07-06T10:06:53+00:00,2026-07-06T10:06:53+00:00
NewSIN,75,50,10000,25,1800000,current_graph_manifest,500,0,667196028,2026-07-06T10:06:53+00:00,2026-07-06T10:06:53+00:00
NewSIN,76,50,10000,25,1800000,current_graph_manifest,500,0,667196028,2026-07-06T10:06:53+00:00,2026-07-06T10:06:53+00:00
NewSIN,77,50,10000,25,1800000,current_graph_manifest,500,0,667196028,2026-07-06T10:06:53+00:00,2026-07-06T10:06:53+00:00
NewSIN,78,50,10000,25,1800000,current_graph_manifest,500,0,667196028,2026-07-06T10:06:53+00:00,2026-07-06T10:06:53+00:00
NewSIN,79,50,10000,25,1800000,current_graph_manifest,500,0,667196028,2026-07-06T10:06:53+00:00,2026-07-06T10:06:53+00:00
NewSIN,8,50,10000,25,1800000,current_graph_manifest,500,0,667196028,2026-07-06T10:06:53+00:00,2026-07-06T10:06:53+00:00
NewSIN,80,50,10000,25,1800000,current_graph_manifest,500,0,667196028,2026-07-06T10:06:53+00:00,2026-07-06T10:06:53+00:00
NewSIN,81,50,10000,25,1800000,current_graph_manifest,500,0,667196028,2026-07-06T10:06:53+00:00,2026-07-06T10:06:53+00:00
NewSIN,82,50,10000,25,1800000,current_graph_manifest,500,0,667196028,2026-07-06T10:06:53+00:00,2026-07-06T10:06:53+00:00
NewSIN,83,50,10000,25,1800000,current_graph_manifest,500,0,667196028,2026-07-06T10:06:53+00:00,2026-07-06T10:06:53+00:00
NewSIN,84,50,10000,25,1800000,current_graph_manifest,500,0,667196028,2026-07-06T10:06:53+00:00,2026-07-06T10:06:53+00:00
NewSIN,85,50,10000,25,1800000,current_graph_manifest,500,0,667196028,2026-07-06T10:06:53+00:00,2026-07-06T10:06:53+00:00
NewSIN,86,50,10000,25,1800000,current_graph_manifest,500,0,667196028,2026-07-06T10:06:53+00:00,2026-07-06T10:06:53+00:00
NewSIN,87,50,10000,25,1800000,current_graph_manifest,500,0,667196028,2026-07-06T10:06:53+00:00,2026-07-06T10:06:53+00:00
NewSIN,88,50,10000,25,1800000,current_graph_manifest,500,0,667196028,2026-07-06T10:06:53+00:00,2026-07-06T10:06:53+00:00
NewSIN,89,50,10000,25,1800000,current_graph_manifest,500,0,667196028,2026-07-06T10:06:53+00:00,2026-07-06T10:06:53+00:00
NewSIN,9,50,10000,25,1800000,current_graph_manifest,500,0,667196028,2026-07-06T10:06:53+00:00,2026-07-06T10:06:53+00:00
NewSIN,90,50,10000,25,1800000,current_graph_manifest,500,0,667196028,2026-07-06T10:06:53+00:00,2026-07-06T10:06:53+00:00
NewSIN,91,50,10000,25,1800000,current_graph_manifest,500,0,667196028,2026-07-06T10:06:53+00:00,2026-07-06T10:06:53+00:00
NewSIN,92,50,10000,25,1800000,current_graph_manifest,500,0,667196028,2026-07-06T10:06:53+00:00,2026-07-06T10:06:53+00:00
NewSIN,93,50,10000,25,1800000,current_graph_manifest,500,0,667196028,2026-07-06T10:06:53+00:00,2026-07-06T10:06:53+00:00
NewSIN,94,50,10000,25,1800000,current_graph_manifest,500,0,667196028,2026-07-06T10:06:53+00:00,2026-07-06T10:06:53+00:00
NewSIN,95,50,10000,25,1800000,current_graph_manifest,500,0,667196028,2026-07-06T10:06:53+00:00,2026-07-06T10:06:53+00:00
NewSIN,96,50,10000,25,1800000,current_graph_manifest,500,0,667196028,2026-07-06T10:06:53+00:00,2026-07-06T10:06:53+00:00
NewSIN,97,50,10000,25,1800000,current_graph_manifest,500,0,667196028,2026-07-06T10:06:53+00:00,2026-07-06T10:06:53+00:00
NewSIN,98,50,10000,25,1800000,current_graph_manifest,500,0,667196028,2026-07-06T10:06:53+00:00,2026-07-06T10:06:53+00:00
NewSIN,99,50,10000,25,1800000,current_graph_manifest,500,0,667196028,2026-07-06T10:06:53+00:00,2026-07-06T10:06:53+00:00
