time,oscillator_id,send_count,transmission_end_time,transmission_time_ms
2177.0,8,1,2197.544,20.544
3278.0,9,1,3298.544,20.544
3751.2896,5,1,3771.8336,20.544
4222.0992,0,1,4242.6431999999995,20.544
5056.0,4,1,5076.544,20.544
5541.2896,3,1,5561.8336,20.544
7177.0,8,2,7197.544,20.544
8278.0,9,2,8298.544,20.544
8793.81856,5,2,8814.36256,20.544
9303.335264,6,1,9323.879264,20.544
9808.7462576,2,1,9829.2902576,20.544
10301.96123184,4,2,10322.50523184,20.544
10794.383668655999,3,2,10814.927668655999,20.544
12177.0,8,3,12197.544,20.544
13278.0,9,3,13298.544,20.544
13798.071456,5,3,13818.615456,20.544
14317.0874368,6,2,14337.6314368,20.544
14829.24081952,7,1,14849.78481952,20.544
15340.717973728,1,1,15361.261973728,20.544
15854.5741432208,3,3,15875.1181432208,20.544
17177.0,8,4,17197.544,20.544
18278.0,9,4,18298.544,20.544
18798.4967456,5,4,18819.040745600003,20.544
19318.845414720003,6,3,19339.389414720004,20.544
19838.374555200004,7,2,19858.918555200005,20.544
20350.964891232004,0,2,20371.508891232006,20.544
20863.858248184006,4,3,20884.402248184007,20.544
22177.0,8,5,22197.544,20.544
23278.0,9,5,23298.544,20.544
23798.53927456,5,5,23819.083274560002,20.544
24319.059488576004,6,4,24339.603488576005,20.544
24839.480595238405,7,3,24860.024595238407,20.544
25359.118624837767,0,3,25379.66262483777,20.544
25871.84646151079,2,2,25892.390461510793,20.544
26385.132957002803,3,4,26405.676957002805,20.544
27177.0,8,6,27197.544,20.544
28278.0,9,6,28298.544,20.544
28798.543527456,5,6,28819.087527456002,20.544
29319.084723568,6,5,29339.628723568003,20.544
29839.613910735043,7,4,29860.157910735044,20.544
30360.053982145317,0,4,30380.59798214532,20.544
30879.722830081868,2,3,30900.26683008187,20.544
31392.48076827961,1,2,31413.02476827961,20.544
32177.0,8,7,32197.544,20.544
33278.0,9,7,33298.544,20.544
33798.543952745604,5,7,33819.087952745605,20.544
34319.087629827845,6,6,34339.63162982785,20.544
34839.62985791857,7,5,34860.17385791857,20.544
35360.161870341246,0,5,35380.70587034125,20.544
35880.60756631531,2,4,35901.15156631531,20.544
36400.284486511744,1,3,36420.828486511746,20.544
36913.05047443966,4,4,36933.59447443966,20.544
37407.9350269957,8,8,37428.4790269957,20.544
38278.0,9,8,38298.544,20.544
38798.543995274566,5,8,38819.08799527457,20.544
39319.0879587299,6,7,39339.6319587299,20.544
39839.63174864877,7,6,39860.17574864877,20.544
40360.17436081802,0,6,40380.71836081802,20.544
40880.70728136775,2,5,40901.25128136775,20.544
41401.154601882154,1,4,41421.698601882155,20.544
41920.833789137905,4,5,41941.37778913791,20.544
42433.60210843791,3,5,42454.14610843791,20.544
43278.0,9,9,43298.544,20.544
43798.54399952746,5,9,43819.08799952746,20.544
44319.087995447706,6,8,44339.63199544771,20.544
44839.63197076781,7,7,44860.175970767814,20.544
45360.17580977284,0,7,45380.71980977284,20.544
45880.718556932334,2,6,45901.262556932335,20.544
46401.25176142732,1,5,46421.79576142732,20.544
46921.699564198374,4,6,46942.243564198376,20.544
47441.37941862233,3,6,47461.92341862233,20.544
47954.534428052466,8,9,47975.07842805247,20.544
48455.37058524722,9,10,48475.91458524722,20.544
48958.177526675245,5,10,48978.72152667525,20.544
49462.758173552495,6,9,49483.302173552496,20.544
49968.935153274026,7,8,49989.47915327403,20.544
50476.54881892391,0,8,50497.09281892391,20.544
50985.455392724754,2,7,51005.999392724756,20.544
51495.52462959501,1,6,51516.068629595014,20.544
52006.631723055354,4,7,52027.175723055356,20.544
52518.59609261205,3,7,52539.140092612055,20.544
53030.6795261561,8,10,53051.2235261561,20.544
53541.63823206521,9,11,53562.18223206521,20.544
54051.78176152622,5,11,54072.32576152622,20.544
54561.36900272885,6,10,54581.91300272885,20.544
55070.615217783365,7,9,55091.159217783366,20.544
55579.69817789742,0,9,55600.242177897424,20.544
56088.763499380155,2,8,56109.30749938016,20.544
56597.92921240164,1,7,56618.473212401645,20.544
57107.28906346702,4,8,57127.83306346702,20.544
57616.90936638152,3,8,57637.453366381524,20.544
58126.77598235898,8,11,58147.31998235898,20.544
58636.75180732961,9,12,58657.29580732961,20.544
59146.744402749275,5,12,59167.28840274928,20.544
59656.69646274723,6,11,59677.240462747235,20.544
60166.57793825085,7,10,60187.12193825085,20.544
60676.37956221551,0,10,60696.92356221551,20.544
61186.10755593197,2,9,61206.651555931974,20.544
61695.77932157894,1,8,61716.323321578944,20.544
62205.41989576775,4,9,62225.96389576775,20.544
62715.05844282913,3,9,62735.602442829135,20.544
63224.71979678212,8,12,63245.26379678212,20.544
63734.41259783687,9,13,63754.95659783687,20.544
64244.13537832811,5,13,64264.67937832811,20.544
64753.88108677002,6,12,64774.425086770025,20.544
65263.64037191811,7,11,65284.18437191811,20.544
65773.40389094785,0,11,65793.94789094785,20.544
66283.16385744626,2,10,66303.70785744625,20.544
66792.91500385953,1,9,66813.45900385952,20.544
67302.65509305034,4,10,67323.19909305034,20.544
67812.38502802822,3,10,67832.92902802821,20.544
68322.1081049036,8,13,68342.6521049036,20.544
68831.82815419692,9,14,68852.37215419691,20.544
69341.54847661003,5,14,69362.09247661002,20.544
69851.27133762602,6,13,69871.81533762602,20.544
70360.99784105523,7,12,70381.54184105522,20.544
70870.72804604449,0,12,70891.27204604448,20.544
71380.46122718466,2,11,71401.00522718465,20.544
71890.19620485214,1,10,71910.74020485213,20.544
72399.93169367196,4,11,72420.47569367195,20.544
72909.66662710758,3,11,72930.21062710758,20.544
73419.40037488718,8,14,73439.94437488717,20.544
73929.13275281814,9,15,73949.67675281814,20.544
74438.86392519732,5,15,74459.40792519732,20.544
74948.59426644018,6,14,74969.13826644018,20.544
75458.32422390168,7,13,75478.86822390168,20.544
75968.05420611596,0,13,75988.59820611596,20.544
76477.78450822283,2,12,76498.32850822282,20.544
76987.51527788576,1,11,77008.05927788575,20.544
77497.24651946437,4,12,77517.79051946437,20.544
78006.97813022869,3,12,78027.52213022868,20.544
78516.70995469452,8,15,78537.25395469452,20.544
79026.44183450688,9,16,79046.98583450688,20.544
79536.17364357592,5,16,79556.71764357592,20.544
80045.90530586234,6,15,80066.44930586233,20.544
80555.63679766627,7,14,80576.18079766627,20.544
81065.36813851124,0,14,81085.91213851124,20.544
81575.0993754824,2,13,81595.6433754824,20.544
82084.83056572273,1,12,82105.37456572273,20.544
82594.56176109689,4,13,82615.10576109689,20.544
83104.29299801006,3,13,83124.83699801005,20.544
83614.0242936785,8,16,83634.5682936785,20.544
84123.75564776134,9,17,84144.29964776133,20.544
84633.48704734279,5,17,84654.03104734278,20.544
85143.21847319473,6,16,85163.76247319473,20.544
85652.94990564189,7,15,85673.49390564188,20.544
86162.68132892881,0,15,86183.2253289288,20.544
86672.41273358416,2,14,86692.95673358416,20.544
87182.14411679801,1,13,87202.688116798,20.544
87691.8754812279,4,14,87712.41948122789,20.544
88201.60683290611,3,14,88222.1508329061,20.544
88711.33817898335,8,17,88731.88217898335,20.544
89221.06952586115,9,18,89241.61352586115,20.544
89730.80087800931,5,18,89751.3448780093,20.544
90240.53223752785,6,17,90261.07623752784,20.544
90750.26360433924,7,16,90770.80760433924,20.544
91259.99497679819,0,16,91280.53897679818,20.544
91769.72635247678,2,15,91790.27035247677,20.544
92279.45772890889,1,14,92300.00172890889,20.544
92789.1891041408,4,15,92809.73310414079,20.544
93298.92047701732,3,15,93319.46447701732,20.544
93808.65184721393,8,18,93829.19584721392,20.544
94318.38321507865,9,19,94338.92721507864,20.544
94828.11458137172,5,19,94848.65858137171,20.544
95337.84594698732,6,18,95358.38994698731,20.544
95847.57731272251,7,17,95868.1213127225,20.544
96357.30867913007,0,17,96377.85267913007,20.544
96867.04004646474,2,16,96887.58404646473,20.544
97376.77141470915,1,15,97397.31541470914,20.544
97886.50278365231,4,16,97907.0467836523,20.544
98396.2341529888,3,16,98416.7781529888,20.544
98905.96552241131,8,19,98926.5095224113,20.544
99415.69689167803,9,20,99436.24089167803,20.544
99925.4282606474,5,20,99945.9722606474,20.544
100435.15962928139,6,19,100455.70362928139,20.544
100944.8909976255,7,18,100965.43499762549,20.544
101454.62236577595,0,18,101475.16636577595,20.544
101964.35373384482,2,17,101984.89773384482,20.544
102474.08510193125,1,16,102494.62910193125,20.544
102983.81647010335,4,17,103004.36047010335,20.544
103493.5478383919,3,17,103514.09183839189,20.544
104003.27920679383,8,20,104023.82320679382,20.544
104513.01057528224,9,21,104533.55457528224,20.544
105022.74194381875,5,21,105043.28594381874,20.544
105532.47331236501,6,20,105553.017312365,20.544
106042.20468089105,7,19,106062.74868089105,20.544
106551.93604937954,0,19,106572.48004937953,20.544
107061.66741782606,2,18,107082.21141782605,20.544
107571.39878623658,1,17,107591.94278623657,20.544
108081.13015462324,4,18,108101.67415462324,20.544
108590.8615230001,3,18,108611.4055230001,20.544
109100.59289137946,8,21,109121.13689137946,20.544
109610.32425976974,9,22,109630.86825976973,20.544
110120.05562817464,5,22,110140.59962817463,20.544
110629.78699659367,6,21,110650.33099659366,20.544
111139.51836502341,7,20,111160.0623650234,20.544
111649.24973345902,0,20,111669.79373345901,20.544
112158.98110189571,2,19,112179.5251018957,20.544
112668.71247032979,1,18,112689.25647032978,20.544
113178.44383875914,4,19,113198.98783875913,20.544
113688.17520718323,3,19,113708.71920718323,20.544
114197.90657560284,8,22,114218.45057560284,20.544
114707.63794401953,9,23,114728.18194401952,20.544
115217.36931243504,5,23,115237.91331243503,20.544
115727.1006808509,6,22,115747.64468085089,20.544
116236.83204926814,7,21,116257.37604926813,20.544
116746.56341768723,0,21,116767.10741768722,20.544
117256.29478610808,2,20,117276.83878610807,20.544
117766.02615453025,1,19,117786.57015453024,20.544
118275.75752295314,4,20,118296.30152295313,20.544
118785.48889137614,3,20,118806.03289137613,20.544
119295.2202597988,8,23,119315.7642597988,20.544
119804.95162822088,9,24,119825.49562822087,20.544
120314.6829966423,5,24,120335.22699664229,20.544
120824.41436506314,6,23,120844.95836506314,20.544
121334.14573348365,7,22,121354.68973348364,20.544
121843.877101904,0,22,121864.421101904,20.544
122353.6084703244,2,21,122374.15247032439,20.544
122863.33983874499,1,20,122883.88383874498,20.544
123373.07120716579,4,21,123393.61520716579,20.544
123882.80257558681,3,21,123903.34657558681,20.544
124392.53394400801,8,24,124413.07794400801,20.544
124902.2653124293,9,25,124922.8093124293,20.544
125411.9966808506,5,25,125432.5406808506,20.544
125921.72804927186,6,24,125942.27204927185,20.544
126431.45941769303,7,23,126452.00341769302,20.544
126941.19078611412,0,23,126961.73478611412,20.544
127450.92215453515,2,22,127471.46615453514,20.544
127960.65352295613,1,21,127981.19752295612,20.544
128470.38489137709,4,22,128490.92889137709,20.544
128980.11625979806,3,22,129000.66025979805,20.544
129489.84762821905,8,25,129510.39162821905,20.544
129999.57899664008,9,26,130020.12299664007,20.544
130509.31036506113,5,26,130529.85436506112,20.544
131019.0417334822,6,25,131039.58573348219,20.544
131528.77310190327,7,24,131549.31710190326,20.544
132038.50447032435,0,24,132059.04847032434,20.544
132548.23583874543,2,23,132568.77983874542,20.544
133057.96720716648,1,22,133078.51120716648,20.544
133567.69857558754,4,23,133588.24257558753,20.544
134077.4299440086,3,23,134097.97394400858,20.544
134587.16131242964,8,26,134607.70531242964,20.544
135096.8926808507,9,27,135117.4366808507,20.544
135606.62404927175,5,27,135627.16804927174,20.544
136116.3554176928,6,26,136136.8994176928,20.544
136626.08678611385,7,25,136646.63078611385,20.544
137135.8181545349,0,25,137156.3621545349,20.544
137645.54952295596,2,24,137666.09352295595,20.544
138155.280891377,1,23,138175.824891377,20.544
138665.01225979807,4,24,138685.55625979806,20.544
139174.74362821912,3,24,139195.2876282191,20.544
139684.47499664017,8,27,139705.01899664017,20.544
140194.20636506123,9,28,140214.75036506122,20.544
140703.93773348228,5,28,140724.48173348227,20.544
141213.66910190333,6,27,141234.21310190333,20.544
141723.40047032438,7,26,141743.94447032438,20.544
142233.13183874544,0,26,142253.67583874543,20.544
142742.8632071665,2,25,142763.40720716649,20.544
143252.59457558754,1,24,143273.13857558754,20.544
143762.3259440086,4,25,143782.8699440086,20.544
144272.05731242965,3,25,144292.60131242964,20.544
144781.7886808507,8,28,144802.3326808507,20.544
145291.52004927176,9,29,145312.06404927175,20.544
145801.2514176928,5,29,145821.7954176928,20.544
146310.98278611386,6,28,146331.52678611386,20.544
146820.71415453491,7,27,146841.2581545349,20.544
147330.44552295597,0,27,147350.98952295596,20.544
147840.17689137702,2,26,147860.72089137702,20.544
148349.90825979807,1,25,148370.45225979807,20.544
148859.63962821913,4,26,148880.18362821912,20.544
149369.37099664018,3,26,149389.91499664017,20.544
149879.10236506123,8,29,149899.64636506123,20.544
150388.8337334823,9,30,150409.37773348228,20.544
150898.56510190334,5,30,150919.10910190333,20.544
151408.2964703244,6,29,151428.8404703244,20.544
151918.02783874545,7,28,151938.57183874544,20.544
152427.7592071665,0,28,152448.3032071665,20.544
152937.49057558755,2,27,152958.03457558755,20.544
153447.2219440086,1,26,153467.7659440086,20.544
153956.95331242966,4,27,153977.49731242965,20.544
154466.6846808507,3,27,154487.2286808507,20.544
154976.41604927176,8,30,154996.96004927176,20.544
155486.14741769282,9,31,155506.6914176928,20.544
155995.87878611387,5,31,156016.42278611386,20.544
156505.61015453492,6,30,156526.15415453492,20.544
157015.34152295598,7,29,157035.88552295597,20.544
157525.07289137703,0,29,157545.61689137702,20.544
158034.80425979808,2,28,158055.34825979808,20.544
158544.53562821914,1,27,158565.07962821913,20.544
159054.2669966402,4,28,159074.81099664018,20.544
159563.99836506124,3,28,159584.54236506124,20.544
160073.7297334823,8,31,160094.2737334823,20.544
160583.46110190335,9,32,160604.00510190334,20.544
161093.1924703244,5,32,161113.7364703244,20.544
161602.92383874545,6,31,161623.46783874545,20.544
162112.6552071665,7,30,162133.1992071665,20.544
162622.38657558756,0,30,162642.93057558755,20.544
163132.1179440086,2,29,163152.6619440086,20.544
163641.84931242967,1,28,163662.39331242966,20.544
164151.58068085072,4,29,164172.1246808507,20.544
164661.31204927177,3,29,164681.85604927177,20.544
165171.04341769282,8,32,165191.58741769282,20.544
165680.77478611388,9,33,165701.31878611387,20.544
166190.50615453493,5,33,166211.05015453493,20.544
166700.23752295598,6,32,166720.78152295598,20.544
167209.96889137704,7,31,167230.51289137703,20.544
167719.7002597981,0,31,167740.24425979808,20.544
168229.43162821914,2,30,168249.97562821914,20.544
168739.1629966402,1,29,168759.7069966402,20.544
169248.89436506125,4,30,169269.43836506124,20.544
169758.6257334823,3,30,169779.1697334823,20.544
170268.35710190336,8,33,170288.90110190335,20.544
170778.0884703244,9,34,170798.6324703244,20.544
171287.81983874546,5,34,171308.36383874546,20.544
171797.5512071665,6,33,171818.0952071665,20.544
172307.28257558757,7,32,172327.82657558756,20.544
172817.01394400862,0,32,172837.55794400861,20.544
173326.74531242967,2,31,173347.28931242967,20.544
173836.47668085073,1,30,173857.02068085072,20.544
174346.20804927178,4,31,174366.75204927177,20.544
174855.93941769283,3,31,174876.48341769283,20.544
175365.6707861139,8,34,175386.21478611388,20.544
175875.40215453494,9,35,175895.94615453493,20.544
176385.133522956,5,35,176405.677522956,20.544
176894.86489137704,6,34,176915.40889137704,20.544
177404.5962597981,7,33,177425.1402597981,20.544
177914.32762821915,0,33,177934.87162821915,20.544
178424.0589966402,2,32,178444.6029966402,20.544
178933.79036506126,1,31,178954.33436506125,20.544
179443.5217334823,4,32,179464.0657334823,20.544
179953.25310190336,3,32,179973.79710190336,20.544
180462.98447032442,8,35,180483.5284703244,20.544
180972.71583874547,9,36,180993.25983874546,20.544
181482.44720716652,5,36,181502.99120716652,20.544
181992.17857558758,6,35,182012.72257558757,20.544
182501.90994400863,7,34,182522.45394400862,20.544
183011.64131242968,0,34,183032.18531242968,20.544
183521.37268085073,2,33,183541.91668085073,20.544
184031.1040492718,1,32,184051.64804927178,20.544
184540.83541769284,4,33,184561.37941769283,20.544
185050.5667861139,3,33,185071.1107861139,20.544
185560.29815453495,8,36,185580.84215453494,20.544
186070.029522956,9,37,186090.573522956,20.544
186579.76089137705,5,37,186600.30489137705,20.544
187089.4922597981,6,36,187110.0362597981,20.544
187599.22362821916,7,35,187619.76762821915,20.544
188108.9549966402,0,35,188129.4989966402,20.544
188618.68636506126,2,34,188639.23036506126,20.544
189128.41773348232,1,33,189148.9617334823,20.544
189638.14910190337,4,34,189658.69310190337,20.544
190147.88047032442,3,34,190168.42447032442,20.544
190657.61183874548,8,37,190678.15583874547,20.544
191167.34320716653,9,38,191187.88720716652,20.544
191677.07457558758,5,38,191697.61857558758,20.544
192186.80594400864,6,37,192207.34994400863,20.544
192696.5373124297,7,36,192717.08131242968,20.544
193206.26868085074,0,36,193226.81268085074,20.544
193716.0000492718,2,35,193736.5440492718,20.544
194225.73141769285,1,34,194246.27541769284,20.544
194735.4627861139,4,35,194756.0067861139,20.544
195245.19415453495,3,35,195265.73815453495,20.544
195754.925522956,8,38,195775.469522956,20.544
196264.65689137706,9,39,196285.20089137706,20.544
196774.3882597981,5,39,196794.9322597981,20.544
197284.11962821917,6,38,197304.66362821916,20.544
197793.85099664022,7,37,197814.3949966402,20.544
198303.58236506127,0,37,198324.12636506127,20.544
198813.31373348233,2,36,198833.85773348232,20.544
199323.04510190338,1,35,199343.58910190337,20.544
199832.77647032443,4,36,199853.32047032443,20.544
200342.50783874549,3,36,200363.05183874548,20.544
200852.23920716654,8,39,200872.78320716653,20.544
201361.9705755876,9,40,201382.5145755876,20.544
201871.70194400864,5,40,201892.24594400864,20.544
202381.4333124297,6,39,202401.9773124297,20.544
202891.16468085075,7,38,202911.70868085074,20.544
203400.8960492718,0,38,203421.4400492718,20.544
203910.62741769286,2,37,203931.17141769285,20.544
204420.3587861139,1,36,204440.9027861139,20.544
204930.09015453496,4,37,204950.63415453496,20.544
205439.82152295602,3,37,205460.365522956,20.544
205949.55289137707,8,40,205970.09689137706,20.544
206459.28425979812,9,41,206479.82825979812,20.544
206969.01562821917,5,41,206989.55962821917,20.544
207478.74699664023,6,40,207499.29099664022,20.544
207988.47836506128,7,39,208009.02236506128,20.544
208498.20973348233,0,39,208518.75373348233,20.544
209007.9411019034,2,38,209028.48510190338,20.544
209517.67247032444,1,37,209538.21647032443,20.544
210027.4038387455,4,38,210047.9478387455,20.544
210537.13520716655,3,38,210557.67920716654,20.544
211046.8665755876,8,41,211067.4105755876,20.544
211556.59794400865,9,42,211577.14194400865,20.544
212066.3293124297,5,42,212086.8733124297,20.544
212576.06068085076,6,41,212596.60468085075,20.544
213085.7920492718,7,40,213106.3360492718,20.544
213595.52341769286,0,40,213616.06741769286,20.544
214105.25478611392,2,39,214125.7987861139,20.544
214614.98615453497,1,38,214635.53015453496,20.544
215124.71752295602,4,39,215145.26152295602,20.544
215634.44889137708,3,39,215654.99289137707,20.544
216144.18025979813,8,42,216164.72425979812,20.544
216653.91162821918,9,43,216674.45562821918,20.544
217163.64299664024,5,43,217184.18699664023,20.544
217673.3743650613,6,42,217693.91836506128,20.544
218183.10573348234,7,41,218203.64973348234,20.544
218692.8371019034,0,41,218713.3811019034,20.544
219202.56847032445,2,40,219223.11247032444,20.544
219712.2998387455,1,39,219732.8438387455,20.544
220222.03120716655,4,40,220242.57520716655,20.544
220731.7625755876,3,40,220752.3065755876,20.544
221241.49394400866,8,43,221262.03794400865,20.544
221751.2253124297,9,44,221771.7693124297,20.544
222260.95668085077,5,44,222281.50068085076,20.544
222770.68804927182,6,43,222791.2320492718,20.544
223280.41941769287,7,42,223300.96341769287,20.544
223790.15078611393,0,42,223810.69478611392,20.544
224299.88215453498,2,41,224320.42615453497,20.544
224809.61352295603,1,40,224830.15752295603,20.544
225319.34489137708,4,41,225339.88889137708,20.544
225829.07625979814,3,41,225849.62025979813,20.544
226338.8076282192,8,44,226359.35162821918,20.544
226848.53899664024,9,45,226869.08299664024,20.544
227358.2703650613,5,45,227378.8143650613,20.544
227868.00173348235,6,44,227888.54573348234,20.544
228377.7331019034,7,43,228398.2771019034,20.544
228887.46447032446,0,43,228908.00847032445,20.544
229397.1958387455,2,42,229417.7398387455,20.544
229906.92720716656,1,41,229927.47120716656,20.544
230416.65857558761,4,42,230437.2025755876,20.544
230926.38994400867,3,42,230946.93394400866,20.544
231436.12131242972,8,45,231456.66531242972,20.544
231945.85268085077,9,46,231966.39668085077,20.544
232455.58404927183,5,46,232476.12804927182,20.544
232965.31541769288,6,45,232985.85941769287,20.544
233475.04678611393,7,44,233495.59078611393,20.544
233984.778154535,0,44,234005.32215453498,20.544
234494.50952295604,2,43,234515.05352295603,20.544
235004.2408913771,1,42,235024.7848913771,20.544
235513.97225979815,4,43,235534.51625979814,20.544
236023.7036282192,3,43,236044.2476282192,20.544
236533.43499664025,8,46,236553.97899664025,20.544
237043.1663650613,9,47,237063.7103650613,20.544
237552.89773348236,5,47,237573.44173348235,20.544
238062.6291019034,6,46,238083.1731019034,20.544
238572.36047032446,7,45,238592.90447032446,20.544
239082.09183874552,0,45,239102.6358387455,20.544
239591.82320716657,2,44,239612.36720716656,20.544
240101.55457558762,1,43,240122.09857558762,20.544
240611.28594400868,4,44,240631.82994400867,20.544
241121.01731242973,3,44,241141.56131242972,20.544
241630.74868085078,8,47,241651.29268085078,20.544
242140.48004927184,9,48,242161.02404927183,20.544
242650.2114176929,5,48,242670.75541769288,20.544
243159.94278611394,6,47,243180.48678611394,20.544
243669.674154535,7,46,243690.218154535,20.544
244179.40552295605,0,46,244199.94952295604,20.544
244689.1368913771,2,45,244709.6808913771,20.544
245198.86825979815,1,44,245219.41225979815,20.544
245708.5996282192,4,45,245729.1436282192,20.544
246218.33099664026,3,45,246238.87499664025,20.544
246728.0623650613,8,48,246748.6063650613,20.544
247237.79373348237,9,49,247258.33773348236,20.544
247747.52510190342,5,49,247768.0691019034,20.544
248257.25647032447,6,48,248277.80047032447,20.544
248766.98783874552,7,47,248787.53183874552,20.544
249276.71920716658,0,47,249297.26320716657,20.544
249786.45057558763,2,46,249806.99457558763,20.544
250296.18194400868,1,45,250316.72594400868,20.544
250805.91331242974,4,46,250826.45731242973,20.544
251315.6446808508,3,46,251336.18868085078,20.544
251825.37604927184,8,49,251845.92004927184,20.544
252335.1074176929,9,50,252355.6514176929,20.544
252844.83878611395,5,50,252865.38278611394,20.544
253354.570154535,6,49,253375.114154535,20.544
253864.30152295606,7,48,253884.84552295605,20.544
254374.0328913771,0,48,254394.5768913771,20.544
254883.76425979816,2,47,254904.30825979816,20.544
255393.4956282192,1,46,255414.0396282192,20.544
255903.22699664027,4,47,255923.77099664026,20.544
256412.95836506132,3,47,256433.50236506131,20.544
256922.68973348237,8,50,256943.23373348237,20.544
257432.42110190343,9,51,257452.96510190342,20.544
257942.15247032448,5,51,257962.69647032447,20.544
258451.88383874553,6,50,258472.42783874553,20.544
258961.6152071666,7,49,258982.15920716658,20.544
259471.34657558764,0,49,259491.89057558763,20.544
259981.0779440087,2,48,260001.6219440087,20.544
260490.80931242974,1,47,260511.35331242974,20.544
261000.5406808508,4,48,261021.0846808508,20.544
261510.27204927185,3,48,261530.81604927185,20.544
262020.0034176929,8,51,262040.5474176929,20.544
262529.73478611396,9,52,262550.27878611395,20.544
263039.466154535,5,52,263060.010154535,20.544
263549.19752295606,6,51,263569.74152295606,20.544
264058.9288913771,7,50,264079.4728913771,20.544
264568.66025979817,0,50,264589.20425979816,20.544
265078.3916282192,2,49,265098.9356282192,20.544
265588.1229966403,1,48,265608.66699664027,20.544
266097.8543650613,4,49,266118.3983650613,20.544
266607.5857334824,3,49,266628.1297334824,20.544
267117.31710190343,8,52,267137.8611019034,20.544
267627.0484703245,9,53,267647.5924703245,20.544
268136.77983874554,5,53,268157.32383874553,20.544
268646.5112071666,6,52,268667.0552071666,20.544
269156.24257558765,7,51,269176.78657558764,20.544
269665.9739440087,0,51,269686.5179440087,20.544
270175.70531242975,2,50,270196.24931242975,20.544
270685.4366808508,1,49,270705.9806808508,20.544
271195.16804927186,4,50,271215.71204927185,20.544
271704.8994176929,3,50,271725.4434176929,20.544
272214.63078611396,8,53,272235.17478611396,20.544
272724.362154535,9,54,272744.906154535,20.544
273234.0935229561,5,54,273254.63752295607,20.544
273743.8248913771,6,53,273764.3688913771,20.544
274253.5562597982,7,52,274274.1002597982,20.544
274763.28762821923,0,52,274783.8316282192,20.544
275273.0189966403,2,51,275293.5629966403,20.544
275782.75036506134,1,50,275803.29436506133,20.544
276292.4817334824,4,51,276313.0257334824,20.544
276802.21310190344,3,51,276822.75710190344,20.544
277311.9444703245,8,54,277332.4884703245,20.544
277821.67583874555,9,55,277842.21983874554,20.544
278331.4072071666,5,55,278351.9512071666,20.544
278841.13857558765,6,54,278861.68257558765,20.544
279350.8699440087,7,53,279371.4139440087,20.544
279860.60131242976,0,53,279881.14531242975,20.544
280370.3326808508,2,52,280390.8766808508,20.544
280880.06404927187,1,51,280900.60804927186,20.544
281389.7954176929,4,52,281410.3394176929,20.544
281899.526786114,3,52,281920.07078611397,20.544
282409.258154535,8,55,282429.802154535,20.544
282918.9895229561,9,56,282939.5335229561,20.544
283428.72089137713,5,56,283449.2648913771,20.544
283938.4522597982,6,55,283958.9962597982,20.544
284448.18362821924,7,54,284468.72762821923,20.544
284957.9149966403,0,54,284978.4589966403,20.544
285467.64636506134,2,53,285488.19036506134,20.544
285977.3777334824,1,52,285997.9217334824,20.544
286487.10910190345,4,53,286507.65310190344,20.544
286996.8404703245,3,53,287017.3844703245,20.544
287506.57183874556,8,56,287527.11583874555,20.544
288016.3032071666,9,57,288036.8472071666,20.544
288526.03457558766,5,57,288546.57857558766,20.544
289035.7659440087,6,56,289056.3099440087,20.544
289545.49731242977,7,55,289566.04131242976,20.544
290055.2286808508,0,55,290075.7726808508,20.544
290564.9600492719,2,54,290585.50404927187,20.544
291074.6914176929,1,53,291095.2354176929,20.544
291584.422786114,4,54,291604.966786114,20.544
292094.15415453503,3,54,292114.698154535,20.544
292603.8855229561,8,57,292624.4295229561,20.544
293113.61689137714,9,58,293134.16089137713,20.544
293623.3482597982,5,58,293643.8922597982,20.544
294133.07962821925,6,57,294153.62362821924,20.544
294642.8109966403,7,56,294663.3549966403,20.544
295152.54236506135,0,56,295173.08636506135,20.544
295662.2737334824,2,55,295682.8177334824,20.544
296172.00510190346,1,54,296192.54910190345,20.544
296681.7364703245,4,55,296702.2804703245,20.544
297191.46783874556,3,55,297212.01183874556,20.544
297701.1992071666,8,58,297721.7432071666,20.544
298210.93057558767,9,59,298231.47457558766,20.544
298720.6619440087,5,59,298741.2059440087,20.544
299230.3933124298,6,58,299250.93731242977,20.544
299740.12468085083,7,57,299760.6686808508,20.544
300249.8560492719,0,57,300270.4000492719,20.544
300759.58741769294,2,56,300780.13141769293,20.544
301269.318786114,1,55,301289.862786114,20.544
301779.05015453504,4,56,301799.59415453504,20.544
302288.7815229561,3,56,302309.3255229561,20.544
302798.51289137715,8,59,302819.05689137714,20.544
303308.2442597982,9,60,303328.7882597982,20.544
303817.97562821925,5,60,303838.51962821925,20.544
304327.7069966403,6,59,304348.2509966403,20.544
304837.43836506136,7,58,304857.98236506135,20.544
305347.1697334824,0,58,305367.7137334824,20.544
305856.90110190347,2,57,305877.44510190346,20.544
306366.6324703245,1,56,306387.1764703245,20.544
306876.3638387456,4,57,306896.90783874557,20.544
307386.0952071666,3,57,307406.6392071666,20.544
307895.8265755877,8,60,307916.3705755877,20.544
308405.55794400873,9,61,308426.1019440087,20.544
308915.2893124298,5,61,308935.8333124298,20.544
309425.02068085084,6,60,309445.56468085083,20.544
309934.7520492719,7,59,309955.2960492719,20.544
310444.48341769294,0,59,310465.02741769294,20.544
310954.214786114,2,58,310974.758786114,20.544
311463.94615453505,1,57,311484.49015453504,20.544
311973.6775229561,4,58,311994.2215229561,20.544
312483.40889137716,3,58,312503.95289137715,20.544
312993.1402597982,8,61,313013.6842597982,20.544
313502.87162821926,9,62,313523.41562821926,20.544
314012.6029966403,5,62,314033.1469966403,20.544
314522.33436506137,6,61,314542.87836506136,20.544
315032.0657334824,7,60,315052.6097334824,20.544
315541.7971019035,0,60,315562.34110190347,20.544
316051.5284703245,2,59,316072.0724703245,20.544
316561.2598387456,1,58,316581.8038387456,20.544
317070.99120716663,4,59,317091.5352071666,20.544
317580.7225755877,3,59,317601.2665755877,20.544
318090.45394400874,8,62,318110.99794400873,20.544
318600.1853124298,9,63,318620.7293124298,20.544
319109.91668085085,5,63,319130.46068085084,20.544
319619.6480492719,6,62,319640.1920492719,20.544
320129.37941769295,7,61,320149.92341769295,20.544
320639.110786114,0,61,320659.654786114,20.544
321148.84215453506,2,60,321169.38615453505,20.544
321658.5735229561,1,59,321679.1175229561,20.544
322168.30489137716,4,60,322188.84889137716,20.544
322678.0362597982,3,60,322698.5802597982,20.544
323187.76762821927,8,63,323208.31162821926,20.544
323697.4989966403,9,64,323718.0429966403,20.544
324207.2303650614,5,64,324227.77436506137,20.544
324716.9617334824,6,63,324737.5057334824,20.544
325226.6931019035,7,62,325247.2371019035,20.544
325736.42447032453,0,62,325756.96847032453,20.544
326246.1558387456,2,61,326266.6998387456,20.544
326755.88720716664,1,60,326776.43120716664,20.544
327265.6185755877,4,61,327286.1625755877,20.544
327775.34994400875,3,61,327795.89394400874,20.544
328285.0813124298,8,64,328305.6253124298,20.544
328794.81268085085,9,65,328815.35668085085,20.544
329304.5440492719,5,65,329325.0880492719,20.544
329814.27541769296,6,64,329834.81941769295,20.544
330324.006786114,7,63,330344.550786114,20.544
330833.73815453507,0,63,330854.28215453506,20.544
331343.4695229561,2,62,331364.0135229561,20.544
331853.2008913772,1,61,331873.74489137717,20.544
332362.9322597982,4,62,332383.4762597982,20.544
332872.6636282193,3,62,332893.2076282193,20.544
333382.39499664033,8,65,333402.9389966403,20.544
333892.1263650614,9,66,333912.6703650614,20.544
334401.85773348244,5,66,334422.40173348243,20.544
334911.5891019035,6,65,334932.1331019035,20.544
335421.32047032454,7,64,335441.86447032454,20.544
335931.0518387456,0,64,335951.5958387456,20.544
336440.78320716665,2,63,336461.32720716664,20.544
336950.5145755877,1,62,336971.0585755877,20.544
337460.24594400876,4,63,337480.78994400875,20.544
337969.9773124298,3,63,337990.5213124298,20.544
338479.70868085086,8,66,338500.25268085086,20.544
338989.4400492719,9,67,339009.9840492719,20.544
339499.17141769297,5,67,339519.71541769296,20.544
340008.902786114,6,66,340029.446786114,20.544
340518.6341545351,7,65,340539.17815453507,20.544
341028.3655229561,0,65,341048.9095229561,20.544
341538.0968913772,2,64,341558.6408913772,20.544
342047.82825979823,1,63,342068.3722597982,20.544
342557.5596282193,4,64,342578.1036282193,20.544
343067.29099664034,3,64,343087.83499664033,20.544
343577.0223650614,8,67,343597.5663650614,20.544
344086.75373348244,9,68,344107.29773348244,20.544
344596.4851019035,5,68,344617.0291019035,20.544
345106.21647032455,6,67,345126.76047032455,20.544
345615.9478387456,7,66,345636.4918387456,20.544
346125.67920716666,0,66,346146.22320716665,20.544
346635.4105755877,2,65,346655.9545755877,20.544
347145.14194400876,1,64,347165.68594400876,20.544
347654.8733124298,4,65,347675.4173124298,20.544
348164.60468085087,3,65,348185.14868085086,20.544
348674.3360492719,8,68,348694.8800492719,20.544
349184.067417693,9,69,349204.61141769297,20.544
349693.798786114,5,69,349714.342786114,20.544
350203.5301545351,6,68,350224.0741545351,20.544
350713.26152295613,7,67,350733.8055229561,20.544
351222.9928913772,0,67,351243.5368913772,20.544
351732.72425979824,2,66,351753.26825979823,20.544
352242.4556282193,1,65,352262.9996282193,20.544
352752.18699664035,4,66,352772.73099664034,20.544
353261.9183650614,3,66,353282.4623650614,20.544
353771.64973348245,8,69,353792.19373348245,20.544
354281.3811019035,9,70,354301.9251019035,20.544
354791.11247032456,5,70,354811.65647032455,20.544
355300.8438387456,6,69,355321.3878387456,20.544
355810.57520716666,7,68,355831.11920716666,20.544
356320.3065755877,0,68,356340.8505755877,20.544
356830.03794400877,2,67,356850.58194400877,20.544
357339.7693124298,1,66,357360.3133124298,20.544
357849.5006808509,4,67,357870.0446808509,20.544
358359.23204927193,3,67,358379.7760492719,20.544
358868.963417693,8,70,358889.507417693,20.544
359378.69478611404,9,71,359399.23878611403,20.544
359888.4261545351,5,71,359908.9701545351,20.544
360398.15752295614,6,70,360418.70152295614,20.544
360907.8888913772,7,69,360928.4328913772,20.544
361417.62025979825,0,69,361438.16425979824,20.544
361927.3516282193,2,68,361947.8956282193,20.544
362437.08299664035,1,67,362457.62699664035,20.544
362946.8143650614,4,68,362967.3583650614,20.544
363456.54573348246,3,68,363477.08973348245,20.544
363966.2771019035,8,71,363986.8211019035,20.544
364476.00847032457,9,72,364496.55247032456,20.544
364985.7398387456,5,72,365006.2838387456,20.544
365495.4712071667,6,71,365516.01520716667,20.544
366005.2025755877,7,70,366025.7465755877,20.544
366514.9339440088,0,70,366535.4779440088,20.544
367024.66531242983,2,69,367045.2093124298,20.544
367534.3966808509,1,68,367554.9406808509,20.544
368044.12804927194,4,69,368064.67204927193,20.544
368553.859417693,3,69,368574.403417693,20.544
369063.59078611404,8,72,369084.13478611404,20.544
369573.3221545351,9,73,369593.8661545351,20.544
370083.05352295615,5,73,370103.59752295614,20.544
370592.7848913772,6,72,370613.3288913772,20.544
371102.51625979826,7,71,371123.06025979825,20.544
371612.2476282193,0,71,371632.7916282193,20.544
372121.97899664036,2,70,372142.52299664036,20.544
372631.7103650614,1,69,372652.2543650614,20.544
373141.44173348247,4,70,373161.98573348246,20.544
373651.1731019035,3,70,373671.7171019035,20.544
374160.9044703246,8,73,374181.44847032457,20.544
374670.6358387456,9,74,374691.1798387456,20.544
375180.3672071667,5,74,375200.9112071667,20.544
375690.09857558773,6,73,375710.6425755877,20.544
376199.8299440088,7,72,376220.3739440088,20.544
376709.56131242984,0,72,376730.10531242983,20.544
377219.2926808509,2,71,377239.8366808509,20.544
377729.02404927195,1,70,377749.56804927194,20.544
378238.755417693,4,71,378259.299417693,20.544
378748.48678611405,3,71,378769.03078611405,20.544
379258.2181545351,8,74,379278.7621545351,20.544
379767.94952295616,9,75,379788.49352295615,20.544
380277.6808913772,5,75,380298.2248913772,20.544
380787.41225979826,6,74,380807.95625979826,20.544
381297.1436282193,7,73,381317.6876282193,20.544
381806.87499664037,0,73,381827.41899664036,20.544
382316.6063650614,2,72,382337.1503650614,20.544
382826.3377334825,1,71,382846.88173348247,20.544
383336.06910190353,4,72,383356.6131019035,20.544
383845.8004703246,3,72,383866.3444703246,20.544
384355.53183874564,8,75,384376.07583874563,20.544
384865.2632071667,9,76,384885.8072071667,20.544
385374.99457558774,5,76,385395.53857558774,20.544
385884.7259440088,6,75,385905.2699440088,20.544
386394.45731242985,7,74,386415.00131242984,20.544
386904.1886808509,0,74,386924.7326808509,20.544
387413.92004927195,2,73,387434.46404927195,20.544
387923.651417693,1,72,387944.195417693,20.544
388433.38278611406,4,73,388453.92678611405,20.544
388943.1141545351,3,73,388963.6581545351,20.544
389452.84552295617,8,76,389473.38952295616,20.544
389962.5768913772,9,77,389983.1208913772,20.544
390472.3082597983,5,77,390492.85225979827,20.544
390982.0396282193,6,76,391002.5836282193,20.544
391491.7709966404,7,75,391512.3149966404,20.544
392001.50236506143,0,75,392022.0463650614,20.544
392511.2337334825,2,74,392531.7777334825,20.544
393020.96510190354,1,73,393041.50910190353,20.544
393530.6964703246,4,74,393551.2404703246,20.544
394040.42783874564,3,74,394060.97183874564,20.544
394550.1592071667,8,77,394570.7032071667,20.544
395059.89057558775,9,78,395080.43457558774,20.544
395569.6219440088,5,78,395590.1659440088,20.544
396079.35331242986,6,77,396099.89731242985,20.544
396589.0846808509,7,76,396609.6286808509,20.544
397098.81604927196,0,76,397119.36004927196,20.544
397608.547417693,2,75,397629.091417693,20.544
398118.27878611407,1,74,398138.82278611406,20.544
398628.0101545351,4,75,398648.5541545351,20.544
399137.7415229562,3,75,399158.28552295617,20.544
399647.4728913772,8,78,399668.0168913772,20.544
400157.2042597983,9,79,400177.7482597983,20.544
400666.93562821933,5,79,400687.4796282193,20.544
401176.6669966404,6,78,401197.2109966404,20.544
401686.39836506144,7,77,401706.94236506143,20.544
402196.1297334825,0,77,402216.6737334825,20.544
402705.86110190355,2,76,402726.40510190354,20.544
403215.5924703246,1,75,403236.1364703246,20.544
403725.32383874565,4,76,403745.86783874565,20.544
404235.0552071667,3,76,404255.5992071667,20.544
404744.78657558776,8,79,404765.33057558775,20.544
405254.5179440088,9,80,405275.0619440088,20.544
405764.24931242986,5,80,405784.79331242986,20.544
406273.9806808509,6,79,406294.5246808509,20.544
406783.71204927197,7,78,406804.25604927196,20.544
407293.443417693,0,78,407313.987417693,20.544
407803.1747861141,2,77,407823.71878611407,20.544
408312.9061545351,1,76,408333.4501545351,20.544
408822.6375229562,4,77,408843.1815229562,20.544
409332.36889137723,3,77,409352.91289137723,20.544
409842.1002597983,8,80,409862.6442597983,20.544
410351.83162821934,9,81,410372.37562821934,20.544
410861.5629966404,5,81,410882.1069966404,20.544
411371.29436506145,6,80,411391.83836506144,20.544
411881.0257334825,7,79,411901.5697334825,20.544
412390.75710190355,0,79,412411.30110190355,20.544
412900.4884703246,2,78,412921.0324703246,20.544
413410.21983874566,1,77,413430.76383874565,20.544
413919.9512071667,4,78,413940.4952071667,20.544
414429.68257558777,3,78,414450.22657558776,20.544
414939.4139440088,8,81,414959.9579440088,20.544
415449.1453124299,9,82,415469.68931242987,20.544
415958.8766808509,5,82,415979.4206808509,20.544
416468.608049272,6,81,416489.152049272,20.544
416978.33941769303,7,80,416998.883417693,20.544
417488.0707861141,0,80,417508.6147861141,20.544
417997.80215453514,2,79,418018.34615453513,20.544
418507.5335229562,1,78,418528.0775229562,20.544
419017.26489137724,4,79,419037.80889137724,20.544
419526.9962597983,3,79,419547.5402597983,20.544
420036.72762821935,8,82,420057.27162821934,20.544
420546.4589966404,9,83,420567.0029966404,20.544
421056.19036506145,5,83,421076.73436506145,20.544
421565.9217334825,6,82,421586.4657334825,20.544
422075.65310190356,7,81,422096.19710190356,20.544
422585.3844703246,0,81,422605.9284703246,20.544
423095.11583874567,2,80,423115.65983874566,20.544
423604.8472071667,1,79,423625.3912071667,20.544
424114.5785755878,4,80,424135.12257558777,20.544
424624.3099440088,3,80,424644.8539440088,20.544
425134.0413124299,8,83,425154.5853124299,20.544
425643.77268085093,9,84,425664.3166808509,20.544
426153.504049272,5,84,426174.048049272,20.544
426663.23541769304,6,83,426683.77941769303,20.544
427172.9667861141,7,82,427193.5107861141,20.544
427682.69815453514,0,82,427703.24215453514,20.544
428192.4295229562,2,81,428212.9735229562,20.544
428702.16089137725,1,80,428722.70489137725,20.544
429211.8922597983,4,81,429232.4362597983,20.544
429721.62362821936,3,81,429742.16762821935,20.544
430231.3549966404,8,84,430251.8989966404,20.544
430741.08636506146,9,85,430761.63036506146,20.544
431250.8177334825,5,85,431271.3617334825,20.544
431760.54910190357,6,84,431781.09310190356,20.544
432270.2804703246,7,83,432290.8244703246,20.544
432780.0118387457,0,83,432800.55583874567,20.544
433289.7432071667,2,82,433310.2872071667,20.544
433799.4745755878,1,81,433820.0185755878,20.544
434309.20594400883,4,82,434329.7499440088,20.544
434818.9373124299,3,82,434839.4813124299,20.544
435328.66868085094,8,85,435349.21268085093,20.544
435838.400049272,9,86,435858.944049272,20.544
436348.13141769305,5,86,436368.67541769304,20.544
436857.8627861141,6,85,436878.4067861141,20.544
437367.59415453515,7,84,437388.13815453515,20.544
437877.3255229562,0,84,437897.8695229562,20.544
438387.05689137726,2,83,438407.60089137725,20.544
438896.7882597983,1,82,438917.3322597983,20.544
439406.51962821936,4,83,439427.06362821936,20.544
439916.2509966404,3,83,439936.7949966404,20.544
440425.98236506147,8,86,440446.52636506147,20.544
440935.7137334825,9,87,440956.2577334825,20.544
441445.4451019036,5,87,441465.9891019036,20.544
441955.17647032463,6,86,441975.7204703246,20.544
442464.9078387457,7,85,442485.4518387457,20.544
442974.63920716674,0,85,442995.18320716673,20.544
443484.3705755878,2,84,443504.9145755878,20.544
443994.10194400884,1,83,444014.64594400884,20.544
444503.8333124299,4,84,444524.3773124299,20.544
445013.56468085095,3,84,445034.10868085094,20.544
445523.296049272,8,87,445543.840049272,20.544
446033.02741769305,9,88,446053.57141769305,20.544
446542.7587861141,5,88,446563.3027861141,20.544
447052.49015453516,6,87,447073.03415453515,20.544
447562.2215229562,7,86,447582.7655229562,20.544
448071.95289137727,0,86,448092.49689137726,20.544
448581.6842597983,2,85,448602.2282597983,20.544
449091.4156282194,1,84,449111.95962821937,20.544
449601.1469966404,4,85,449621.6909966404,20.544
450110.8783650615,3,85,450131.4223650615,20.544
450620.60973348253,8,88,450641.1537334825,20.544
451130.3411019036,9,89,451150.8851019036,20.544
451640.07247032464,5,89,451660.61647032463,20.544
452149.8038387457,6,88,452170.3478387457,20.544
452659.53520716674,7,87,452680.07920716674,20.544
453169.2665755878,0,87,453189.8105755878,20.544
453678.99794400885,2,86,453699.54194400884,20.544
454188.7293124299,1,85,454209.2733124299,20.544
454698.46068085096,4,86,454719.00468085095,20.544
455208.192049272,3,86,455228.736049272,20.544
455717.92341769306,8,89,455738.46741769306,20.544
456227.6547861141,9,90,456248.1987861141,20.544
456737.38615453517,5,90,456757.93015453516,20.544
457247.1175229562,6,89,457267.6615229562,20.544
457756.8488913773,7,88,457777.39289137727,20.544
458266.5802597983,0,88,458287.1242597983,20.544
458776.3116282194,2,87,458796.8556282194,20.544
459286.04299664043,1,86,459306.5869966404,20.544
459795.7743650615,4,87,459816.3183650615,20.544
460305.50573348254,3,87,460326.04973348253,20.544
460815.2371019036,8,90,460835.7811019036,20.544
461324.96847032465,9,91,461345.51247032464,20.544
461834.6998387457,5,91,461855.2438387457,20.544
462344.43120716675,6,90,462364.97520716675,20.544
462854.1625755878,7,89,462874.7065755878,20.544
463363.89394400886,0,89,463384.43794400885,20.544
463873.6253124299,2,88,463894.1693124299,20.544
464383.35668085096,1,87,464403.90068085096,20.544
464893.088049272,4,88,464913.632049272,20.544
465402.81941769307,3,88,465423.36341769306,20.544
465912.5507861141,8,91,465933.0947861141,20.544
466422.2821545352,9,92,466442.82615453517,20.544
466932.01352295623,5,92,466952.5575229562,20.544
467441.7448913773,6,91,467462.2888913773,20.544
467951.47625979834,7,90,467972.02025979833,20.544
468461.2076282194,0,90,468481.7516282194,20.544
468970.93899664044,2,89,468991.48299664044,20.544
469480.6703650615,1,88,469501.2143650615,20.544
469990.40173348255,4,89,470010.94573348254,20.544
470500.1331019036,3,89,470520.6771019036,20.544
471009.86447032465,8,92,471030.40847032465,20.544
471519.5958387457,9,93,471540.1398387457,20.544
472029.32720716676,5,93,472049.87120716675,20.544
472539.0585755878,6,92,472559.6025755878,20.544
473048.78994400887,7,91,473069.33394400886,20.544
473558.5213124299,0,91,473579.0653124299,20.544
474068.252680851,2,90,474088.79668085097,20.544
474577.984049272,1,89,474598.528049272,20.544
475087.7154176931,4,90,475108.2594176931,20.544
475597.44678611413,3,90,475617.9907861141,20.544
476107.1781545352,8,93,476127.7221545352,20.544
476616.90952295624,9,94,476637.45352295623,20.544
477126.6408913773,5,94,477147.1848913773,20.544
477636.37225979834,6,93,477656.91625979834,20.544
478146.1036282194,7,92,478166.6476282194,20.544
478655.83499664045,0,92,478676.37899664044,20.544
479165.5663650615,2,91,479186.1103650615,20.544
479675.29773348256,1,90,479695.84173348255,20.544
480185.0291019036,4,91,480205.5731019036,20.544
480694.76047032466,3,91,480715.30447032466,20.544
481204.4918387457,8,94,481225.0358387457,20.544
481714.22320716677,9,95,481734.76720716676,20.544
482223.9545755878,5,95,482244.4985755878,20.544
482733.6859440089,6,94,482754.22994400887,20.544
483243.4173124299,7,93,483263.9613124299,20.544
483753.148680851,0,93,483773.692680851,20.544
484262.88004927203,2,92,484283.424049272,20.544
484772.6114176931,1,91,484793.1554176931,20.544
485282.34278611414,4,92,485302.88678611413,20.544
485792.0741545352,3,92,485812.6181545352,20.544
486301.80552295625,8,95,486322.34952295624,20.544
486811.5368913773,9,96,486832.0808913773,20.544
487321.26825979835,5,96,487341.81225979835,20.544
487830.9996282194,6,95,487851.5436282194,20.544
488340.73099664046,7,94,488361.27499664045,20.544
488850.4623650615,0,94,488871.0063650615,20.544
489360.19373348256,2,93,489380.73773348256,20.544
489869.9251019036,1,92,489890.4691019036,20.544
490379.65647032467,4,93,490400.20047032466,20.544
490889.3878387457,3,93,490909.9318387457,20.544
491399.1192071668,8,96,491419.66320716677,20.544
491908.8505755878,9,97,491929.3945755878,20.544
492418.5819440089,5,97,492439.1259440089,20.544
492928.31331242993,6,96,492948.85731242993,20.544
493438.044680851,7,95,493458.588680851,20.544
493947.77604927204,0,95,493968.32004927204,20.544
494457.5074176931,2,94,494478.0514176931,20.544
494967.23878611415,1,93,494987.78278611414,20.544
495476.9701545352,4,94,495497.5141545352,20.544
495986.70152295625,3,94,496007.24552295625,20.544
496496.4328913773,8,97,496516.9768913773,20.544
497006.16425979836,9,98,497026.70825979835,20.544
497515.8956282194,5,98,497536.4396282194,20.544
498025.62699664047,6,97,498046.17099664046,20.544
498535.3583650615,7,96,498555.9023650615,20.544
499045.0897334826,0,96,499065.63373348257,20.544
499554.8211019036,2,95,499575.3651019036,20.544
500064.5524703247,1,94,500085.0964703247,20.544
500574.28383874573,4,95,500594.8278387457,20.544
501084.0152071668,3,95,501104.5592071668,20.544
501593.74657558784,8,98,501614.29057558783,20.544
502103.4779440089,9,99,502124.0219440089,20.544
502613.20931242994,5,99,502633.75331242994,20.544
503122.940680851,6,98,503143.484680851,20.544
503632.67204927205,7,97,503653.21604927204,20.544
504142.4034176931,0,97,504162.9474176931,20.544
504652.13478611415,2,96,504672.67878611415,20.544
505161.8661545352,1,95,505182.4101545352,20.544
505671.59752295626,4,96,505692.14152295626,20.544
506181.3288913773,3,96,506201.8728913773,20.544
506691.06025979837,8,99,506711.60425979836,20.544
507200.7916282194,9,100,507221.3356282194,20.544
507710.5229966405,5,100,507731.06699664047,20.544
508220.2543650615,6,99,508240.7983650615,20.544
508729.9857334826,7,98,508750.5297334826,20.544
509239.71710190363,0,98,509260.2611019036,20.544
509749.4484703247,2,97,509769.9924703247,20.544
510259.17983874574,1,96,510279.72383874573,20.544
510768.9112071668,4,97,510789.4552071668,20.544
511278.64257558784,3,97,511299.18657558784,20.544
511788.3739440089,8,100,511808.9179440089,20.544
512298.10531242995,9,101,512318.64931242994,20.544
512807.836680851,5,101,512828.380680851,20.544
513317.56804927206,6,100,513338.11204927205,20.544
513827.2994176931,7,99,513847.8434176931,20.544
514337.03078611416,0,99,514357.57478611416,20.544
514846.7621545352,2,98,514867.3061545352,20.544
515356.49352295627,1,97,515377.03752295626,20.544
515866.2248913773,4,98,515886.7688913773,20.544
516375.9562597984,3,98,516396.50025979837,20.544
516885.6876282194,8,101,516906.2316282194,20.544
517395.4189966405,9,102,517415.9629966405,20.544
517905.15036506153,5,102,517925.6943650615,20.544
518414.8817334826,6,101,518435.4257334826,20.544
518924.61310190364,7,100,518945.15710190363,20.544
519434.3444703247,0,100,519454.8884703247,20.544
519944.07583874575,2,99,519964.61983874574,20.544
520453.8072071668,1,98,520474.3512071668,20.544
520963.53857558785,4,99,520984.08257558785,20.544
521473.2699440089,3,99,521493.8139440089,20.544
521983.00131242996,8,102,522003.54531242995,20.544
522492.732680851,9,103,522513.276680851,20.544
523002.46404927206,5,103,523023.00804927206,20.544
523512.1954176931,6,102,523532.7394176931,20.544
524021.92678611417,7,101,524042.47078611417,20.544
524531.6581545352,0,101,524552.2021545352,20.544
525041.3895229562,2,100,525061.9335229562,20.544
525551.1208913773,1,99,525571.6648913773,20.544
526060.8522597983,4,100,526081.3962597983,20.544
526570.5836282194,3,100,526591.1276282194,20.544
527080.3149966404,8,103,527100.8589966404,20.544
527590.0463650615,9,104,527610.5903650615,20.544
528099.7777334825,5,104,528120.3217334825,20.544
528609.5091019036,6,103,528630.0531019036,20.544
529119.2404703246,7,102,529139.7844703246,20.544
529628.9718387458,0,102,529649.5158387457,20.544
530138.7032071667,2,101,530159.2472071667,20.544
530648.4345755879,1,100,530668.9785755879,20.544
531158.1659440089,4,101,531178.7099440088,20.544
531667.89731243,3,101,531688.44131243,20.544
532177.628680851,8,104,532198.172680851,20.544
532687.3600492721,9,105,532707.9040492721,20.544
533197.0914176931,5,105,533217.6354176931,20.544
533706.8227861142,6,104,533727.3667861142,20.544
534216.5541545352,7,103,534237.0981545352,20.544
534726.2855229563,0,103,534746.8295229563,20.544
535236.0168913773,2,102,535256.5608913773,20.544
535745.7482597984,1,101,535766.2922597984,20.544
536255.4796282194,4,102,536276.0236282194,20.544
536765.2109966405,3,102,536785.7549966405,20.544
537274.9423650615,8,105,537295.4863650615,20.544
537784.6737334826,9,106,537805.2177334826,20.544
538294.4051019036,5,106,538314.9491019036,20.544
538804.1364703247,6,105,538824.6804703247,20.544
539313.8678387457,7,104,539334.4118387457,20.544
539823.5992071668,0,104,539844.1432071668,20.544
540333.3305755878,2,103,540353.8745755878,20.544
540843.0619440089,1,102,540863.6059440089,20.544
541352.7933124299,4,103,541373.3373124299,20.544
541862.524680851,3,103,541883.068680851,20.544
542372.256049272,8,106,542392.800049272,20.544
542881.9874176931,9,107,542902.5314176931,20.544
543391.7187861141,5,107,543412.2627861141,20.544
543901.4501545352,6,106,543921.9941545352,20.544
544411.1815229562,7,105,544431.7255229562,20.544
544920.9128913773,0,105,544941.4568913773,20.544
545430.6442597983,2,104,545451.1882597983,20.544
545940.3756282195,1,103,545960.9196282194,20.544
546450.1069966404,4,104,546470.6509966404,20.544
546959.8383650616,3,104,546980.3823650616,20.544
547469.5697334826,8,107,547490.1137334825,20.544
547979.3011019037,9,108,547999.8451019037,20.544
548489.0324703247,5,108,548509.5764703247,20.544
548998.7638387458,6,107,549019.3078387458,20.544
549508.4952071668,7,106,549529.0392071668,20.544
550018.2265755879,0,106,550038.7705755879,20.544
550527.9579440089,2,105,550548.5019440089,20.544
551037.68931243,1,104,551058.23331243,20.544
551547.420680851,4,105,551567.964680851,20.544
552057.1520492721,3,105,552077.6960492721,20.544
552566.8834176931,8,108,552587.4274176931,20.544
553076.6147861142,9,109,553097.1587861142,20.544
553586.3461545352,5,109,553606.8901545352,20.544
554096.0775229563,6,108,554116.6215229563,20.544
554605.8088913773,7,107,554626.3528913773,20.544
555115.5402597984,0,107,555136.0842597984,20.544
555625.2716282194,2,106,555645.8156282194,20.544
556135.0029966405,1,105,556155.5469966405,20.544
556644.7343650615,4,106,556665.2783650615,20.544
557154.4657334826,3,106,557175.0097334826,20.544
557664.1971019036,8,109,557684.7411019036,20.544
558173.9284703247,9,110,558194.4724703247,20.544
558683.6598387457,5,110,558704.2038387457,20.544
559193.3912071668,6,109,559213.9352071668,20.544
559703.1225755878,7,108,559723.6665755878,20.544
560212.8539440089,0,108,560233.3979440089,20.544
560722.5853124299,2,107,560743.1293124299,20.544
561232.316680851,1,106,561252.860680851,20.544
561742.048049272,4,107,561762.592049272,20.544
562251.7794176931,3,107,562272.3234176931,20.544
562761.5107861141,8,110,562782.0547861141,20.544
563271.2421545353,9,111,563291.7861545352,20.544
563780.9735229563,5,111,563801.5175229562,20.544
564290.7048913774,6,110,564311.2488913774,20.544
564800.4362597984,7,109,564820.9802597984,20.544
565310.1676282195,0,109,565330.7116282195,20.544
565819.8989966405,2,108,565840.4429966405,20.544
566329.6303650616,1,107,566350.1743650616,20.544
566839.3617334826,4,108,566859.9057334826,20.544
567349.0931019037,3,108,567369.6371019037,20.544
567858.8244703247,8,111,567879.3684703247,20.544
568368.5558387458,9,112,568389.0998387458,20.544
568878.2872071668,5,112,568898.8312071668,20.544
569388.0185755879,6,111,569408.5625755879,20.544
569897.7499440089,7,110,569918.2939440089,20.544
570407.48131243,0,110,570428.02531243,20.544
570917.212680851,2,109,570937.756680851,20.544
571426.9440492721,1,108,571447.4880492721,20.544
571936.6754176931,4,109,571957.2194176931,20.544
572446.4067861142,3,109,572466.9507861142,20.544
572956.1381545352,8,112,572976.6821545352,20.544
573465.8695229563,9,113,573486.4135229563,20.544
573975.6008913773,5,113,573996.1448913773,20.544
574485.3322597984,6,112,574505.8762597984,20.544
574995.0636282194,7,111,575015.6076282194,20.544
575504.7949966405,0,111,575525.3389966405,20.544
576014.5263650615,2,110,576035.0703650615,20.544
576524.2577334826,1,109,576544.8017334826,20.544
577033.9891019036,4,110,577054.5331019036,20.544
577543.7204703247,3,110,577564.2644703247,20.544
578053.4518387457,8,113,578073.9958387457,20.544
578563.1832071668,9,114,578583.7272071668,20.544
579072.9145755878,5,114,579093.4585755878,20.544
579582.645944009,6,113,579603.189944009,20.544
580092.37731243,7,112,580112.92131243,20.544
580602.1086808511,0,112,580622.652680851,20.544
581111.840049272,2,111,581132.384049272,20.544
581621.5714176932,1,110,581642.1154176932,20.544
582131.3027861142,4,111,582151.8467861142,20.544
582641.0341545353,3,111,582661.5781545353,20.544
583150.7655229563,8,114,583171.3095229563,20.544
583660.4968913774,9,115,583681.0408913774,20.544
584170.2282597984,5,115,584190.7722597984,20.544
584679.9596282195,6,114,584700.5036282195,20.544
585189.6909966405,7,113,585210.2349966405,20.544
585699.4223650616,0,113,585719.9663650616,20.544
586209.1537334826,2,112,586229.6977334826,20.544
586718.8851019037,1,111,586739.4291019037,20.544
587228.6164703247,4,112,587249.1604703247,20.544
587738.3478387458,3,112,587758.8918387458,20.544
588248.0792071668,8,115,588268.6232071668,20.544
588757.8105755879,9,116,588778.3545755879,20.544
589267.5419440089,5,116,589288.0859440089,20.544
589777.27331243,6,115,589797.81731243,20.544
590287.004680851,7,114,590307.548680851,20.544
590796.7360492721,0,114,590817.2800492721,20.544
591306.4674176931,2,113,591327.0114176931,20.544
591816.1987861142,1,112,591836.7427861142,20.544
592325.9301545352,4,113,592346.4741545352,20.544
592835.6615229563,3,113,592856.2055229563,20.544
593345.3928913773,8,116,593365.9368913773,20.544
593855.1242597984,9,117,593875.6682597984,20.544
594364.8556282194,5,117,594385.3996282194,20.544
594874.5869966405,6,116,594895.1309966405,20.544
595384.3183650615,7,115,595404.8623650615,20.544
595894.0497334827,0,115,595914.5937334826,20.544
596403.7811019036,2,114,596424.3251019036,20.544
596913.5124703248,1,113,596934.0564703248,20.544
597423.2438387458,4,114,597443.7878387457,20.544
597932.9752071669,3,114,597953.5192071669,20.544
598442.7065755879,8,117,598463.2505755879,20.544
598952.437944009,9,118,598972.981944009,20.544
599462.16931243,5,118,599482.71331243,20.544
599971.9006808511,6,117,599992.4446808511,20.544
600481.6320492721,7,116,600502.1760492721,20.544
600991.3634176932,0,116,601011.9074176932,20.544
601501.0947861142,2,115,601521.6387861142,20.544
602010.8261545353,1,114,602031.3701545353,20.544
602520.5575229563,4,115,602541.1015229563,20.544
603030.2888913774,3,115,603050.8328913774,20.544
603540.0202597984,8,118,603560.5642597984,20.544
604049.7516282195,9,119,604070.2956282195,20.544
604559.4829966405,5,119,604580.0269966405,20.544
605069.2143650616,6,118,605089.7583650616,20.544
605578.9457334826,7,117,605599.4897334826,20.544
606088.6771019037,0,117,606109.2211019037,20.544
606598.4084703247,2,116,606618.9524703247,20.544
607108.1398387458,1,115,607128.6838387458,20.544
607617.8712071668,4,116,607638.4152071668,20.544
608127.6025755879,3,116,608148.1465755879,20.544
608637.3339440089,8,119,608657.8779440089,20.544
609147.06531243,9,120,609167.60931243,20.544
609656.796680851,5,120,609677.340680851,20.544
610166.5280492721,6,119,610187.0720492721,20.544
610676.2594176931,7,118,610696.8034176931,20.544
611185.9907861142,0,118,611206.5347861142,20.544
611695.7221545352,2,117,611716.2661545352,20.544
612205.4535229563,1,116,612225.9975229563,20.544
612715.1848913773,4,117,612735.7288913773,20.544
613224.9162597985,3,117,613245.4602597984,20.544
613734.6476282194,8,120,613755.1916282194,20.544
614244.3789966406,9,121,614264.9229966406,20.544
614754.1103650616,5,121,614774.6543650615,20.544
615263.8417334827,6,120,615284.3857334827,20.544
615773.5731019037,7,119,615794.1171019037,20.544
616283.3044703248,0,119,616303.8484703248,20.544
616793.0358387458,2,118,616813.5798387458,20.544
617302.7672071669,1,117,617323.3112071669,20.544
617812.4985755879,4,118,617833.0425755879,20.544
618322.229944009,3,118,618342.773944009,20.544
618831.96131243,8,121,618852.50531243,20.544
619341.6926808511,9,122,619362.2366808511,20.544
619851.4240492721,5,122,619871.9680492721,20.544
620361.1554176932,6,121,620381.6994176932,20.544
620870.8867861142,7,120,620891.4307861142,20.544
621380.6181545353,0,120,621401.1621545353,20.544
621890.3495229563,2,119,621910.8935229563,20.544
622400.0808913774,1,118,622420.6248913774,20.544
622909.8122597984,4,119,622930.3562597984,20.544
623419.5436282195,3,119,623440.0876282195,20.544
623929.2749966405,8,122,623949.8189966405,20.544
624439.0063650616,9,123,624459.5503650616,20.544
624948.7377334826,5,123,624969.2817334826,20.544
625458.4691019037,6,122,625479.0131019037,20.544
625968.2004703247,7,121,625988.7444703247,20.544
626477.9318387458,0,121,626498.4758387458,20.544
626987.6632071668,2,120,627008.2072071668,20.544
627497.3945755879,1,119,627517.9385755879,20.544
628007.1259440089,4,120,628027.6699440089,20.544
628516.85731243,3,120,628537.40131243,20.544
629026.588680851,8,123,629047.132680851,20.544
629536.3200492722,9,124,629556.8640492721,20.544
630046.0514176931,5,124,630066.5954176931,20.544
630555.7827861143,6,123,630576.3267861143,20.544
631065.5141545353,7,122,631086.0581545352,20.544
631575.2455229564,0,122,631595.7895229564,20.544
632084.9768913774,2,121,632105.5208913774,20.544
632594.7082597985,1,120,632615.2522597985,20.544
633104.4396282195,4,121,633124.9836282195,20.544
633614.1709966406,3,121,633634.7149966406,20.544
634123.9023650616,8,124,634144.4463650616,20.544
634633.6337334827,9,125,634654.1777334827,20.544
635143.3651019037,5,125,635163.9091019037,20.544
635653.0964703248,6,124,635673.6404703248,20.544
636162.8278387458,7,123,636183.3718387458,20.544
636672.5592071669,0,123,636693.1032071669,20.544
637182.2905755879,2,122,637202.8345755879,20.544
637692.021944009,1,121,637712.565944009,20.544
638201.75331243,4,122,638222.29731243,20.544
638711.4846808511,3,122,638732.0286808511,20.544
639221.2160492721,8,125,639241.7600492721,20.544
639730.9474176932,9,126,639751.4914176932,20.544
640240.6787861142,5,126,640261.2227861142,20.544
640750.4101545353,6,125,640770.9541545353,20.544
641260.1415229563,7,124,641280.6855229563,20.544
641769.8728913774,0,124,641790.4168913774,20.544
642279.6042597984,2,123,642300.1482597984,20.544
642789.3356282195,1,122,642809.8796282195,20.544
643299.0669966405,4,123,643319.6109966405,20.544
643808.7983650616,3,123,643829.3423650616,20.544
644318.5297334826,8,126,644339.0737334826,20.544
644828.2611019037,9,127,644848.8051019037,20.544
645337.9924703247,5,127,645358.5364703247,20.544
645847.7238387458,6,126,645868.2678387458,20.544
646357.4552071668,7,125,646377.9992071668,20.544
646867.186575588,0,125,646887.730575588,20.544
647376.917944009,2,124,647397.461944009,20.544
647886.6493124301,1,123,647907.19331243,20.544
648396.380680851,4,124,648416.924680851,20.544
648906.1120492722,3,124,648926.6560492722,20.544
649415.8434176932,8,127,649436.3874176932,20.544
649925.5747861143,9,128,649946.1187861143,20.544
650435.3061545353,5,128,650455.8501545353,20.544
650945.0375229564,6,127,650965.5815229564,20.544
651454.7688913774,7,126,651475.3128913774,20.544
651964.5002597985,0,126,651985.0442597985,20.544
652474.2316282195,2,125,652494.7756282195,20.544
652983.9629966406,1,124,653004.5069966406,20.544
653493.6943650616,4,125,653514.2383650616,20.544
654003.4257334827,3,125,654023.9697334827,20.544
654513.1571019037,8,128,654533.7011019037,20.544
655022.8884703248,9,129,655043.4324703248,20.544
655532.6198387458,5,129,655553.1638387458,20.544
656042.3512071669,6,128,656062.8952071669,20.544
656552.0825755879,7,127,656572.6265755879,20.544
657061.813944009,0,127,657082.357944009,20.544
657571.54531243,2,126,657592.08931243,20.544
658081.2766808511,1,125,658101.8206808511,20.544
658591.0080492721,4,126,658611.5520492721,20.544
659100.7394176932,3,126,659121.2834176932,20.544
659610.4707861142,8,129,659631.0147861142,20.544
660120.2021545353,9,130,660140.7461545353,20.544
660629.9335229563,5,130,660650.4775229563,20.544
661139.6648913774,6,129,661160.2088913774,20.544
661649.3962597984,7,128,661669.9402597984,20.544
662159.1276282195,0,128,662179.6716282195,20.544
662668.8589966405,2,127,662689.4029966405,20.544
663178.5903650617,1,126,663199.1343650616,20.544
663688.3217334826,4,127,663708.8657334826,20.544
664198.0531019038,3,127,664218.5971019038,20.544
664707.7844703248,8,130,664728.3284703247,20.544
665217.5158387459,9,131,665238.0598387459,20.544
665727.2472071669,5,131,665747.7912071669,20.544
666236.978575588,6,130,666257.522575588,20.544
666746.709944009,7,129,666767.253944009,20.544
667256.4413124301,0,129,667276.9853124301,20.544
667766.1726808511,2,128,667786.7166808511,20.544
668275.9040492722,1,127,668296.4480492722,20.544
668785.6354176932,4,128,668806.1794176932,20.544
669295.3667861143,3,128,669315.9107861143,20.544
669805.0981545353,8,131,669825.6421545353,20.544
670314.8295229564,9,132,670335.3735229564,20.544
670824.5608913774,5,132,670845.1048913774,20.544
671334.2922597985,6,131,671354.8362597985,20.544
671844.0236282195,7,130,671864.5676282195,20.544
672353.7549966406,0,130,672374.2989966406,20.544
672863.4863650616,2,129,672884.0303650616,20.544
673373.2177334827,1,128,673393.7617334827,20.544
673882.9491019037,4,129,673903.4931019037,20.544
674392.6804703248,3,129,674413.2244703248,20.544
674902.4118387458,8,132,674922.9558387458,20.544
675412.1432071669,9,133,675432.6872071669,20.544
675921.8745755879,5,133,675942.4185755879,20.544
676431.605944009,6,132,676452.149944009,20.544
676941.33731243,7,131,676961.88131243,20.544
677451.0686808511,0,131,677471.6126808511,20.544
677960.8000492721,2,130,677981.3440492721,20.544
678470.5314176932,1,129,678491.0754176932,20.544
678980.2627861142,4,130,679000.8067861142,20.544
679489.9941545354,3,130,679510.5381545353,20.544
679999.7255229563,8,133,680020.2695229563,20.544
680509.4568913775,9,134,680530.0008913775,20.544
681019.1882597985,5,134,681039.7322597984,20.544
681528.9196282196,6,133,681549.4636282196,20.544
682038.6509966406,7,132,682059.1949966406,20.544
682548.3823650617,0,132,682568.9263650617,20.544
683058.1137334827,2,131,683078.6577334827,20.544
683567.8451019038,1,130,683588.3891019038,20.544
684077.5764703248,4,131,684098.1204703248,20.544
684587.3078387459,3,131,684607.8518387459,20.544
685097.0392071669,8,134,685117.5832071669,20.544
685606.770575588,9,135,685627.314575588,20.544
686116.501944009,5,135,686137.045944009,20.544
686626.2333124301,6,134,686646.7773124301,20.544
687135.9646808511,7,133,687156.5086808511,20.544
687645.6960492722,0,133,687666.2400492722,20.544
688155.4274176932,2,132,688175.9714176932,20.544
688665.1587861143,1,131,688685.7027861143,20.544
689174.8901545353,4,132,689195.4341545353,20.544
689684.6215229564,3,132,689705.1655229564,20.544
690194.3528913774,8,135,690214.8968913774,20.544
690704.0842597985,9,136,690724.6282597985,20.544
691213.8156282195,5,136,691234.3596282195,20.544
691723.5469966406,6,135,691744.0909966406,20.544
692233.2783650616,7,134,692253.8223650616,20.544
692743.0097334827,0,134,692763.5537334827,20.544
693252.7411019037,2,133,693273.2851019037,20.544
693762.4724703248,1,132,693783.0164703248,20.544
694272.2038387458,4,133,694292.7478387458,20.544
694781.935207167,3,133,694802.4792071669,20.544
695291.6665755879,8,136,695312.2105755879,20.544
695801.397944009,9,137,695821.941944009,20.544
696311.12931243,5,137,696331.67331243,20.544
696820.8606808512,6,136,696841.4046808511,20.544
697330.5920492721,7,135,697351.1360492721,20.544
697840.3234176933,0,135,697860.8674176933,20.544
698350.0547861143,2,134,698370.5987861142,20.544
698859.7861545354,1,133,698880.3301545354,20.544
699369.5175229564,4,134,699390.0615229564,20.544
699879.2488913775,3,134,699899.7928913775,20.544
700388.9802597985,8,137,700409.5242597985,20.544
700898.7116282196,9,138,700919.2556282196,20.544
701408.4429966406,5,138,701428.9869966406,20.544
701918.1743650617,6,137,701938.7183650617,20.544
702427.9057334827,7,136,702448.4497334827,20.544
702937.6371019038,0,136,702958.1811019038,20.544
703447.3684703248,2,135,703467.9124703248,20.544
703957.0998387459,1,134,703977.6438387459,20.544
704466.8312071669,4,135,704487.3752071669,20.544
704976.562575588,3,135,704997.106575588,20.544
705486.293944009,8,138,705506.837944009,20.544
705996.0253124301,9,139,706016.5693124301,20.544
706505.7566808511,5,139,706526.3006808511,20.544
707015.4880492722,6,138,707036.0320492722,20.544
707525.2194176932,7,137,707545.7634176932,20.544
708034.9507861143,0,137,708055.4947861143,20.544
708544.6821545353,2,136,708565.2261545353,20.544
709054.4135229564,1,135,709074.9575229564,20.544
709564.1448913774,4,136,709584.6888913774,20.544
710073.8762597985,3,136,710094.4202597985,20.544
710583.6076282195,8,139,710604.1516282195,20.544
711093.3389966406,9,140,711113.8829966406,20.544
711603.0703650616,5,140,711623.6143650616,20.544
712112.8017334827,6,139,712133.3457334827,20.544
712622.5331019037,7,138,712643.0771019037,20.544
713132.2644703249,0,138,713152.8084703248,20.544
713641.9958387458,2,137,713662.5398387458,20.544
714151.727207167,1,136,714172.271207167,20.544
714661.458575588,4,137,714682.002575588,20.544
715171.1899440091,3,137,715191.733944009,20.544
715680.9213124301,8,140,715701.46531243,20.544
716190.6526808512,9,141,716211.1966808512,20.544
716700.3840492722,5,141,716720.9280492722,20.544
717210.1154176933,6,140,717230.6594176933,20.544
717719.8467861143,7,139,717740.3907861143,20.544
718229.5781545354,0,139,718250.1221545354,20.544
718739.3095229564,2,138,718759.8535229564,20.544
719249.0408913775,1,137,719269.5848913775,20.544
719758.7722597985,4,138,719779.3162597985,20.544
720268.5036282196,3,138,720289.0476282196,20.544
720778.2349966406,8,141,720798.7789966406,20.544
721287.9663650617,9,142,721308.5103650617,20.544
721797.6977334827,5,142,721818.2417334827,20.544
722307.4291019038,6,141,722327.9731019038,20.544
722817.1604703248,7,140,722837.7044703248,20.544
723326.8918387459,0,140,723347.4358387459,20.544
723836.6232071669,2,139,723857.1672071669,20.544
724346.354575588,1,138,724366.898575588,20.544
724856.085944009,4,139,724876.629944009,20.544
725365.8173124301,3,139,725386.3613124301,20.544
725875.5486808511,8,142,725896.0926808511,20.544
726385.2800492722,9,143,726405.8240492722,20.544
726895.0114176932,5,143,726915.5554176932,20.544
727404.7427861143,6,142,727425.2867861143,20.544
727914.4741545353,7,141,727935.0181545353,20.544
728424.2055229564,0,141,728444.7495229564,20.544
728933.9368913774,2,140,728954.4808913774,20.544
729443.6682597985,1,139,729464.2122597985,20.544
729953.3996282195,4,140,729973.9436282195,20.544
730463.1309966407,3,140,730483.6749966406,20.544
730972.8623650617,8,143,730993.4063650616,20.544
731482.5937334828,9,144,731503.1377334828,20.544
731992.3251019038,5,144,732012.8691019038,20.544
732502.0564703249,6,143,732522.6004703249,20.544
733011.7878387459,7,142,733032.3318387459,20.544
733521.519207167,0,142,733542.063207167,20.544
734031.250575588,2,141,734051.794575588,20.544
734540.9819440091,1,140,734561.5259440091,20.544
735050.7133124301,4,141,735071.2573124301,20.544
735560.4446808512,3,141,735580.9886808512,20.544
736070.1760492722,8,144,736090.7200492722,20.544
736579.9074176933,9,145,736600.4514176933,20.544
737089.6387861143,5,145,737110.1827861143,20.544
737599.3701545354,6,144,737619.9141545354,20.544
738109.1015229564,7,143,738129.6455229564,20.544
738618.8328913775,0,143,738639.3768913775,20.544
739128.5642597985,2,142,739149.1082597985,20.544
739638.2956282196,1,141,739658.8396282196,20.544
740148.0269966406,4,142,740168.5709966406,20.544
740657.7583650617,3,142,740678.3023650617,20.544
741167.4897334827,8,145,741188.0337334827,20.544
741677.2211019038,9,146,741697.7651019038,20.544
742186.9524703248,5,146,742207.4964703248,20.544
742696.6838387459,6,145,742717.2278387459,20.544
743206.4152071669,7,144,743226.9592071669,20.544
743716.146575588,0,144,743736.690575588,20.544
744225.877944009,2,143,744246.421944009,20.544
744735.6093124301,1,142,744756.1533124301,20.544
745245.3406808511,4,143,745265.8846808511,20.544
745755.0720492722,3,143,745775.6160492722,20.544
746264.8034176932,8,146,746285.3474176932,20.544
746774.5347861144,9,147,746795.0787861143,20.544
747284.2661545353,5,147,747304.8101545353,20.544
747793.9975229565,6,146,747814.5415229565,20.544
748303.7288913775,7,145,748324.2728913774,20.544
748813.4602597986,0,145,748834.0042597986,20.544
749323.1916282196,2,144,749343.7356282196,20.544
749832.9229966407,1,143,749853.4669966407,20.544
750342.6543650617,4,144,750363.1983650617,20.544
750852.3857334828,3,144,750872.9297334828,20.544
751362.1171019038,8,147,751382.6611019038,20.544
751871.8484703249,9,148,751892.3924703249,20.544
752381.5798387459,5,148,752402.1238387459,20.544
752891.311207167,6,147,752911.855207167,20.544
753401.042575588,7,146,753421.586575588,20.544
753910.7739440091,0,146,753931.3179440091,20.544
754420.5053124301,2,145,754441.0493124301,20.544
754930.2366808512,1,144,754950.7806808512,20.544
755439.9680492722,4,145,755460.5120492722,20.544
755949.6994176933,3,145,755970.2434176933,20.544
756459.4307861143,8,148,756479.9747861143,20.544
756969.1621545354,9,149,756989.7061545354,20.544
757478.8935229564,5,149,757499.4375229564,20.544
757988.6248913775,6,148,758009.1688913775,20.544
758498.3562597985,7,147,758518.9002597985,20.544
759008.0876282196,0,147,759028.6316282196,20.544
759517.8189966406,2,146,759538.3629966406,20.544
760027.5503650617,1,145,760048.0943650617,20.544
760537.2817334827,4,146,760557.8257334827,20.544
761047.0131019038,3,146,761067.5571019038,20.544
761556.7444703248,8,149,761577.2884703248,20.544
762066.475838746,9,150,762087.0198387459,20.544
762576.2072071669,5,150,762596.7512071669,20.544
763085.938575588,6,149,763106.482575588,20.544
763595.669944009,7,148,763616.213944009,20.544
764105.4013124302,0,148,764125.9453124302,20.544
764615.1326808512,2,147,764635.6766808511,20.544
765124.8640492723,1,146,765145.4080492723,20.544
765634.5954176933,4,147,765655.1394176933,20.544
766144.3267861144,3,147,766164.8707861144,20.544
766654.0581545354,8,150,766674.6021545354,20.544
767163.7895229565,9,151,767184.3335229565,20.544
767673.5208913775,5,151,767694.0648913775,20.544
768183.2522597986,6,150,768203.7962597986,20.544
768692.9836282196,7,149,768713.5276282196,20.544
769202.7149966407,0,149,769223.2589966407,20.544
769712.4463650617,2,148,769732.9903650617,20.544
770222.1777334828,1,147,770242.7217334828,20.544
770731.9091019038,4,148,770752.4531019038,20.544
771241.6404703249,3,148,771262.1844703249,20.544
771751.3718387459,8,151,771771.9158387459,20.544
772261.103207167,9,152,772281.647207167,20.544
772770.834575588,5,152,772791.378575588,20.544
773280.5659440091,6,151,773301.1099440091,20.544
773790.2973124301,7,150,773810.8413124301,20.544
774300.0286808512,0,150,774320.5726808512,20.544
774809.7600492722,2,149,774830.3040492722,20.544
775319.4914176933,1,148,775340.0354176933,20.544
775829.2227861143,4,149,775849.7667861143,20.544
776338.9541545354,3,149,776359.4981545354,20.544
776848.6855229564,8,152,776869.2295229564,20.544
777358.4168913775,9,153,777378.9608913775,20.544
777868.1482597985,5,153,777888.6922597985,20.544
778377.8796282196,6,152,778398.4236282196,20.544
778887.6109966406,7,151,778908.1549966406,20.544
779397.3423650617,0,151,779417.8863650617,20.544
779907.0737334827,2,150,779927.6177334827,20.544
780416.8051019039,1,149,780437.3491019038,20.544
780926.5364703248,4,150,780947.0804703248,20.544
781436.267838746,3,150,781456.811838746,20.544
781945.999207167,8,153,781966.543207167,20.544
782455.7305755881,9,154,782476.2745755881,20.544
782965.4619440091,5,154,782986.005944009,20.544
783475.1933124302,6,153,783495.7373124302,20.544
783984.9246808512,7,152,784005.4686808512,20.544
784494.6560492723,0,152,784515.2000492723,20.544
785004.3874176933,2,151,785024.9314176933,20.544
785514.1187861144,1,150,785534.6627861144,20.544
786023.8501545354,4,151,786044.3941545354,20.544
786533.5815229565,3,151,786554.1255229565,20.544
787043.3128913775,8,154,787063.8568913775,20.544
787553.0442597986,9,155,787573.5882597986,20.544
788062.7756282196,5,155,788083.3196282196,20.544
788572.5069966407,6,154,788593.0509966407,20.544
789082.2383650617,7,153,789102.7823650617,20.544
789591.9697334828,0,153,789612.5137334828,20.544
790101.7011019038,2,152,790122.2451019038,20.544
790611.4324703249,1,151,790631.9764703249,20.544
791121.1638387459,4,152,791141.7078387459,20.544
791630.895207167,3,152,791651.439207167,20.544
792140.626575588,8,155,792161.170575588,20.544
792650.3579440091,9,156,792670.9019440091,20.544
793160.0893124301,5,156,793180.6333124301,20.544
793669.8206808512,6,155,793690.3646808512,20.544
794179.5520492722,7,154,794200.0960492722,20.544
794689.2834176933,0,154,794709.8274176933,20.544
795199.0147861143,2,153,795219.5587861143,20.544
795708.7461545354,1,152,795729.2901545354,20.544
796218.4775229564,4,153,796239.0215229564,20.544
796728.2088913776,3,153,796748.7528913775,20.544
797237.9402597985,8,156,797258.4842597985,20.544
797747.6716282197,9,157,797768.2156282197,20.544
798257.4029966407,5,157,798277.9469966406,20.544
798767.1343650618,6,156,798787.6783650618,20.544
799276.8657334828,7,155,799297.4097334828,20.544
799786.5971019039,0,155,799807.1411019039,20.544
800296.3284703249,2,154,800316.8724703249,20.544
800806.059838746,1,153,800826.603838746,20.544
801315.791207167,4,154,801336.335207167,20.544
801825.5225755881,3,154,801846.0665755881,20.544
802335.2539440091,8,157,802355.7979440091,20.544
802844.9853124302,9,158,802865.5293124302,20.544
803354.7166808512,5,158,803375.2606808512,20.544
803864.4480492723,6,157,803884.9920492723,20.544
804374.1794176933,7,156,804394.7234176933,20.544
804883.9107861144,0,156,804904.4547861144,20.544
805393.6421545354,2,155,805414.1861545354,20.544
805903.3735229565,1,154,805923.9175229565,20.544
806413.1048913775,4,155,806433.6488913775,20.544
806922.8362597986,3,155,806943.3802597986,20.544
807432.5676282196,8,158,807453.1116282196,20.544
807942.2989966407,9,159,807962.8429966407,20.544
808452.0303650617,5,159,808472.5743650617,20.544
808961.7617334828,6,158,808982.3057334828,20.544
809471.4931019038,7,157,809492.0371019038,20.544
809981.2244703249,0,157,810001.7684703249,20.544
810490.9558387459,2,156,810511.4998387459,20.544
811000.687207167,1,155,811021.231207167,20.544
811510.418575588,4,156,811530.962575588,20.544
812020.1499440091,3,156,812040.6939440091,20.544
812529.8813124301,8,159,812550.4253124301,20.544
813039.6126808512,9,160,813060.1566808512,20.544
813549.3440492722,5,160,813569.8880492722,20.544
814059.0754176934,6,159,814079.6194176933,20.544
814568.8067861143,7,158,814589.3507861143,20.544
815078.5381545355,0,158,815099.0821545355,20.544
815588.2695229565,2,157,815608.8135229565,20.544
816098.0008913776,1,156,816118.5448913776,20.544
816607.7322597986,4,157,816628.2762597986,20.544
817117.4636282197,3,157,817138.0076282197,20.544
817627.1949966407,8,160,817647.7389966407,20.544
818136.9263650618,9,161,818157.4703650618,20.544
818646.6577334828,5,161,818667.2017334828,20.544
819156.3891019039,6,160,819176.9331019039,20.544
819666.1204703249,7,159,819686.6644703249,20.544
820175.851838746,0,159,820196.395838746,20.544
820685.583207167,2,158,820706.127207167,20.544
821195.3145755881,1,157,821215.8585755881,20.544
821705.0459440091,4,158,821725.5899440091,20.544
822214.7773124302,3,158,822235.3213124302,20.544
822724.5086808512,8,161,822745.0526808512,20.544
823234.2400492723,9,162,823254.7840492723,20.544
823743.9714176933,5,162,823764.5154176933,20.544
824253.7027861144,6,161,824274.2467861144,20.544
824763.4341545354,7,160,824783.9781545354,20.544
825273.1655229565,0,160,825293.7095229565,20.544
825782.8968913775,2,159,825803.4408913775,20.544
826292.6282597986,1,158,826313.1722597986,20.544
826802.3596282196,4,159,826822.9036282196,20.544
827312.0909966407,3,159,827332.6349966407,20.544
827821.8223650617,8,162,827842.3663650617,20.544
828331.5537334828,9,163,828352.0977334828,20.544
828841.2851019038,5,163,828861.8291019038,20.544
829351.016470325,6,162,829371.5604703249,20.544
829860.7478387459,7,161,829881.2918387459,20.544
830370.479207167,0,161,830391.023207167,20.544
830880.210575588,2,160,830900.754575588,20.544
831389.9419440092,1,159,831410.4859440092,20.544
831899.6733124302,4,160,831920.2173124301,20.544
832409.4046808513,3,160,832429.9486808513,20.544
832919.1360492723,8,163,832939.6800492723,20.544
833428.8674176934,9,164,833449.4114176934,20.544
833938.5987861144,5,164,833959.1427861144,20.544
834448.3301545355,6,163,834468.8741545355,20.544
834958.0615229565,7,162,834978.6055229565,20.544
835467.7928913776,0,162,835488.3368913776,20.544
835977.5242597986,2,161,835998.0682597986,20.544
836487.2556282197,1,160,836507.7996282197,20.544
836996.9869966407,4,161,837017.5309966407,20.544
837506.7183650618,3,161,837527.2623650618,20.544
838016.4497334828,8,164,838036.9937334828,20.544
838526.1811019039,9,165,838546.7251019039,20.544
839035.9124703249,5,165,839056.4564703249,20.544
839545.643838746,6,164,839566.187838746,20.544
840055.375207167,7,163,840075.919207167,20.544
840565.1065755881,0,163,840585.6505755881,20.544
841074.8379440091,2,162,841095.3819440091,20.544
841584.5693124302,1,161,841605.1133124302,20.544
842094.3006808512,4,162,842114.8446808512,20.544
842604.0320492723,3,162,842624.5760492723,20.544
843113.7634176933,8,165,843134.3074176933,20.544
843623.4947861144,9,166,843644.0387861144,20.544
844133.2261545354,5,166,844153.7701545354,20.544
844642.9575229565,6,165,844663.5015229565,20.544
845152.6888913775,7,164,845173.2328913775,20.544
845662.4202597986,0,164,845682.9642597986,20.544
846172.1516282196,2,163,846192.6956282196,20.544
846681.8829966408,1,162,846702.4269966407,20.544
847191.6143650617,4,163,847212.1583650617,20.544
847701.3457334829,3,163,847721.8897334829,20.544
848211.0771019039,8,166,848231.6211019038,20.544
848720.808470325,9,167,848741.352470325,20.544
849230.539838746,5,167,849251.083838746,20.544
849740.2712071671,6,166,849760.8152071671,20.544
850250.0025755881,7,165,850270.546575588,20.544
850759.7339440092,0,165,850780.2779440092,20.544
851269.4653124302,2,164,851290.0093124302,20.544
851779.1966808513,1,163,851799.7406808513,20.544
852288.9280492723,4,164,852309.4720492723,20.544
852798.6594176934,3,164,852819.2034176934,20.544
853308.3907861144,8,167,853328.9347861144,20.544
853818.1221545355,9,168,853838.6661545355,20.544
854327.8535229565,5,168,854348.3975229565,20.544
854837.5848913776,6,167,854858.1288913776,20.544
855347.3162597986,7,166,855367.8602597986,20.544
855857.0476282197,0,166,855877.5916282197,20.544
856366.7789966407,2,165,856387.3229966407,20.544
856876.5103650618,1,164,856897.0543650618,20.544
857386.2417334828,4,165,857406.7857334828,20.544
857895.9731019039,3,165,857916.5171019039,20.544
858405.7044703249,8,168,858426.2484703249,20.544
858915.435838746,9,169,858935.979838746,20.544
859425.167207167,5,169,859445.711207167,20.544
859934.8985755881,6,168,859955.4425755881,20.544
860444.6299440091,7,167,860465.1739440091,20.544
860954.3613124302,0,167,860974.9053124302,20.544
861464.0926808512,2,166,861484.6366808512,20.544
861973.8240492723,1,165,861994.3680492723,20.544
862483.5554176933,4,166,862504.0994176933,20.544
862993.2867861144,3,166,863013.8307861144,20.544
863503.0181545354,8,169,863523.5621545354,20.544
864012.7495229566,9,170,864033.2935229565,20.544
864522.4808913775,5,170,864543.0248913775,20.544
865032.2122597987,6,169,865052.7562597987,20.544
865541.9436282197,7,168,865562.4876282196,20.544
866051.6749966408,0,168,866072.2189966408,20.544
866561.4063650618,2,167,866581.9503650618,20.544
867071.1377334829,1,166,867091.6817334829,20.544
867580.8691019039,4,167,867601.4131019039,20.544
868090.600470325,3,167,868111.144470325,20.544
868600.331838746,8,170,868620.875838746,20.544
869110.0632071671,9,171,869130.6072071671,20.544
869619.7945755881,5,171,869640.3385755881,20.544
870129.5259440092,6,170,870150.0699440092,20.544
870639.2573124302,7,169,870659.8013124302,20.544
871148.9886808513,0,169,871169.5326808513,20.544
871658.7200492723,2,168,871679.2640492723,20.544
872168.4514176934,1,167,872188.9954176934,20.544
872678.1827861144,4,168,872698.7267861144,20.544
873187.9141545355,3,168,873208.4581545355,20.544
873697.6455229565,8,171,873718.1895229565,20.544
874207.3768913776,9,172,874227.9208913776,20.544
874717.1082597986,5,172,874737.6522597986,20.544
875226.8396282197,6,171,875247.3836282197,20.544
875736.5709966407,7,170,875757.1149966407,20.544
876246.3023650618,0,170,876266.8463650618,20.544
876756.0337334828,2,169,876776.5777334828,20.544
877265.7651019039,1,168,877286.3091019039,20.544
877775.4964703249,4,169,877796.0404703249,20.544
878285.227838746,3,169,878305.771838746,20.544
878794.959207167,8,172,878815.503207167,20.544
879304.6905755881,9,173,879325.2345755881,20.544
879814.4219440091,5,173,879834.9659440091,20.544
880324.1533124303,6,172,880344.6973124302,20.544
880833.8846808512,7,171,880854.4286808512,20.544
881343.6160492724,0,171,881364.1600492724,20.544
881853.3474176934,2,170,881873.8914176933,20.544
882363.0787861145,1,169,882383.6227861145,20.544
882872.8101545355,4,170,882893.3541545355,20.544
883382.5415229566,3,170,883403.0855229566,20.544
883892.2728913776,8,173,883912.8168913776,20.544
884402.0042597987,9,174,884422.5482597987,20.544
884911.7356282197,5,174,884932.2796282197,20.544
885421.4669966408,6,173,885442.0109966408,20.544
885931.1983650618,7,172,885951.7423650618,20.544
886440.9297334829,0,172,886461.4737334829,20.544
886950.6611019039,2,171,886971.2051019039,20.544
887460.392470325,1,170,887480.936470325,20.544
887970.123838746,4,171,887990.667838746,20.544
888479.8552071671,3,171,888500.3992071671,20.544
888989.5865755881,8,174,889010.1305755881,20.544
889499.3179440092,9,175,889519.8619440092,20.544
890009.0493124302,5,175,890029.5933124302,20.544
890518.7806808513,6,174,890539.3246808513,20.544
891028.5120492723,7,173,891049.0560492723,20.544
891538.2434176934,0,173,891558.7874176934,20.544
892047.9747861144,2,172,892068.5187861144,20.544
892557.7061545355,1,171,892578.2501545355,20.544
893067.4375229565,4,172,893087.9815229565,20.544
893577.1688913776,3,172,893597.7128913776,20.544
894086.9002597986,8,175,894107.4442597986,20.544
894596.6316282197,9,176,894617.1756282197,20.544
895106.3629966407,5,176,895126.9069966407,20.544
895616.0943650618,6,175,895636.6383650618,20.544
896125.8257334828,7,174,896146.3697334828,20.544
896635.557101904,0,174,896656.101101904,20.544
897145.288470325,2,173,897165.8324703249,20.544
897655.019838746,1,172,897675.563838746,20.544
898164.751207167,4,173,898185.295207167,20.544
898674.4825755882,3,173,898695.0265755882,20.544
899184.2139440092,8,176,899204.7579440092,20.544
899693.9453124303,9,177,899714.4893124303,20.544
