time,oscillator_id,send_count,cycle_index,phase_ms,selected_run_index,selection
1665.0,2,1,1,0.0,3,"KURAMOTO N=5 K=10, PER=0"
1728.0,3,1,1,63.0,3,"KURAMOTO N=5 K=10, PER=0"
2518.0,0,1,1,853.0,3,"KURAMOTO N=5 K=10, PER=0"
2987.0,1,1,1,1322.0,3,"KURAMOTO N=5 K=10, PER=0"
3586.0,4,1,1,1921.0,3,"KURAMOTO N=5 K=10, PER=0"
6664.6045726908305,2,2,1,4999.6045726908305,3,"KURAMOTO N=5 K=10, PER=0"
6728.3954273091695,3,2,2,63.39542730916946,3,"KURAMOTO N=5 K=10, PER=0"
7515.220842902592,0,2,2,850.2208429025923,3,"KURAMOTO N=5 K=10, PER=0"
7989.779157097408,1,2,2,1324.7791570974077,3,"KURAMOTO N=5 K=10, PER=0"
8589.418152583396,4,2,2,1924.4181525833956,3,"KURAMOTO N=5 K=10, PER=0"
11664.20419205561,2,3,2,4999.204192055609,3,"KURAMOTO N=5 K=10, PER=0"
11728.79580794439,3,3,3,63.79580794439062,3,"KURAMOTO N=5 K=10, PER=0"
12512.412721754963,0,3,3,847.4127217549631,3,"KURAMOTO N=5 K=10, PER=0"
12992.587278245037,1,3,3,1327.587278245037,3,"KURAMOTO N=5 K=10, PER=0"
13592.839234271787,4,3,3,1927.839234271787,3,"KURAMOTO N=5 K=10, PER=0"
16663.79879644935,2,4,3,4998.798796449351,3,"KURAMOTO N=5 K=10, PER=0"
16729.20120355065,3,4,4,64.20120355064864,3,"KURAMOTO N=5 K=10, PER=0"
17509.575473851088,0,4,4,844.5754738510877,3,"KURAMOTO N=5 K=10, PER=0"
17995.424526148912,1,4,4,1330.4245261489123,3,"KURAMOTO N=5 K=10, PER=0"
18596.263123650177,4,4,4,1931.2631236501766,3,"KURAMOTO N=5 K=10, PER=0"
21663.388323475254,2,5,4,4998.388323475254,3,"KURAMOTO N=5 K=10, PER=0"
21729.611676524746,3,5,5,64.61167652474614,3,"KURAMOTO N=5 K=10, PER=0"
22506.70894061115,0,5,5,841.7089406111518,3,"KURAMOTO N=5 K=10, PER=0"
22998.29105938885,1,5,5,1333.2910593888482,3,"KURAMOTO N=5 K=10, PER=0"
23599.689698260587,4,5,5,1934.6896982605867,3,"KURAMOTO N=5 K=10, PER=0"
26662.97270997611,2,6,5,4997.972709976111,3,"KURAMOTO N=5 K=10, PER=0"
26730.02729002389,3,6,6,65.02729002388878,3,"KURAMOTO N=5 K=10, PER=0"
27503.81296778617,0,6,6,838.8129677861689,3,"KURAMOTO N=5 K=10, PER=0"
28001.18703221383,1,6,6,1336.1870322138311,3,"KURAMOTO N=5 K=10, PER=0"
28603.118834609017,4,6,6,1938.1188346090166,3,"KURAMOTO N=5 K=10, PER=0"
31662.551892025665,2,7,6,4997.551892025665,3,"KURAMOTO N=5 K=10, PER=0"
31730.448107974335,3,7,7,65.44810797433456,3,"KURAMOTO N=5 K=10, PER=0"
32500.887405666843,0,7,7,835.8874056668428,3,"KURAMOTO N=5 K=10, PER=0"
33004.11259433316,1,7,7,1339.1125943331572,3,"KURAMOTO N=5 K=10, PER=0"
33606.55040817289,4,7,7,1941.5504081728868,3,"KURAMOTO N=5 K=10, PER=0"
36662.125804919866,2,8,7,4997.125804919866,3,"KURAMOTO N=5 K=10, PER=0"
36730.874195080134,3,8,8,65.87419508013409,3,"KURAMOTO N=5 K=10, PER=0"
37497.93210929659,0,8,8,832.9321092965911,3,"KURAMOTO N=5 K=10, PER=0"
38007.06789070341,1,8,8,1342.067890703409,3,"KURAMOTO N=5 K=10, PER=0"
38609.98429340897,4,8,8,1944.9842934089684,3,"KURAMOTO N=5 K=10, PER=0"
41661.69438316808,2,9,8,4996.6943831680765,3,"KURAMOTO N=5 K=10, PER=0"
41731.30561683192,3,9,9,66.30561683192354,3,"KURAMOTO N=5 K=10, PER=0"
42494.94693868865,0,9,9,829.9469386886485,3,"KURAMOTO N=5 K=10, PER=0"
43010.05306131135,1,9,9,1345.0530613113515,3,"KURAMOTO N=5 K=10, PER=0"
43613.42036376184,4,9,9,1948.4203637618411,3,"KURAMOTO N=5 K=10, PER=0"
46661.25756048418,2,10,9,4996.257560484177,3,"KURAMOTO N=5 K=10, PER=0"
46731.74243951582,3,10,10,66.74243951582321,3,"KURAMOTO N=5 K=10, PER=0"
47491.93175904717,0,10,10,826.9317590471692,3,"KURAMOTO N=5 K=10, PER=0"
48013.06824095283,1,10,10,1348.0682409528308,3,"KURAMOTO N=5 K=10, PER=0"
48616.858491672894,4,10,10,1951.8584916728942,3,"KURAMOTO N=5 K=10, PER=0"
51660.81526977763,2,11,10,4995.815269777631,3,"KURAMOTO N=5 K=10, PER=0"
51732.18473022237,3,11,11,67.18473022236867,3,"KURAMOTO N=5 K=10, PER=0"
52488.886440992246,0,11,11,823.8864409922462,3,"KURAMOTO N=5 K=10, PER=0"
53016.113559007754,1,11,11,1351.1135590077538,3,"KURAMOTO N=5 K=10, PER=0"
53620.29854858988,4,11,11,1955.2985485898826,3,"KURAMOTO N=5 K=10, PER=0"
56660.367443144445,2,12,11,4995.367443144445,3,"KURAMOTO N=5 K=10, PER=0"
56732.632556855555,3,12,12,67.63255685555487,3,"KURAMOTO N=5 K=10, PER=0"
57485.810860788704,0,12,12,820.8108607887043,3,"KURAMOTO N=5 K=10, PER=0"
58019.189139211296,1,12,12,1354.1891392112957,3,"KURAMOTO N=5 K=10, PER=0"
58623.740404977085,4,12,12,1958.7404049770848,3,"KURAMOTO N=5 K=10, PER=0"
61659.914011858076,2,13,12,4994.914011858076,3,"KURAMOTO N=5 K=10, PER=0"
61733.085988141924,3,13,13,68.08598814192374,3,"KURAMOTO N=5 K=10, PER=0"
62482.704900578545,0,13,13,817.7049005785448,3,"KURAMOTO N=5 K=10, PER=0"
63022.295099421455,1,13,13,1357.2950994214552,3,"KURAMOTO N=5 K=10, PER=0"
63627.183930326064,4,13,13,1962.183930326064,3,"KURAMOTO N=5 K=10, PER=0"
66659.45490636026,2,14,13,4994.454906360261,3,"KURAMOTO N=5 K=10, PER=0"
66733.54509363974,3,14,14,68.5450936397392,3,"KURAMOTO N=5 K=10, PER=0"
67479.56844861695,0,14,14,814.5684486169484,3,"KURAMOTO N=5 K=10, PER=0"
68025.43155138305,1,14,14,1360.4315513830516,3,"KURAMOTO N=5 K=10, PER=0"
68630.62899316705,4,14,14,1965.6289931670472,3,"KURAMOTO N=5 K=10, PER=0"
71658.99005625176,2,15,14,4993.990056251758,3,"KURAMOTO N=5 K=10, PER=0"
71734.00994374824,3,15,15,69.00994374824222,3,"KURAMOTO N=5 K=10, PER=0"
72476.40139951164,0,15,15,811.4013995116402,3,"KURAMOTO N=5 K=10, PER=0"
73028.59860048836,1,15,15,1363.5986004883598,3,"KURAMOTO N=5 K=10, PER=0"
73634.07546108101,4,15,15,1969.0754610810109,3,"KURAMOTO N=5 K=10, PER=0"
76658.51939028305,2,16,15,4993.519390283051,3,"KURAMOTO N=5 K=10, PER=0"
76734.48060971695,3,16,16,69.4806097169494,3,"KURAMOTO N=5 K=10, PER=0"
77473.20365446543,0,16,16,808.2036544654256,3,"KURAMOTO N=5 K=10, PER=0"
78031.79634553457,1,16,16,1366.7963455345744,3,"KURAMOTO N=5 K=10, PER=0"
78637.5232007124,4,16,16,1972.5232007123996,3,"KURAMOTO N=5 K=10, PER=0"
81658.04283634496,2,17,16,4993.042836344961,3,"KURAMOTO N=5 K=10, PER=0"
81734.95716365504,3,17,17,69.95716365503904,3,"KURAMOTO N=5 K=10, PER=0"
82469.97512152178,0,17,17,804.9751215217839,3,"KURAMOTO N=5 K=10, PER=0"
83035.02487847822,1,17,17,1370.0248784782161,3,"KURAMOTO N=5 K=10, PER=0"
83640.97207778263,4,17,17,1975.9720777826296,3,"KURAMOTO N=5 K=10, PER=0"
86657.56032145921,2,18,17,4992.560321459212,3,"KURAMOTO N=5 K=10, PER=0"
86735.43967854079,3,18,18,70.43967854078801,3,"KURAMOTO N=5 K=10, PER=0"
87466.71571581332,0,18,18,801.7157158133195,3,"KURAMOTO N=5 K=10, PER=0"
88038.28428418668,1,18,18,1373.2842841866805,3,"KURAMOTO N=5 K=10, PER=0"
88644.42195710422,4,18,18,1979.4219571042195,3,"KURAMOTO N=5 K=10, PER=0"
91657.07177176888,2,19,18,4992.071771768882,3,"KURAMOTO N=5 K=10, PER=0"
91735.92822823112,3,19,19,70.92822823111783,3,"KURAMOTO N=5 K=10, PER=0"
92463.42535981273,0,19,19,798.4253598127252,3,"KURAMOTO N=5 K=10, PER=0"
93041.57464018727,1,19,19,1376.5746401872748,3,"KURAMOTO N=5 K=10, PER=0"
93647.8727025958,4,19,19,1982.872702595807,3,"KURAMOTO N=5 K=10, PER=0"
96656.57711252882,2,20,19,4991.577112528816,3,"KURAMOTO N=5 K=10, PER=0"
96736.42288747118,3,20,20,71.42288747118437,3,"KURAMOTO N=5 K=10, PER=0"
97460.10398358628,0,20,20,795.1039835862757,3,"KURAMOTO N=5 K=10, PER=0"
98044.89601641372,1,20,20,1379.8960164137243,3,"KURAMOTO N=5 K=10, PER=0"
98651.32417729792,4,20,20,1986.3241772979236,3,"KURAMOTO N=5 K=10, PER=0"
101656.076268096,2,21,20,4991.076268096003,3,"KURAMOTO N=5 K=10, PER=0"
101736.923731904,3,21,21,71.92373190399667,3,"KURAMOTO N=5 K=10, PER=0"
102456.75152504932,0,21,21,791.7515250493161,3,"KURAMOTO N=5 K=10, PER=0"
103048.24847495068,1,21,21,1383.2484749506839,3,"KURAMOTO N=5 K=10, PER=0"
103654.77624338953,4,21,21,1989.776243389526,3,"KURAMOTO N=5 K=10, PER=0"
106655.56916191985,2,22,21,4990.569161919848,3,"KURAMOTO N=5 K=10, PER=0"
106737.43083808015,3,22,22,72.43083808015217,3,"KURAMOTO N=5 K=10, PER=0"
107453.36793022374,0,22,22,788.3679302237433,3,"KURAMOTO N=5 K=10, PER=0"
108051.63206977626,1,22,22,1386.6320697762567,3,"KURAMOTO N=5 K=10, PER=0"
108658.22876220547,4,22,22,1993.2287622054719,3,"KURAMOTO N=5 K=10, PER=0"
111655.05571653237,2,23,22,4990.05571653237,3,"KURAMOTO N=5 K=10, PER=0"
111737.94428346763,3,23,23,72.94428346763016,3,"KURAMOTO N=5 K=10, PER=0"
112449.95315349703,0,23,23,784.9531534970301,3,"KURAMOTO N=5 K=10, PER=0"
113055.04684650297,1,23,23,1390.0468465029699,3,"KURAMOTO N=5 K=10, PER=0"
113661.68159425483,4,23,23,1996.6815942548274,3,"KURAMOTO N=5 K=10, PER=0"
116654.53585353839,2,24,23,4989.535853538386,3,"KURAMOTO N=5 K=10, PER=0"
116738.46414646161,3,24,24,73.46414646161429,3,"KURAMOTO N=5 K=10, PER=0"
117449.95315349703,0,24,24,784.9531534970301,3,"KURAMOTO N=5 K=10, PER=0"
118058.49284211746,1,24,24,1393.4928421174554,3,"KURAMOTO N=5 K=10, PER=0"
118665.1345992401,4,24,24,2000.1345992401039,3,"KURAMOTO N=5 K=10, PER=0"
121654.00949360558,2,25,24,4989.009493605583,3,"KURAMOTO N=5 K=10, PER=0"
121738.99050639442,3,25,25,73.99050639441703,3,"KURAMOTO N=5 K=10, PER=0"
122449.95315349703,0,25,25,784.9531534970301,3,"KURAMOTO N=5 K=10, PER=0"
123061.95449368202,1,25,25,1396.9544936820166,3,"KURAMOTO N=5 K=10, PER=0"
123668.58763607741,4,25,25,2003.5876360774128,3,"KURAMOTO N=5 K=10, PER=0"
126653.47655645461,2,26,25,4988.4765564546105,3,"KURAMOTO N=5 K=10, PER=0"
126739.52344354539,3,26,26,74.52344354538945,3,"KURAMOTO N=5 K=10, PER=0"
127449.95315349703,0,26,26,784.9531534970301,3,"KURAMOTO N=5 K=10, PER=0"
128065.43180696874,1,26,26,1400.4318069687433,3,"KURAMOTO N=5 K=10, PER=0"
128672.04063376758,4,26,26,2007.0406337675813,3,"KURAMOTO N=5 K=10, PER=0"
131652.93696084898,2,27,26,4987.93696084898,3,"KURAMOTO N=5 K=10, PER=0"
131740.06303915102,3,27,27,75.06303915102035,3,"KURAMOTO N=5 K=10, PER=0"
132449.95315349702,0,27,27,784.9531534970156,3,"KURAMOTO N=5 K=10, PER=0"
133068.9247865885,1,27,27,1403.9247865884972,3,"KURAMOTO N=5 K=10, PER=0"
133675.49352096036,4,27,27,2010.4935209603573,3,"KURAMOTO N=5 K=10, PER=0"
136652.39062458507,2,28,27,4987.390624585067,3,"KURAMOTO N=5 K=10, PER=0"
136740.60937541493,3,28,28,75.60937541493331,3,"KURAMOTO N=5 K=10, PER=0"
137449.95315349702,0,28,28,784.9531534970156,3,"KURAMOTO N=5 K=10, PER=0"
138072.43343597447,1,28,28,1407.433435974468,3,"KURAMOTO N=5 K=10, PER=0"
138678.94622595407,4,28,28,2013.9462259540742,3,"KURAMOTO N=5 K=10, PER=0"
141651.83746448197,2,29,28,4986.8374644819705,3,"KURAMOTO N=5 K=10, PER=0"
141741.16253551803,3,29,29,76.16253551802947,3,"KURAMOTO N=5 K=10, PER=0"
142449.95315349702,0,29,29,784.9531534970156,3,"KURAMOTO N=5 K=10, PER=0"
143075.9577573657,1,29,29,1410.9577573656861,3,"KURAMOTO N=5 K=10, PER=0"
143682.39867669516,4,29,29,2017.3986766951566,3,"KURAMOTO N=5 K=10, PER=0"
146651.27739637127,2,30,29,4986.277396371268,3,"KURAMOTO N=5 K=10, PER=0"
146741.72260362873,3,30,30,76.72260362873203,3,"KURAMOTO N=5 K=10, PER=0"
147449.95315349702,0,30,30,784.9531534970156,3,"KURAMOTO N=5 K=10, PER=0"
148079.4977517905,1,30,30,1414.4977517905063,3,"KURAMOTO N=5 K=10, PER=0"
148685.85080077793,4,30,30,2020.850800777931,3,"KURAMOTO N=5 K=10, PER=0"
151650.71033508686,2,31,30,4985.7103350868565,3,"KURAMOTO N=5 K=10, PER=0"
151742.28966491314,3,31,31,77.2896649131435,3,"KURAMOTO N=5 K=10, PER=0"
152449.95315349702,0,31,31,784.9531534970156,3,"KURAMOTO N=5 K=10, PER=0"
153083.05341905024,1,31,31,1418.0534190502367,3,"KURAMOTO N=5 K=10, PER=0"
153689.30252544416,4,31,31,2024.30252544416,3,"KURAMOTO N=5 K=10, PER=0"
156650.13619445468,2,32,31,4985.136194454681,3,"KURAMOTO N=5 K=10, PER=0"
156742.86380554532,3,32,32,77.86380554531934,3,"KURAMOTO N=5 K=10, PER=0"
157449.95315349702,0,32,32,784.9531534970156,3,"KURAMOTO N=5 K=10, PER=0"
158086.62475770258,1,32,32,1421.6247577025788,3,"KURAMOTO N=5 K=10, PER=0"
158692.75377758272,4,32,32,2027.7537775827223,3,"KURAMOTO N=5 K=10, PER=0"
161649.55488728237,2,33,32,4984.554887282371,3,"KURAMOTO N=5 K=10, PER=0"
161743.44511271763,3,33,33,78.44511271762894,3,"KURAMOTO N=5 K=10, PER=0"
162449.95315349702,0,33,33,784.9531534970156,3,"KURAMOTO N=5 K=10, PER=0"
163090.21176504527,1,33,33,1425.211765045271,3,"KURAMOTO N=5 K=10, PER=0"
163696.20448372932,4,33,33,2031.2044837293215,3,"KURAMOTO N=5 K=10, PER=0"
166648.96632534894,2,34,33,4983.966325348942,3,"KURAMOTO N=5 K=10, PER=0"
166744.03367465106,3,34,34,79.03367465105839,3,"KURAMOTO N=5 K=10, PER=0"
167449.95315349702,0,34,34,784.9531534970156,3,"KURAMOTO N=5 K=10, PER=0"
168093.81443709973,1,34,34,1428.8144370997325,3,"KURAMOTO N=5 K=10, PER=0"
168699.65457006617,4,34,34,2034.6545700661663,3,"KURAMOTO N=5 K=10, PER=0"
171648.3704193943,2,35,34,4983.370419394312,3,"KURAMOTO N=5 K=10, PER=0"
171744.6295806057,3,35,35,79.6295806056878,3,"KURAMOTO N=5 K=10, PER=0"
172449.95315349702,0,35,35,784.9531534970156,3,"KURAMOTO N=5 K=10, PER=0"
173097.43276859465,1,35,35,1432.4327685946482,3,"KURAMOTO N=5 K=10, PER=0"
173703.1039624217,4,35,35,2038.1039624217083,3,"KURAMOTO N=5 K=10, PER=0"
176647.76707910895,2,36,35,4982.767079108948,3,"KURAMOTO N=5 K=10, PER=0"
176745.23292089105,3,36,36,80.23292089105234,3,"KURAMOTO N=5 K=10, PER=0"
177449.95315349702,0,36,36,784.9531534970156,3,"KURAMOTO N=5 K=10, PER=0"
178097.43276859465,1,36,36,1432.4327685946482,3,"KURAMOTO N=5 K=10, PER=0"
178706.55258627038,4,36,36,2041.5525862703798,3,"KURAMOTO N=5 K=10, PER=0"
181647.15621312332,2,37,36,4982.156213123322,3,"KURAMOTO N=5 K=10, PER=0"
181745.84378687668,3,37,37,80.84378687667777,3,"KURAMOTO N=5 K=10, PER=0"
182449.95315349702,0,37,37,784.9531534970156,3,"KURAMOTO N=5 K=10, PER=0"
183097.43276859465,1,37,37,1432.4327685946482,3,"KURAMOTO N=5 K=10, PER=0"
183710.01686711868,4,37,37,2045.0168671186839,3,"KURAMOTO N=5 K=10, PER=0"
186646.53772899747,2,38,37,4981.537728997471,3,"KURAMOTO N=5 K=10, PER=0"
186746.46227100253,3,38,38,81.46227100252872,3,"KURAMOTO N=5 K=10, PER=0"
187449.95315349702,0,38,38,784.9531534970156,3,"KURAMOTO N=5 K=10, PER=0"
188097.43276859465,1,38,38,1432.4327685946482,3,"KURAMOTO N=5 K=10, PER=0"
188713.4968105449,4,38,38,2048.4968105448934,3,"KURAMOTO N=5 K=10, PER=0"
191645.91153321048,2,39,38,4980.911533210485,3,"KURAMOTO N=5 K=10, PER=0"
191747.08846678952,3,39,39,82.08846678951522,3,"KURAMOTO N=5 K=10, PER=0"
192449.95315349702,0,39,39,784.9531534970156,3,"KURAMOTO N=5 K=10, PER=0"
193097.43276859465,1,39,39,1432.4327685946482,3,"KURAMOTO N=5 K=10, PER=0"
193716.9924209633,4,39,39,2051.9924209633027,3,"KURAMOTO N=5 K=10, PER=0"
196645.27753114988,2,40,39,4980.277531149884,3,"KURAMOTO N=5 K=10, PER=0"
196747.72246885012,3,40,40,82.72246885011555,3,"KURAMOTO N=5 K=10, PER=0"
197449.95315349702,0,40,40,784.9531534970156,3,"KURAMOTO N=5 K=10, PER=0"
198097.43276859465,1,40,40,1432.4327685946482,3,"KURAMOTO N=5 K=10, PER=0"
198720.50370160773,4,40,40,2055.503701607726,3,"KURAMOTO N=5 K=10, PER=0"
201644.6356271011,2,41,40,4979.635627101088,3,"KURAMOTO N=5 K=10, PER=0"
201748.3643728989,3,41,41,83.36437289891182,3,"KURAMOTO N=5 K=10, PER=0"
202449.95315349702,0,41,41,784.9531534970156,3,"KURAMOTO N=5 K=10, PER=0"
203097.43276859465,1,41,41,1432.4327685946482,3,"KURAMOTO N=5 K=10, PER=0"
203724.03065451508,4,41,41,2059.0306545150816,3,"KURAMOTO N=5 K=10, PER=0"
206643.98572423685,2,42,41,4978.985724236845,3,"KURAMOTO N=5 K=10, PER=0"
206749.01427576315,3,42,42,84.01427576315473,3,"KURAMOTO N=5 K=10, PER=0"
207449.95315349702,0,42,42,784.9531534970156,3,"KURAMOTO N=5 K=10, PER=0"
208097.43276859465,1,42,42,1432.4327685946482,3,"KURAMOTO N=5 K=10, PER=0"
208727.57328050886,4,42,42,2062.573280508863,3,"KURAMOTO N=5 K=10, PER=0"
211643.32772460664,2,43,42,4978.327724606643,3,"KURAMOTO N=5 K=10, PER=0"
211749.67227539336,3,43,43,84.67227539335727,3,"KURAMOTO N=5 K=10, PER=0"
212449.95315349702,0,43,43,784.9531534970156,3,"KURAMOTO N=5 K=10, PER=0"
213097.43276859465,1,43,43,1432.4327685946482,3,"KURAMOTO N=5 K=10, PER=0"
213731.1315791827,4,43,43,2066.131579182693,3,"KURAMOTO N=5 K=10, PER=0"
216642.66152912605,2,44,43,4977.661529126053,3,"KURAMOTO N=5 K=10, PER=0"
216750.33847087395,3,44,44,85.33847087394679,3,"KURAMOTO N=5 K=10, PER=0"
217449.95315349702,0,44,44,784.9531534970156,3,"KURAMOTO N=5 K=10, PER=0"
218097.43276859465,1,44,44,1432.4327685946482,3,"KURAMOTO N=5 K=10, PER=0"
218734.70554888388,4,44,44,2069.7055488838814,3,"KURAMOTO N=5 K=10, PER=0"
221641.9870375662,2,45,44,4976.987037566199,3,"KURAMOTO N=5 K=10, PER=0"
221751.0129624338,3,45,45,86.01296243380057,3,"KURAMOTO N=5 K=10, PER=0"
222449.95315349702,0,45,45,784.9531534970156,3,"KURAMOTO N=5 K=10, PER=0"
223097.43276859465,1,45,45,1432.4327685946482,3,"KURAMOTO N=5 K=10, PER=0"
223738.295186697,4,45,45,2073.2951866970106,3,"KURAMOTO N=5 K=10, PER=0"
226641.30414854307,2,46,45,4976.304148543073,3,"KURAMOTO N=5 K=10, PER=0"
226751.69585145693,3,46,46,86.6958514569269,3,"KURAMOTO N=5 K=10, PER=0"
227449.95315349702,0,46,46,784.9531534970156,3,"KURAMOTO N=5 K=10, PER=0"
228097.43276859465,1,46,46,1432.4327685946482,3,"KURAMOTO N=5 K=10, PER=0"
228741.90048842758,4,46,46,2076.9004884275782,3,"KURAMOTO N=5 K=10, PER=0"
231640.612759507,2,47,46,4975.612759506999,3,"KURAMOTO N=5 K=10, PER=0"
231752.387240493,3,47,47,87.38724049300072,3,"KURAMOTO N=5 K=10, PER=0"
232449.95315349702,0,47,47,784.9531534970156,3,"KURAMOTO N=5 K=10, PER=0"
233097.43276859465,1,47,47,1432.4327685946482,3,"KURAMOTO N=5 K=10, PER=0"
233745.52144858564,4,47,47,2080.5214485856413,3,"KURAMOTO N=5 K=10, PER=0"
236639.91276673204,2,48,47,4974.912766732043,3,"KURAMOTO N=5 K=10, PER=0"
236753.08723326796,3,48,48,88.08723326795734,3,"KURAMOTO N=5 K=10, PER=0"
237449.95315349702,0,48,48,784.9531534970156,3,"KURAMOTO N=5 K=10, PER=0"
238097.43276859465,1,48,48,1432.4327685946482,3,"KURAMOTO N=5 K=10, PER=0"
238745.52144858564,4,48,48,2080.5214485856413,3,"KURAMOTO N=5 K=10, PER=0"
241639.20406530538,2,49,48,4974.204065305385,3,"KURAMOTO N=5 K=10, PER=0"
241753.79593469462,3,49,49,88.79593469461543,3,"KURAMOTO N=5 K=10, PER=0"
242449.95315349702,0,49,49,784.9531534970156,3,"KURAMOTO N=5 K=10, PER=0"
243097.43276859465,1,49,49,1432.4327685946482,3,"KURAMOTO N=5 K=10, PER=0"
243745.52144858564,4,49,49,2080.5214485856413,3,"KURAMOTO N=5 K=10, PER=0"
246638.48654911687,2,50,49,4973.486549116875,3,"KURAMOTO N=5 K=10, PER=0"
246754.51345088313,3,50,50,89.51345088312519,3,"KURAMOTO N=5 K=10, PER=0"
247449.95315349702,0,50,50,784.9531534970156,3,"KURAMOTO N=5 K=10, PER=0"
248097.43276859465,1,50,50,1432.4327685946482,3,"KURAMOTO N=5 K=10, PER=0"
248745.52144858564,4,50,50,2080.5214485856413,3,"KURAMOTO N=5 K=10, PER=0"
251637.76011084844,2,51,50,4972.760110848438,3,"KURAMOTO N=5 K=10, PER=0"
251755.23988915156,3,51,51,90.23988915156224,3,"KURAMOTO N=5 K=10, PER=0"
252449.95315349702,0,51,51,784.9531534970156,3,"KURAMOTO N=5 K=10, PER=0"
253097.43276859465,1,51,51,1432.4327685946482,3,"KURAMOTO N=5 K=10, PER=0"
253745.52144858564,4,51,51,2080.5214485856413,3,"KURAMOTO N=5 K=10, PER=0"
256637.02464196362,2,52,51,4972.024641963624,3,"KURAMOTO N=5 K=10, PER=0"
256755.97535803638,3,52,52,90.97535803637584,3,"KURAMOTO N=5 K=10, PER=0"
257449.95315349702,0,52,52,784.9531534970156,3,"KURAMOTO N=5 K=10, PER=0"
258097.43276859465,1,52,52,1432.4327685946482,3,"KURAMOTO N=5 K=10, PER=0"
258745.52144858564,4,52,52,2080.5214485856413,3,"KURAMOTO N=5 K=10, PER=0"
261636.28003269716,2,53,52,4971.280032697163,3,"KURAMOTO N=5 K=10, PER=0"
261756.71996730284,3,53,53,91.71996730283718,3,"KURAMOTO N=5 K=10, PER=0"
262449.953153497,0,53,53,784.9531534970156,3,"KURAMOTO N=5 K=10, PER=0"
263097.43276859465,1,53,53,1432.4327685946482,3,"KURAMOTO N=5 K=10, PER=0"
263745.52144858567,4,53,53,2080.5214485856704,3,"KURAMOTO N=5 K=10, PER=0"
266635.52617204457,2,54,53,4970.526172044571,3,"KURAMOTO N=5 K=10, PER=0"
266757.47382795543,3,54,54,92.47382795542944,3,"KURAMOTO N=5 K=10, PER=0"
267449.953153497,0,54,54,784.9531534970156,3,"KURAMOTO N=5 K=10, PER=0"
268097.43276859465,1,54,54,1432.4327685946482,3,"KURAMOTO N=5 K=10, PER=0"
268745.52144858567,4,54,54,2080.5214485856704,3,"KURAMOTO N=5 K=10, PER=0"
271634.76294775185,2,55,54,4969.762947751849,3,"KURAMOTO N=5 K=10, PER=0"
271758.23705224815,3,55,55,93.23705224815058,3,"KURAMOTO N=5 K=10, PER=0"
272449.953153497,0,55,55,784.9531534970156,3,"KURAMOTO N=5 K=10, PER=0"
273097.43276859465,1,55,55,1432.4327685946482,3,"KURAMOTO N=5 K=10, PER=0"
273745.52144858567,4,55,55,2080.5214485856704,3,"KURAMOTO N=5 K=10, PER=0"
276633.9902463052,2,56,55,4968.990246305184,3,"KURAMOTO N=5 K=10, PER=0"
276759.0097536948,3,56,56,94.00975369481603,3,"KURAMOTO N=5 K=10, PER=0"
277449.953153497,0,56,56,784.9531534970156,3,"KURAMOTO N=5 K=10, PER=0"
278097.43276859465,1,56,56,1432.4327685946482,3,"KURAMOTO N=5 K=10, PER=0"
278745.52144858567,4,56,56,2080.5214485856704,3,"KURAMOTO N=5 K=10, PER=0"
281633.2079529207,2,57,56,4968.207952920697,3,"KURAMOTO N=5 K=10, PER=0"
281759.7920470793,3,57,57,94.7920470793033,3,"KURAMOTO N=5 K=10, PER=0"
282449.953153497,0,57,57,784.9531534970156,3,"KURAMOTO N=5 K=10, PER=0"
283097.43276859465,1,57,57,1432.4327685946482,3,"KURAMOTO N=5 K=10, PER=0"
283745.52144858567,4,57,57,2080.5214485856704,3,"KURAMOTO N=5 K=10, PER=0"
286632.41595153447,2,58,57,4967.415951534465,3,"KURAMOTO N=5 K=10, PER=0"
286760.58404846553,3,58,58,95.58404846553458,3,"KURAMOTO N=5 K=10, PER=0"
287449.953153497,0,58,58,784.9531534970156,3,"KURAMOTO N=5 K=10, PER=0"
288097.43276859465,1,58,58,1432.4327685946482,3,"KURAMOTO N=5 K=10, PER=0"
288745.52144858567,4,58,58,2080.5214485856704,3,"KURAMOTO N=5 K=10, PER=0"
291631.61412479234,2,59,58,4966.614124792337,3,"KURAMOTO N=5 K=10, PER=0"
291761.38587520766,3,59,59,96.38587520766305,3,"KURAMOTO N=5 K=10, PER=0"
292449.953153497,0,59,59,784.9531534970156,3,"KURAMOTO N=5 K=10, PER=0"
293097.43276859465,1,59,59,1432.4327685946482,3,"KURAMOTO N=5 K=10, PER=0"
293745.52144858567,4,59,59,2080.5214485856704,3,"KURAMOTO N=5 K=10, PER=0"
296630.8023540401,2,60,59,4965.80235404009,3,"KURAMOTO N=5 K=10, PER=0"
296762.1976459599,3,60,60,97.19764595991,3,"KURAMOTO N=5 K=10, PER=0"
297449.953153497,0,60,60,784.9531534970156,3,"KURAMOTO N=5 K=10, PER=0"
298097.43276859465,1,60,60,1432.4327685946482,3,"KURAMOTO N=5 K=10, PER=0"
298745.52144858567,4,60,60,2080.5214485856704,3,"KURAMOTO N=5 K=10, PER=0"
301629.98051931354,2,61,60,4964.98051931354,3,"KURAMOTO N=5 K=10, PER=0"
301763.01948068646,3,61,61,98.01948068646016,3,"KURAMOTO N=5 K=10, PER=0"
302449.953153497,0,61,61,784.9531534970156,3,"KURAMOTO N=5 K=10, PER=0"
303097.43276859465,1,61,61,1432.4327685946482,3,"KURAMOTO N=5 K=10, PER=0"
303745.52144858567,4,61,61,2080.5214485856704,3,"KURAMOTO N=5 K=10, PER=0"
306629.14849932893,2,62,61,4964.148499328934,3,"KURAMOTO N=5 K=10, PER=0"
306763.85150067107,3,62,62,98.85150067106588,3,"KURAMOTO N=5 K=10, PER=0"
307449.953153497,0,62,62,784.9531534970156,3,"KURAMOTO N=5 K=10, PER=0"
308097.43276859465,1,62,62,1432.4327685946482,3,"KURAMOTO N=5 K=10, PER=0"
308745.52144858567,4,62,62,2080.5214485856704,3,"KURAMOTO N=5 K=10, PER=0"
311628.3061714731,2,63,62,4963.306171473116,3,"KURAMOTO N=5 K=10, PER=0"
311764.6938285269,3,63,63,99.69382852688432,3,"KURAMOTO N=5 K=10, PER=0"
312449.953153497,0,63,63,784.9531534970156,3,"KURAMOTO N=5 K=10, PER=0"
313097.43276859465,1,63,63,1432.4327685946482,3,"KURAMOTO N=5 K=10, PER=0"
313745.52144858567,4,63,63,2080.5214485856704,3,"KURAMOTO N=5 K=10, PER=0"
316627.4534117944,2,64,63,4962.453411794384,3,"KURAMOTO N=5 K=10, PER=0"
316765.5465882056,3,64,64,100.54658820561599,3,"KURAMOTO N=5 K=10, PER=0"
317449.953153497,0,64,64,784.9531534970156,3,"KURAMOTO N=5 K=10, PER=0"
318097.43276859465,1,64,64,1432.4327685946482,3,"KURAMOTO N=5 K=10, PER=0"
318745.52144858567,4,64,64,2080.5214485856704,3,"KURAMOTO N=5 K=10, PER=0"
321626.59009499295,2,65,64,4961.590094992949,3,"KURAMOTO N=5 K=10, PER=0"
321766.40990500705,3,65,65,101.40990500705084,3,"KURAMOTO N=5 K=10, PER=0"
322449.953153497,0,65,65,784.9531534970156,3,"KURAMOTO N=5 K=10, PER=0"
323097.43276859465,1,65,65,1432.4327685946482,3,"KURAMOTO N=5 K=10, PER=0"
323745.52144858567,4,65,65,2080.5214485856704,3,"KURAMOTO N=5 K=10, PER=0"
326625.7160944118,2,66,65,4960.716094411793,3,"KURAMOTO N=5 K=10, PER=0"
326767.2839055882,3,66,66,102.28390558820684,3,"KURAMOTO N=5 K=10, PER=0"
327449.953153497,0,66,66,784.9531534970156,3,"KURAMOTO N=5 K=10, PER=0"
328097.43276859465,1,66,66,1432.4327685946482,3,"KURAMOTO N=5 K=10, PER=0"
328745.52144858567,4,66,66,2080.5214485856704,3,"KURAMOTO N=5 K=10, PER=0"
331624.8312820278,2,67,66,4959.831282027822,3,"KURAMOTO N=5 K=10, PER=0"
331768.1687179722,3,67,67,103.16871797217755,3,"KURAMOTO N=5 K=10, PER=0"
332449.953153497,0,67,67,784.9531534970156,3,"KURAMOTO N=5 K=10, PER=0"
333097.43276859465,1,67,67,1432.4327685946482,3,"KURAMOTO N=5 K=10, PER=0"
333745.52144858567,4,67,67,2080.5214485856704,3,"KURAMOTO N=5 K=10, PER=0"
336623.93552844296,2,68,67,4958.935528442962,3,"KURAMOTO N=5 K=10, PER=0"
336769.06447155704,3,68,68,104.0644715570379,3,"KURAMOTO N=5 K=10, PER=0"
337449.953153497,0,68,68,784.9531534970156,3,"KURAMOTO N=5 K=10, PER=0"
338097.43276859465,1,68,68,1432.4327685946482,3,"KURAMOTO N=5 K=10, PER=0"
338745.52144858567,4,68,68,2080.5214485856704,3,"KURAMOTO N=5 K=10, PER=0"
341623.0287028755,2,69,68,4958.028702875483,3,"KURAMOTO N=5 K=10, PER=0"
341769.9712971245,3,69,69,104.97129712451715,3,"KURAMOTO N=5 K=10, PER=0"
342449.953153497,0,69,69,784.9531534970156,3,"KURAMOTO N=5 K=10, PER=0"
343097.43276859465,1,69,69,1432.4327685946482,3,"KURAMOTO N=5 K=10, PER=0"
343745.52144858567,4,69,69,2080.5214485856704,3,"KURAMOTO N=5 K=10, PER=0"
346622.11067315174,2,70,69,4957.110673151736,3,"KURAMOTO N=5 K=10, PER=0"
346770.88932684826,3,70,70,105.88932684826432,3,"KURAMOTO N=5 K=10, PER=0"
347449.953153497,0,70,70,784.9531534970156,3,"KURAMOTO N=5 K=10, PER=0"
348097.43276859465,1,70,70,1432.4327685946482,3,"KURAMOTO N=5 K=10, PER=0"
348745.52144858567,4,70,70,2080.5214485856704,3,"KURAMOTO N=5 K=10, PER=0"
351621.1813056978,2,71,70,4956.181305697828,3,"KURAMOTO N=5 K=10, PER=0"
351771.8186943022,3,71,71,106.81869430217193,3,"KURAMOTO N=5 K=10, PER=0"
352449.953153497,0,71,71,784.9531534970156,3,"KURAMOTO N=5 K=10, PER=0"
353097.43276859465,1,71,71,1432.4327685946482,3,"KURAMOTO N=5 K=10, PER=0"
353745.52144858567,4,71,71,2080.5214485856704,3,"KURAMOTO N=5 K=10, PER=0"
356620.2404655317,2,72,71,4955.240465531708,3,"KURAMOTO N=5 K=10, PER=0"
356772.7595344683,3,72,72,107.75953446829226,3,"KURAMOTO N=5 K=10, PER=0"
357449.953153497,0,72,72,784.9531534970156,3,"KURAMOTO N=5 K=10, PER=0"
358097.43276859465,1,72,72,1432.4327685946482,3,"KURAMOTO N=5 K=10, PER=0"
358745.52144858567,4,72,72,2080.5214485856704,3,"KURAMOTO N=5 K=10, PER=0"
361619.2880162555,2,73,72,4954.288016255479,3,"KURAMOTO N=5 K=10, PER=0"
361773.7119837445,3,73,73,108.7119837445207,3,"KURAMOTO N=5 K=10, PER=0"
362449.953153497,0,73,73,784.9531534970156,3,"KURAMOTO N=5 K=10, PER=0"
363097.43276859465,1,73,73,1432.4327685946482,3,"KURAMOTO N=5 K=10, PER=0"
363745.52144858567,4,73,73,2080.5214485856704,3,"KURAMOTO N=5 K=10, PER=0"
366618.323820048,2,74,73,4953.323820048012,3,"KURAMOTO N=5 K=10, PER=0"
366774.676179952,3,74,74,109.67617995198816,3,"KURAMOTO N=5 K=10, PER=0"
367449.953153497,0,74,74,784.9531534970156,3,"KURAMOTO N=5 K=10, PER=0"
368097.43276859465,1,74,74,1432.4327685946482,3,"KURAMOTO N=5 K=10, PER=0"
368745.52144858567,4,74,74,2080.5214485856704,3,"KURAMOTO N=5 K=10, PER=0"
371617.3477376576,2,75,74,4952.347737657605,3,"KURAMOTO N=5 K=10, PER=0"
371775.6522623424,3,75,75,110.65226234239526,3,"KURAMOTO N=5 K=10, PER=0"
372449.953153497,0,75,75,784.9531534970156,3,"KURAMOTO N=5 K=10, PER=0"
373097.43276859465,1,75,75,1432.4327685946482,3,"KURAMOTO N=5 K=10, PER=0"
373745.52144858567,4,75,75,2080.5214485856704,3,"KURAMOTO N=5 K=10, PER=0"
376616.3596283953,2,76,75,4951.359628395294,3,"KURAMOTO N=5 K=10, PER=0"
376776.6403716047,3,76,76,111.64037160470616,3,"KURAMOTO N=5 K=10, PER=0"
377449.953153497,0,76,76,784.9531534970156,3,"KURAMOTO N=5 K=10, PER=0"
378097.43276859465,1,76,76,1432.4327685946482,3,"KURAMOTO N=5 K=10, PER=0"
378745.52144858567,4,76,76,2080.5214485856704,3,"KURAMOTO N=5 K=10, PER=0"
381615.3593501282,2,77,76,4950.359350128216,3,"KURAMOTO N=5 K=10, PER=0"
381777.6406498718,3,77,77,112.64064987178426,3,"KURAMOTO N=5 K=10, PER=0"
382449.953153497,0,77,77,784.9531534970156,3,"KURAMOTO N=5 K=10, PER=0"
383097.43276859465,1,77,77,1432.4327685946482,3,"KURAMOTO N=5 K=10, PER=0"
383745.52144858567,4,77,77,2080.5214485856704,3,"KURAMOTO N=5 K=10, PER=0"
386614.3467592733,2,78,77,4949.346759273321,3,"KURAMOTO N=5 K=10, PER=0"
386778.6532407267,3,78,78,113.65324072667863,3,"KURAMOTO N=5 K=10, PER=0"
387449.953153497,0,78,78,784.9531534970156,3,"KURAMOTO N=5 K=10, PER=0"
388097.43276859465,1,78,78,1432.4327685946482,3,"KURAMOTO N=5 K=10, PER=0"
388745.52144858567,4,78,78,2080.5214485856704,3,"KURAMOTO N=5 K=10, PER=0"
391613.32171079156,2,79,78,4948.321710791555,3,"KURAMOTO N=5 K=10, PER=0"
391779.67828920844,3,79,79,114.67828920844477,3,"KURAMOTO N=5 K=10, PER=0"
392449.953153497,0,79,79,784.9531534970156,3,"KURAMOTO N=5 K=10, PER=0"
393097.43276859465,1,79,79,1432.4327685946482,3,"KURAMOTO N=5 K=10, PER=0"
393745.52144858567,4,79,79,2080.5214485856704,3,"KURAMOTO N=5 K=10, PER=0"
396612.2840581823,2,80,79,4947.284058182326,3,"KURAMOTO N=5 K=10, PER=0"
396780.7159418177,3,80,80,115.71594181767432,3,"KURAMOTO N=5 K=10, PER=0"
397449.953153497,0,80,80,784.9531534970156,3,"KURAMOTO N=5 K=10, PER=0"
398097.43276859465,1,80,80,1432.4327685946482,3,"KURAMOTO N=5 K=10, PER=0"
398745.52144858567,4,80,80,2080.5214485856704,3,"KURAMOTO N=5 K=10, PER=0"
401611.23365347844,2,81,80,4946.233653478441,3,"KURAMOTO N=5 K=10, PER=0"
401781.76634652156,3,81,81,116.76634652155917,3,"KURAMOTO N=5 K=10, PER=0"
402449.953153497,0,81,81,784.9531534970156,3,"KURAMOTO N=5 K=10, PER=0"
403097.43276859465,1,81,81,1432.4327685946482,3,"KURAMOTO N=5 K=10, PER=0"
403745.52144858567,4,81,81,2080.5214485856704,3,"KURAMOTO N=5 K=10, PER=0"
406610.1703472413,2,82,81,4945.170347241277,3,"KURAMOTO N=5 K=10, PER=0"
406782.8296527587,3,82,82,117.82965275872266,3,"KURAMOTO N=5 K=10, PER=0"
407449.953153497,0,82,82,784.9531534970156,3,"KURAMOTO N=5 K=10, PER=0"
408097.43276859465,1,82,82,1432.4327685946482,3,"KURAMOTO N=5 K=10, PER=0"
408745.52144858567,4,82,82,2080.5214485856704,3,"KURAMOTO N=5 K=10, PER=0"
411609.09398855653,2,83,82,4944.093988556531,3,"KURAMOTO N=5 K=10, PER=0"
411783.90601144347,3,83,83,118.90601144346874,3,"KURAMOTO N=5 K=10, PER=0"
412449.953153497,0,83,83,784.9531534970156,3,"KURAMOTO N=5 K=10, PER=0"
413097.43276859465,1,83,83,1432.4327685946482,3,"KURAMOTO N=5 K=10, PER=0"
413745.52144858567,4,83,83,2080.5214485856704,3,"KURAMOTO N=5 K=10, PER=0"
416608.00442503043,2,84,83,4943.0044250304345,3,"KURAMOTO N=5 K=10, PER=0"
416784.99557496957,3,84,84,119.9955749695655,3,"KURAMOTO N=5 K=10, PER=0"
417449.953153497,0,84,84,784.9531534970156,3,"KURAMOTO N=5 K=10, PER=0"
418097.43276859465,1,84,84,1432.4327685946482,3,"KURAMOTO N=5 K=10, PER=0"
418745.52144858567,4,84,84,2080.5214485856704,3,"KURAMOTO N=5 K=10, PER=0"
421606.9015027862,2,85,84,4941.901502786204,3,"KURAMOTO N=5 K=10, PER=0"
421786.0984972138,3,85,85,121.09849721379578,3,"KURAMOTO N=5 K=10, PER=0"
422449.953153497,0,85,85,784.9531534970156,3,"KURAMOTO N=5 K=10, PER=0"
423097.43276859465,1,85,85,1432.4327685946482,3,"KURAMOTO N=5 K=10, PER=0"
423745.52144858567,4,85,85,2080.5214485856704,3,"KURAMOTO N=5 K=10, PER=0"
426605.7850664614,2,86,85,4940.785066461423,3,"KURAMOTO N=5 K=10, PER=0"
426787.2149335386,3,86,86,122.21493353857659,3,"KURAMOTO N=5 K=10, PER=0"
427449.953153497,0,86,86,784.9531534970156,3,"KURAMOTO N=5 K=10, PER=0"
428097.43276859465,1,86,86,1432.4327685946482,3,"KURAMOTO N=5 K=10, PER=0"
428745.52144858567,4,86,86,2080.5214485856704,3,"KURAMOTO N=5 K=10, PER=0"
431604.65495920536,2,87,86,4939.654959205363,3,"KURAMOTO N=5 K=10, PER=0"
431788.34504079464,3,87,87,123.34504079463659,3,"KURAMOTO N=5 K=10, PER=0"
432449.953153497,0,87,87,784.9531534970156,3,"KURAMOTO N=5 K=10, PER=0"
433097.43276859465,1,87,87,1432.4327685946482,3,"KURAMOTO N=5 K=10, PER=0"
433745.52144858567,4,87,87,2080.5214485856704,3,"KURAMOTO N=5 K=10, PER=0"
436603.5110226775,2,88,87,4938.511022677529,3,"KURAMOTO N=5 K=10, PER=0"
436789.4889773225,3,88,88,124.48897732247133,3,"KURAMOTO N=5 K=10, PER=0"
437449.953153497,0,88,88,784.9531534970156,3,"KURAMOTO N=5 K=10, PER=0"
438097.43276859465,1,88,88,1432.4327685946482,3,"KURAMOTO N=5 K=10, PER=0"
438745.52144858567,4,88,88,2080.5214485856704,3,"KURAMOTO N=5 K=10, PER=0"
441602.353097046,2,89,88,4937.353097046027,3,"KURAMOTO N=5 K=10, PER=0"
441790.646902954,3,89,89,125.64690295397304,3,"KURAMOTO N=5 K=10, PER=0"
442449.953153497,0,89,89,784.9531534970156,3,"KURAMOTO N=5 K=10, PER=0"
443097.43276859465,1,89,89,1432.4327685946482,3,"KURAMOTO N=5 K=10, PER=0"
443745.52144858567,4,89,89,2080.5214485856704,3,"KURAMOTO N=5 K=10, PER=0"
446601.1810209873,2,90,89,4936.181020987278,3,"KURAMOTO N=5 K=10, PER=0"
446791.8189790127,3,90,90,126.81897901272168,3,"KURAMOTO N=5 K=10, PER=0"
447449.953153497,0,90,90,784.9531534970156,3,"KURAMOTO N=5 K=10, PER=0"
448097.43276859465,1,90,90,1432.4327685946482,3,"KURAMOTO N=5 K=10, PER=0"
448745.52144858567,4,90,90,2080.5214485856704,3,"KURAMOTO N=5 K=10, PER=0"
451599.99463168567,2,91,90,4934.994631685666,3,"KURAMOTO N=5 K=10, PER=0"
451793.00536831433,3,91,91,128.0053683143342,3,"KURAMOTO N=5 K=10, PER=0"
452449.953153497,0,91,91,784.9531534970156,3,"KURAMOTO N=5 K=10, PER=0"
453097.43276859465,1,91,91,1432.4327685946482,3,"KURAMOTO N=5 K=10, PER=0"
453745.52144858567,4,91,91,2080.5214485856704,3,"KURAMOTO N=5 K=10, PER=0"
456598.7937648344,2,92,91,4933.793764834409,3,"KURAMOTO N=5 K=10, PER=0"
456794.2062351656,3,92,92,129.20623516559135,3,"KURAMOTO N=5 K=10, PER=0"
457449.953153497,0,92,92,784.9531534970156,3,"KURAMOTO N=5 K=10, PER=0"
458097.43276859465,1,92,92,1432.4327685946482,3,"KURAMOTO N=5 K=10, PER=0"
458745.52144858567,4,92,92,2080.5214485856704,3,"KURAMOTO N=5 K=10, PER=0"
461597.57825463667,2,93,92,4932.578254636668,3,"KURAMOTO N=5 K=10, PER=0"
461795.42174536333,3,93,93,130.42174536333187,3,"KURAMOTO N=5 K=10, PER=0"
462449.953153497,0,93,93,784.9531534970156,3,"KURAMOTO N=5 K=10, PER=0"
463097.43276859465,1,93,93,1432.4327685946482,3,"KURAMOTO N=5 K=10, PER=0"
463745.52144858567,4,93,93,2080.5214485856704,3,"KURAMOTO N=5 K=10, PER=0"
466596.34793380776,2,94,93,4931.34793380776,3,"KURAMOTO N=5 K=10, PER=0"
466796.65206619224,3,94,94,131.65206619224045,3,"KURAMOTO N=5 K=10, PER=0"
467449.953153497,0,94,94,784.9531534970156,3,"KURAMOTO N=5 K=10, PER=0"
468097.43276859465,1,94,94,1432.4327685946482,3,"KURAMOTO N=5 K=10, PER=0"
468745.52144858567,4,94,94,2080.5214485856704,3,"KURAMOTO N=5 K=10, PER=0"
471595.1026335777,2,95,94,4930.102633577713,3,"KURAMOTO N=5 K=10, PER=0"
471797.8973664223,3,95,95,132.89736642228672,3,"KURAMOTO N=5 K=10, PER=0"
472449.953153497,0,95,95,784.9531534970156,3,"KURAMOTO N=5 K=10, PER=0"
473097.43276859465,1,95,95,1432.4327685946482,3,"KURAMOTO N=5 K=10, PER=0"
473745.52144858567,4,95,95,2080.5214485856704,3,"KURAMOTO N=5 K=10, PER=0"
476593.84218369494,2,96,95,4928.842183694942,3,"KURAMOTO N=5 K=10, PER=0"
476799.15781630506,3,96,96,134.15781630505808,3,"KURAMOTO N=5 K=10, PER=0"
477449.953153497,0,96,96,784.9531534970156,3,"KURAMOTO N=5 K=10, PER=0"
478097.43276859465,1,96,96,1432.4327685946482,3,"KURAMOTO N=5 K=10, PER=0"
478745.52144858567,4,96,96,2080.5214485856704,3,"KURAMOTO N=5 K=10, PER=0"
481592.56641243055,2,97,96,4927.566412430548,3,"KURAMOTO N=5 K=10, PER=0"
481800.43358756945,3,97,97,135.43358756945236,3,"KURAMOTO N=5 K=10, PER=0"
482449.953153497,0,97,97,784.9531534970156,3,"KURAMOTO N=5 K=10, PER=0"
483097.43276859465,1,97,97,1432.4327685946482,3,"KURAMOTO N=5 K=10, PER=0"
483745.52144858567,4,97,97,2080.5214485856704,3,"KURAMOTO N=5 K=10, PER=0"
486591.2751465834,2,98,97,4926.275146583386,3,"KURAMOTO N=5 K=10, PER=0"
486801.7248534166,3,98,98,136.72485341661377,3,"KURAMOTO N=5 K=10, PER=0"
487449.953153497,0,98,98,784.9531534970156,3,"KURAMOTO N=5 K=10, PER=0"
488097.43276859465,1,98,98,1432.4327685946482,3,"KURAMOTO N=5 K=10, PER=0"
488745.52144858567,4,98,98,2080.5214485856704,3,"KURAMOTO N=5 K=10, PER=0"
491589.9682114863,2,99,98,4924.968211486295,3,"KURAMOTO N=5 K=10, PER=0"
491803.0317885137,3,99,99,138.03178851370467,3,"KURAMOTO N=5 K=10, PER=0"
492449.953153497,0,99,99,784.9531534970156,3,"KURAMOTO N=5 K=10, PER=0"
493097.43276859465,1,99,99,1432.4327685946482,3,"KURAMOTO N=5 K=10, PER=0"
493745.52144858567,4,99,99,2080.5214485856704,3,"KURAMOTO N=5 K=10, PER=0"
496588.645431013,2,100,99,4923.645431013021,3,"KURAMOTO N=5 K=10, PER=0"
496804.354568987,3,100,100,139.35456898697885,3,"KURAMOTO N=5 K=10, PER=0"
497449.953153497,0,100,100,784.9531534970156,3,"KURAMOTO N=5 K=10, PER=0"
498097.43276859465,1,100,100,1432.4327685946482,3,"KURAMOTO N=5 K=10, PER=0"
498745.52144858567,4,100,100,2080.5214485856704,3,"KURAMOTO N=5 K=10, PER=0"
501587.30662758596,2,101,100,4922.30662758596,3,"KURAMOTO N=5 K=10, PER=0"
501805.69337241404,3,101,101,140.6933724140399,3,"KURAMOTO N=5 K=10, PER=0"
502449.953153497,0,101,101,784.9531534970156,3,"KURAMOTO N=5 K=10, PER=0"
503097.43276859465,1,101,101,1432.4327685946482,3,"KURAMOTO N=5 K=10, PER=0"
503745.52144858567,4,101,101,2080.5214485856704,3,"KURAMOTO N=5 K=10, PER=0"
506585.95162218536,2,102,101,4920.9516221853555,3,"KURAMOTO N=5 K=10, PER=0"
506807.04837781464,3,102,102,142.04837781464448,3,"KURAMOTO N=5 K=10, PER=0"
507453.573212559,0,102,102,788.5732125589857,3,"KURAMOTO N=5 K=10, PER=0"
508097.43276859465,1,102,102,1432.4327685946482,3,"KURAMOTO N=5 K=10, PER=0"
508745.52144858567,4,102,102,2080.5214485856704,3,"KURAMOTO N=5 K=10, PER=0"
511584.580234359,2,103,102,4919.5802343590185,3,"KURAMOTO N=5 K=10, PER=0"
511808.419765641,3,103,103,143.4197656409815,3,"KURAMOTO N=5 K=10, PER=0"
512453.573212559,0,103,103,788.5732125589857,3,"KURAMOTO N=5 K=10, PER=0"
513101.05109259824,1,103,103,1436.051092598238,3,"KURAMOTO N=5 K=10, PER=0"
513745.52144858567,4,103,103,2080.5214485856704,3,"KURAMOTO N=5 K=10, PER=0"
516583.1922822334,2,104,103,4918.192282233387,3,"KURAMOTO N=5 K=10, PER=0"
516809.8077177666,3,104,104,144.80771776661277,3,"KURAMOTO N=5 K=10, PER=0"
517457.1971425416,0,104,104,792.1971425415832,3,"KURAMOTO N=5 K=10, PER=0"
518101.05109259824,1,104,104,1436.051092598238,3,"KURAMOTO N=5 K=10, PER=0"
518749.1424201658,4,104,104,2084.142420165823,3,"KURAMOTO N=5 K=10, PER=0"
521581.78758252563,2,105,104,4916.787582525634,3,"KURAMOTO N=5 K=10, PER=0"
521811.21241747437,3,105,105,146.2124174743658,3,"KURAMOTO N=5 K=10, PER=0"
522457.1971425416,0,105,105,792.1971425415832,3,"KURAMOTO N=5 K=10, PER=0"
523104.6693922923,1,105,105,1439.6693922922714,3,"KURAMOTO N=5 K=10, PER=0"
523749.1424201658,4,105,105,2084.142420165823,3,"KURAMOTO N=5 K=10, PER=0"
526580.365950557,2,106,105,4915.365950557054,3,"KURAMOTO N=5 K=10, PER=0"
526812.634049443,3,106,106,147.63404944294598,3,"KURAMOTO N=5 K=10, PER=0"
527457.1971425416,0,106,106,792.1971425416414,3,"KURAMOTO N=5 K=10, PER=0"
528104.6693922923,1,106,106,1439.6693922922714,3,"KURAMOTO N=5 K=10, PER=0"
528752.7634033229,4,106,106,2087.763403322897,3,"KURAMOTO N=5 K=10, PER=0"
531578.9272002672,2,107,106,4913.927200267208,3,"KURAMOTO N=5 K=10, PER=0"
531814.0727997328,3,107,107,149.0727997327922,3,"KURAMOTO N=5 K=10, PER=0"
532460.818515914,0,107,107,795.8185159140266,3,"KURAMOTO N=5 K=10, PER=0"
533104.6693922923,1,107,107,1439.6693922922714,3,"KURAMOTO N=5 K=10, PER=0"
533752.7634033229,4,107,107,2087.763403322897,3,"KURAMOTO N=5 K=10, PER=0"
536577.4711442301,2,108,107,4912.471144230105,3,"KURAMOTO N=5 K=10, PER=0"
536815.5288557699,3,108,108,150.52885576989502,3,"KURAMOTO N=5 K=10, PER=0"
537460.818515914,0,108,108,795.8185159140266,3,"KURAMOTO N=5 K=10, PER=0"
538108.2876786576,1,108,108,1443.2876786575653,3,"KURAMOTO N=5 K=10, PER=0"
538752.7634033229,4,108,108,2087.763403322897,3,"KURAMOTO N=5 K=10, PER=0"
541575.9975936706,2,109,108,4910.997593670618,3,"KURAMOTO N=5 K=10, PER=0"
541817.0024063294,3,109,109,152.0024063293822,3,"KURAMOTO N=5 K=10, PER=0"
542464.443035504,0,109,109,799.4430355039658,3,"KURAMOTO N=5 K=10, PER=0"
543108.2876786576,1,109,109,1443.2876786575653,3,"KURAMOTO N=5 K=10, PER=0"
543756.3843981647,4,109,109,2091.3843981646933,3,"KURAMOTO N=5 K=10, PER=0"
546574.5063584835,2,110,109,4909.506358483457,3,"KURAMOTO N=5 K=10, PER=0"
546818.4936415165,3,110,110,153.493641516543,3,"KURAMOTO N=5 K=10, PER=0"
547464.443035504,0,110,110,799.4430355039658,3,"KURAMOTO N=5 K=10, PER=0"
548111.9059379931,1,110,110,1446.905937993084,3,"KURAMOTO N=5 K=10, PER=0"
548756.3843981647,4,110,110,2091.3843981646933,3,"KURAMOTO N=5 K=10, PER=0"
551572.9972472524,2,111,110,4907.9972472523805,3,"KURAMOTO N=5 K=10, PER=0"
551820.0027527476,3,111,111,155.00275274761952,3,"KURAMOTO N=5 K=10, PER=0"
552464.443035504,0,111,111,799.4430355039658,3,"KURAMOTO N=5 K=10, PER=0"
553111.9059379931,1,111,111,1446.905937993084,3,"KURAMOTO N=5 K=10, PER=0"
553760.005404859,4,111,111,2095.0054048589664,3,"KURAMOTO N=5 K=10, PER=0"
556571.4700672715,2,112,111,4906.470067271497,3,"KURAMOTO N=5 K=10, PER=0"
556821.5299327285,3,112,112,156.5299327285029,3,"KURAMOTO N=5 K=10, PER=0"
557468.0638767785,0,112,112,803.0638767784694,3,"KURAMOTO N=5 K=10, PER=0"
558111.9059379931,1,112,112,1446.905937993084,3,"KURAMOTO N=5 K=10, PER=0"
558760.005404859,4,112,112,2095.0054048589664,3,"KURAMOTO N=5 K=10, PER=0"
561569.9246245681,2,113,112,4904.924624568084,3,"KURAMOTO N=5 K=10, PER=0"
561823.0753754319,3,113,113,158.07537543191575,3,"KURAMOTO N=5 K=10, PER=0"
562468.0638767785,0,113,113,803.0638767784694,3,"KURAMOTO N=5 K=10, PER=0"
563115.5241861321,1,113,113,1450.5241861321265,3,"KURAMOTO N=5 K=10, PER=0"
563760.005404859,4,113,113,2095.0054048589664,3,"KURAMOTO N=5 K=10, PER=0"
566568.3607239266,2,114,113,4903.360723926569,3,"KURAMOTO N=5 K=10, PER=0"
566824.6392760734,3,114,114,159.63927607343066,3,"KURAMOTO N=5 K=10, PER=0"
567471.6870926418,0,114,114,806.6870926418342,3,"KURAMOTO N=5 K=10, PER=0"
568115.5241861321,1,114,114,1450.5241861321265,3,"KURAMOTO N=5 K=10, PER=0"
568763.6264235055,4,114,114,2098.626423505484,3,"KURAMOTO N=5 K=10, PER=0"
571566.7781689143,2,115,114,4901.778168914258,3,"KURAMOTO N=5 K=10, PER=0"
571826.2218310857,3,115,115,161.22183108574245,3,"KURAMOTO N=5 K=10, PER=0"
572471.6870926418,0,115,115,806.6870926418342,3,"KURAMOTO N=5 K=10, PER=0"
573119.1424127289,1,115,115,1454.1424127288628,3,"KURAMOTO N=5 K=10, PER=0"
573763.6264235055,4,115,115,2098.626423505484,3,"KURAMOTO N=5 K=10, PER=0"
576565.176761909,2,116,115,4900.176761909039,3,"KURAMOTO N=5 K=10, PER=0"
576827.823238091,3,116,116,162.82323809096124,3,"KURAMOTO N=5 K=10, PER=0"
577475.3123721767,0,116,116,810.3123721766751,3,"KURAMOTO N=5 K=10, PER=0"
578119.1424127289,1,116,116,1454.1424127288628,3,"KURAMOTO N=5 K=10, PER=0"
578767.2474542494,4,116,116,2102.2474542494165,3,"KURAMOTO N=5 K=10, PER=0"
581563.5563041281,2,117,116,4898.556304128142,3,"KURAMOTO N=5 K=10, PER=0"
581829.4436958719,3,117,117,164.44369587185793,3,"KURAMOTO N=5 K=10, PER=0"
582475.3123721767,0,117,117,810.3123721766751,3,"KURAMOTO N=5 K=10, PER=0"
583122.7606087405,1,117,117,1457.7606087405002,3,"KURAMOTO N=5 K=10, PER=0"
583767.2474542494,4,117,117,2102.2474542494165,3,"KURAMOTO N=5 K=10, PER=0"
586561.9165956593,2,118,117,4896.916595659335,3,"KURAMOTO N=5 K=10, PER=0"
586831.0834043407,3,118,118,166.08340434066486,3,"KURAMOTO N=5 K=10, PER=0"
587475.3123721767,0,118,118,810.3123721766751,3,"KURAMOTO N=5 K=10, PER=0"
588122.7606087405,1,118,118,1457.7606087405002,3,"KURAMOTO N=5 K=10, PER=0"
588770.8684972756,4,118,118,2105.868497275631,3,"KURAMOTO N=5 K=10, PER=0"
591560.2574354934,2,119,118,4895.257435493404,3,"KURAMOTO N=5 K=10, PER=0"
591832.7425645066,3,119,119,167.74256450659595,3,"KURAMOTO N=5 K=10, PER=0"
592478.9322976894,0,119,119,813.9322976893745,3,"KURAMOTO N=5 K=10, PER=0"
593122.7606087405,1,119,119,1457.7606087405002,3,"KURAMOTO N=5 K=10, PER=0"
593770.8684972756,4,119,119,2105.868497275631,3,"KURAMOTO N=5 K=10, PER=0"
596558.578621559,2,120,119,4893.5786215589615,3,"KURAMOTO N=5 K=10, PER=0"
596834.421378441,3,120,120,169.42137844103854,3,"KURAMOTO N=5 K=10, PER=0"
597478.9322976894,0,120,120,813.9322976893745,3,"KURAMOTO N=5 K=10, PER=0"
598126.3787972521,1,120,120,1461.3787972520804,3,"KURAMOTO N=5 K=10, PER=0"
598770.8684972756,4,120,120,2105.868497275631,3,"KURAMOTO N=5 K=10, PER=0"
601556.8799507588,2,121,120,4891.879950758768,3,"KURAMOTO N=5 K=10, PER=0"
601836.1200492412,3,121,121,171.12004924123175,3,"KURAMOTO N=5 K=10, PER=0"
602482.5534450198,0,121,121,817.5534450197592,3,"KURAMOTO N=5 K=10, PER=0"
603126.3787972521,1,121,121,1461.3787972520804,3,"KURAMOTO N=5 K=10, PER=0"
603774.4895526697,4,121,121,2109.489552669693,3,"KURAMOTO N=5 K=10, PER=0"
606555.1612190085,2,122,121,4890.1612190085,3,"KURAMOTO N=5 K=10, PER=0"
606837.8387809915,3,122,122,172.83878099150024,3,"KURAMOTO N=5 K=10, PER=0"
607482.5534450198,0,122,122,817.5534450197592,3,"KURAMOTO N=5 K=10, PER=0"
608129.9969729327,1,122,122,1464.996972932713,3,"KURAMOTO N=5 K=10, PER=0"
608774.4895526697,4,122,122,2109.489552669693,3,"KURAMOTO N=5 K=10, PER=0"
611553.422221277,2,123,122,4888.4222212770255,3,"KURAMOTO N=5 K=10, PER=0"
611839.577778723,3,123,123,174.57777872297447,3,"KURAMOTO N=5 K=10, PER=0"
612486.1754749817,0,123,123,821.175474981661,3,"KURAMOTO N=5 K=10, PER=0"
613129.9969729327,1,123,123,1464.996972932713,3,"KURAMOTO N=5 K=10, PER=0"
613778.1106205408,4,123,123,2113.1106205407996,3,"KURAMOTO N=5 K=10, PER=0"
616551.6627516295,2,124,123,4886.662751629483,3,"KURAMOTO N=5 K=10, PER=0"
616841.3372483705,3,124,124,176.33724837051705,3,"KURAMOTO N=5 K=10, PER=0"
617486.1754749817,0,124,124,821.175474981661,3,"KURAMOTO N=5 K=10, PER=0"
618133.615131899,1,124,124,1468.615131899016,3,"KURAMOTO N=5 K=10, PER=0"
618778.1106205408,4,124,124,2113.1106205407996,3,"KURAMOTO N=5 K=10, PER=0"
621549.882603272,2,125,124,4884.882603271981,3,"KURAMOTO N=5 K=10, PER=0"
621843.117396728,3,125,125,178.11739672801923,3,"KURAMOTO N=5 K=10, PER=0"
622489.7980401065,0,125,125,824.7980401065433,3,"KURAMOTO N=5 K=10, PER=0"
623133.615131899,1,125,125,1468.615131899016,3,"KURAMOTO N=5 K=10, PER=0"
623781.7317010154,4,125,125,2116.7317010153783,3,"KURAMOTO N=5 K=10, PER=0"
626548.0815685989,2,126,125,4883.081568598864,3,"KURAMOTO N=5 K=10, PER=0"
626844.9184314011,3,126,126,179.91843140113633,3,"KURAMOTO N=5 K=10, PER=0"
627489.7980401065,0,126,126,824.7980401065433,3,"KURAMOTO N=5 K=10, PER=0"
628137.2332717576,1,126,126,1472.2332717576064,3,"KURAMOTO N=5 K=10, PER=0"
628781.7317010154,4,126,126,2116.7317010153783,3,"KURAMOTO N=5 K=10, PER=0"
631546.2594392422,2,127,126,4881.259439242189,3,"KURAMOTO N=5 K=10, PER=0"
631846.7405607578,3,127,127,181.74056075781118,3,"KURAMOTO N=5 K=10, PER=0"
632493.4207844422,0,127,127,828.4207844422199,3,"KURAMOTO N=5 K=10, PER=0"
633137.2332717576,1,127,127,1472.2332717576064,3,"KURAMOTO N=5 K=10, PER=0"
633785.3527942308,4,127,127,2120.352794230799,3,"KURAMOTO N=5 K=10, PER=0"
636544.4160061236,2,128,127,4879.416006123647,3,"KURAMOTO N=5 K=10, PER=0"
636848.5839938764,3,128,128,183.5839938763529,3,"KURAMOTO N=5 K=10, PER=0"
637493.4207844422,0,128,128,828.4207844422199,3,"KURAMOTO N=5 K=10, PER=0"
638140.8513916484,1,128,128,1475.851391648408,3,"KURAMOTO N=5 K=10, PER=0"
638785.3527942308,4,128,128,2120.352794230799,3,"KURAMOTO N=5 K=10, PER=0"
641542.5510595092,2,129,128,4877.551059509162,3,"KURAMOTO N=5 K=10, PER=0"
641850.4489404908,3,129,129,185.44894049083814,3,"KURAMOTO N=5 K=10, PER=0"
642497.0433433478,0,129,129,832.0433433478465,3,"KURAMOTO N=5 K=10, PER=0"
643140.8513916484,1,129,129,1475.851391648408,3,"KURAMOTO N=5 K=10, PER=0"
643788.9739003287,4,129,129,2123.9739003287395,3,"KURAMOTO N=5 K=10, PER=0"
646540.6643890655,2,130,129,4875.664389065467,3,"KURAMOTO N=5 K=10, PER=0"
646852.3356109345,3,130,130,187.33561093453318,3,"KURAMOTO N=5 K=10, PER=0"
647497.0433433478,0,130,130,832.0433433478465,3,"KURAMOTO N=5 K=10, PER=0"
648144.4694922889,1,130,130,1479.4694922888884,3,"KURAMOTO N=5 K=10, PER=0"
648788.9739003287,4,130,130,2123.9739003287395,3,"KURAMOTO N=5 K=10, PER=0"
651538.7557839198,2,131,130,4873.755783919827,3,"KURAMOTO N=5 K=10, PER=0"
651854.2442160802,3,131,131,189.24421608017292,3,"KURAMOTO N=5 K=10, PER=0"
652500.6653432855,0,131,131,835.6653432855383,3,"KURAMOTO N=5 K=10, PER=0"
653144.4694922889,1,131,131,1479.4694922888884,3,"KURAMOTO N=5 K=10, PER=0"
653792.5950194483,4,131,131,2127.5950194483157,3,"KURAMOTO N=5 K=10, PER=0"
656536.8250327224,2,132,131,4871.825032722438,3,"KURAMOTO N=5 K=10, PER=0"
656856.1749672776,3,132,132,191.17496727756225,3,"KURAMOTO N=5 K=10, PER=0"
657500.6653432855,0,132,132,835.6653432855383,3,"KURAMOTO N=5 K=10, PER=0"
658148.0875760195,1,132,132,1483.0875760194613,3,"KURAMOTO N=5 K=10, PER=0"
658792.5950194483,4,132,132,2127.5950194483157,3,"KURAMOTO N=5 K=10, PER=0"
661534.8719237108,2,133,132,4869.871923710802,3,"KURAMOTO N=5 K=10, PER=0"
661858.1280762892,3,133,133,193.12807628919836,3,"KURAMOTO N=5 K=10, PER=0"
662504.2864016085,0,133,133,839.2864016084932,3,"KURAMOTO N=5 K=10, PER=0"
663148.0875760195,1,133,133,1483.0875760194613,3,"KURAMOTO N=5 K=10, PER=0"
663796.2161517192,4,133,133,2131.2161517192144,3,"KURAMOTO N=5 K=10, PER=0"
666532.8962447783,2,134,133,4867.896244778298,3,"KURAMOTO N=5 K=10, PER=0"
666860.1037552217,3,134,134,195.10375522170216,3,"KURAMOTO N=5 K=10, PER=0"
667504.2864016085,0,134,134,839.2864016084932,3,"KURAMOTO N=5 K=10, PER=0"
668151.7056468502,1,134,134,1486.7056468501687,3,"KURAMOTO N=5 K=10, PER=0"
668796.2161517192,4,134,134,2131.2161517192144,3,"KURAMOTO N=5 K=10, PER=0"
671530.8977835443,2,135,134,4865.897783544264,3,"KURAMOTO N=5 K=10, PER=0"
671862.1022164557,3,135,135,197.1022164557362,3,"KURAMOTO N=5 K=10, PER=0"
672507.9061263468,0,135,135,842.9061263467884,3,"KURAMOTO N=5 K=10, PER=0"
673151.7056468502,1,135,135,1486.7056468501687,3,"KURAMOTO N=5 K=10, PER=0"
673799.8372972542,4,135,135,2134.837297254242,3,"KURAMOTO N=5 K=10, PER=0"
676528.8763274279,2,136,135,4863.876327427919,3,"KURAMOTO N=5 K=10, PER=0"
676864.1236725721,3,136,136,199.12367257208098,3,"KURAMOTO N=5 K=10, PER=0"
677507.9061263468,0,136,136,842.9061263467884,3,"KURAMOTO N=5 K=10, PER=0"
678155.3237105084,1,136,136,1490.3237105084118,3,"KURAMOTO N=5 K=10, PER=0"
678799.8372972542,4,136,136,2134.837297254242,3,"KURAMOTO N=5 K=10, PER=0"
681526.831663725,2,137,136,4861.831663724966,3,"KURAMOTO N=5 K=10, PER=0"
681866.168336275,3,137,137,201.16833627503365,3,"KURAMOTO N=5 K=10, PER=0"
682511.524115991,0,137,137,846.5241159909638,3,"KURAMOTO N=5 K=10, PER=0"
683155.3237105084,1,137,137,1490.3237105084118,3,"KURAMOTO N=5 K=10, PER=0"
683803.4584561419,4,137,137,2138.458456141874,3,"KURAMOTO N=5 K=10, PER=0"
686524.7635796875,2,138,137,4859.763579687453,3,"KURAMOTO N=5 K=10, PER=0"
686868.2364203125,3,138,138,203.23642031254712,3,"KURAMOTO N=5 K=10, PER=0"
687515.1489217454,0,138,138,850.1489217453636,3,"KURAMOTO N=5 K=10, PER=0"
688158.9417744876,1,138,138,1493.9417744876118,3,"KURAMOTO N=5 K=10, PER=0"
688803.4584561419,4,138,138,2138.458456141874,3,"KURAMOTO N=5 K=10, PER=0"
691522.6718626069,2,139,138,4857.6718626068905,3,"KURAMOTO N=5 K=10, PER=0"
691870.3281373931,3,139,139,205.3281373931095,3,"KURAMOTO N=5 K=10, PER=0"
692515.1489217454,0,139,139,850.1489217453636,3,"KURAMOTO N=5 K=10, PER=0"
693162.5598092297,1,139,139,1497.559809229686,3,"KURAMOTO N=5 K=10, PER=0"
693807.0796284385,4,139,139,2142.079628438456,3,"KURAMOTO N=5 K=10, PER=0"
696520.5562999004,2,140,139,4855.556299900403,3,"KURAMOTO N=5 K=10, PER=0"
696872.4437000996,3,140,140,207.44370009959675,3,"KURAMOTO N=5 K=10, PER=0"
697518.7714113311,0,140,140,853.7714113311376,3,"KURAMOTO N=5 K=10, PER=0"
698162.5598092297,1,140,140,1497.559809229686,3,"KURAMOTO N=5 K=10, PER=0"
698810.7008143289,4,140,140,2145.700814328855,3,"KURAMOTO N=5 K=10, PER=0"
701518.4166792004,2,141,140,4853.416679200367,3,"KURAMOTO N=5 K=10, PER=0"
701874.5833207996,3,141,141,209.58332079963293,3,"KURAMOTO N=5 K=10, PER=0"
702518.7714113311,0,141,141,853.7714113311376,3,"KURAMOTO N=5 K=10, PER=0"
703166.1778246522,1,141,141,1501.1778246521717,3,"KURAMOTO N=5 K=10, PER=0"
703810.7008143289,4,141,141,2145.700814328855,3,"KURAMOTO N=5 K=10, PER=0"
706516.2527884474,2,142,141,4851.252788447426,3,"KURAMOTO N=5 K=10, PER=0"
706876.7472115526,3,142,142,211.7472115525743,3,"KURAMOTO N=5 K=10, PER=0"
707522.391159667,0,142,142,857.3911596670514,3,"KURAMOTO N=5 K=10, PER=0"
708166.1778246522,1,142,142,1501.1778246521717,3,"KURAMOTO N=5 K=10, PER=0"
708814.3220139554,4,142,142,2149.322013955447,3,"KURAMOTO N=5 K=10, PER=0"
711514.064415987,2,143,142,4849.064415986999,3,"KURAMOTO N=5 K=10, PER=0"
711878.935584013,3,143,143,213.93558401300106,3,"KURAMOTO N=5 K=10, PER=0"
712522.391159667,0,143,143,857.3911596670514,3,"KURAMOTO N=5 K=10, PER=0"
713169.7958325595,1,143,143,1504.7958325594664,3,"KURAMOTO N=5 K=10, PER=0"
713814.3220139554,4,143,143,2149.322013955447,3,"KURAMOTO N=5 K=10, PER=0"
716511.8513506695,2,144,143,4846.851350669516,3,"KURAMOTO N=5 K=10, PER=0"
716881.1486493305,3,144,144,216.14864933048375,3,"KURAMOTO N=5 K=10, PER=0"
717526.0077314039,0,144,144,861.0077314039227,3,"KURAMOTO N=5 K=10, PER=0"
718169.7958325595,1,144,144,1504.7958325594664,3,"KURAMOTO N=5 K=10, PER=0"
718817.9432274103,4,144,144,2152.9432274103165,3,"KURAMOTO N=5 K=10, PER=0"
721509.6133819537,2,145,144,4844.613381953677,3,"KURAMOTO N=5 K=10, PER=0"
721883.3866180463,3,145,145,218.38661804632284,3,"KURAMOTO N=5 K=10, PER=0"
722529.6303868474,0,145,145,864.6303868474206,3,"KURAMOTO N=5 K=10, PER=0"
723173.4138466951,1,145,145,1508.4138466950972,3,"KURAMOTO N=5 K=10, PER=0"
723817.9432274103,4,145,145,2152.9432274103165,3,"KURAMOTO N=5 K=10, PER=0"
726507.3503000145,2,146,145,4842.350300014485,3,"KURAMOTO N=5 K=10, PER=0"
726885.6496999855,3,146,146,220.64969998551533,3,"KURAMOTO N=5 K=10, PER=0"
727529.6303868474,0,146,146,864.6303868474206,3,"KURAMOTO N=5 K=10, PER=0"
728177.0318407024,1,146,146,1512.0318407024024,3,"KURAMOTO N=5 K=10, PER=0"
728821.5644547264,4,146,146,2156.564454726409,3,"KURAMOTO N=5 K=10, PER=0"
731505.0618958537,2,147,146,4840.061895853723,3,"KURAMOTO N=5 K=10, PER=0"
731887.9381041463,3,147,147,222.9381041462766,3,"KURAMOTO N=5 K=10, PER=0"
732533.2492360749,0,147,147,868.2492360748583,3,"KURAMOTO N=5 K=10, PER=0"
733177.0318407024,1,147,147,1512.0318407024024,3,"KURAMOTO N=5 K=10, PER=0"
733825.1856960508,4,147,147,2160.1856960507575,3,"KURAMOTO N=5 K=10, PER=0"
736502.7479614153,2,148,147,4837.747961415327,3,"KURAMOTO N=5 K=10, PER=0"
736890.2520385847,3,148,148,225.25203858467285,3,"KURAMOTO N=5 K=10, PER=0"
737536.873848597,0,148,148,871.8738485970534,3,"KURAMOTO N=5 K=10, PER=0"
738180.6498310008,1,148,148,1515.649831000832,3,"KURAMOTO N=5 K=10, PER=0"
738825.1856960508,4,148,148,2160.1856960507575,3,"KURAMOTO N=5 K=10, PER=0"
741500.4082897041,2,149,148,4835.408289704123,3,"KURAMOTO N=5 K=10, PER=0"
741892.5917102959,3,149,149,227.59171029587742,3,"KURAMOTO N=5 K=10, PER=0"
742536.873848597,0,149,149,871.8738485970534,3,"KURAMOTO N=5 K=10, PER=0"
743184.26779258,1,149,149,1519.2677925799508,3,"KURAMOTO N=5 K=10, PER=0"
743828.8069514602,4,149,149,2163.8069514601957,3,"KURAMOTO N=5 K=10, PER=0"
746498.0426749086,2,150,149,4833.042674908647,3,"KURAMOTO N=5 K=10, PER=0"
746894.9573250914,3,150,150,229.9573250913527,3,"KURAMOTO N=5 K=10, PER=0"
747540.4940045552,0,150,150,875.494004555163,3,"KURAMOTO N=5 K=10, PER=0"
748184.26779258,1,150,150,1519.2677925799508,3,"KURAMOTO N=5 K=10, PER=0"
748832.42822114,4,150,150,2167.428221140057,3,"KURAMOTO N=5 K=10, PER=0"
751495.6509125279,2,151,150,4830.650912527926,3,"KURAMOTO N=5 K=10, PER=0"
751897.3490874721,3,151,151,232.34908747207373,3,"KURAMOTO N=5 K=10, PER=0"
752544.1195931126,0,151,151,879.1195931126131,3,"KURAMOTO N=5 K=10, PER=0"
753187.8857446423,1,151,151,1522.88574464235,3,"KURAMOTO N=5 K=10, PER=0"
753832.42822114,4,151,151,2167.428221140057,3,"KURAMOTO N=5 K=10, PER=0"
756493.2327995026,2,152,151,4828.232799502555,3,"KURAMOTO N=5 K=10, PER=0"
756899.7672004974,3,152,152,234.76720049744472,3,"KURAMOTO N=5 K=10, PER=0"
757544.1195931126,0,152,152,879.1195931126131,3,"KURAMOTO N=5 K=10, PER=0"
758191.5036635863,1,152,152,1526.5036635863362,3,"KURAMOTO N=5 K=10, PER=0"
758836.0495051934,4,152,152,2171.0495051933685,3,"KURAMOTO N=5 K=10, PER=0"
761490.7881343495,2,153,152,4825.78813434951,3,"KURAMOTO N=5 K=10, PER=0"
761902.2118656505,3,153,153,237.21186565048993,3,"KURAMOTO N=5 K=10, PER=0"
762547.7400535343,0,153,153,882.7400535342749,3,"KURAMOTO N=5 K=10, PER=0"
763191.5036635863,1,153,153,1526.5036635863362,3,"KURAMOTO N=5 K=10, PER=0"
763839.6708038258,4,153,153,2174.6708038258366,3,"KURAMOTO N=5 K=10, PER=0"
766488.3167173013,2,154,153,4823.3167173012625,3,"KURAMOTO N=5 K=10, PER=0"
766904.6832826987,3,154,154,239.68328269873746,3,"KURAMOTO N=5 K=10, PER=0"
767551.3656053506,0,154,154,886.3656053505838,3,"KURAMOTO N=5 K=10, PER=0"
768195.1215715082,1,154,154,1530.1215715082362,3,"KURAMOTO N=5 K=10, PER=0"
768839.6708038258,4,154,154,2174.6708038258366,3,"KURAMOTO N=5 K=10, PER=0"
771485.8183504494,2,155,154,4820.818350449437,3,"KURAMOTO N=5 K=10, PER=0"
771907.1816495506,3,155,155,242.18164955056272,3,"KURAMOTO N=5 K=10, PER=0"
772551.3656053506,0,155,155,886.3656053505838,3,"KURAMOTO N=5 K=10, PER=0"
773198.7394462791,1,155,155,1533.7394462791272,3,"KURAMOTO N=5 K=10, PER=0"
773843.2921171483,4,155,155,2178.2921171482885,3,"KURAMOTO N=5 K=10, PER=0"
776483.2928378923,2,156,155,4818.29283789231,3,"KURAMOTO N=5 K=10, PER=0"
776909.7071621077,3,156,156,244.70716210769024,3,"KURAMOTO N=5 K=10, PER=0"
777554.9853357646,0,156,156,889.9853357645916,3,"KURAMOTO N=5 K=10, PER=0"
778198.7394462791,1,156,156,1533.7394462791272,3,"KURAMOTO N=5 K=10, PER=0"
778846.913445368,4,156,156,2181.9134453679435,3,"KURAMOTO N=5 K=10, PER=0"
781480.7399858868,2,157,156,4815.739985886845,3,"KURAMOTO N=5 K=10, PER=0"
781912.2600141132,3,157,157,247.2600141131552,3,"KURAMOTO N=5 K=10, PER=0"
782558.6098056387,0,157,157,893.6098056386691,3,"KURAMOTO N=5 K=10, PER=0"
783202.3573130022,1,157,157,1537.3573130022269,3,"KURAMOTO N=5 K=10, PER=0"
783846.913445368,4,157,157,2181.9134453679435,3,"KURAMOTO N=5 K=10, PER=0"
786478.1596030049,2,158,157,4813.159603004926,3,"KURAMOTO N=5 K=10, PER=0"
786914.8403969951,3,158,158,249.84039699507412,3,"KURAMOTO N=5 K=10, PER=0"
787558.6098056387,0,158,158,893.6098056386691,3,"KURAMOTO N=5 K=10, PER=0"
788205.9751510876,1,158,158,1540.975151087623,3,"KURAMOTO N=5 K=10, PER=0"
788850.5347885841,4,158,158,2185.534788584104,3,"KURAMOTO N=5 K=10, PER=0"
791475.5515002941,2,159,158,4810.551500294125,3,"KURAMOTO N=5 K=10, PER=0"
791917.4484997059,3,159,159,252.4484997058753,3,"KURAMOTO N=5 K=10, PER=0"
792562.2277387084,0,159,159,897.2277387083741,3,"KURAMOTO N=5 K=10, PER=0"
793205.9751510876,1,159,159,1540.975151087623,3,"KURAMOTO N=5 K=10, PER=0"
793854.1561469857,4,159,159,2189.1561469857115,3,"KURAMOTO N=5 K=10, PER=0"
796472.9154914425,2,160,159,4807.915491442545,3,"KURAMOTO N=5 K=10, PER=0"
796920.0845085575,3,160,160,255.08450855745468,3,"KURAMOTO N=5 K=10, PER=0"
797565.8500483624,0,160,160,900.8500483623939,3,"KURAMOTO N=5 K=10, PER=0"
798209.5929887611,1,160,160,1544.592988761142,3,"KURAMOTO N=5 K=10, PER=0"
798854.1561469857,4,160,160,2189.1561469857115,3,"KURAMOTO N=5 K=10, PER=0"
801470.2513929484,2,161,160,4805.251392948441,3,"KURAMOTO N=5 K=10, PER=0"
801922.7486070516,3,161,161,257.7486070515588,3,"KURAMOTO N=5 K=10, PER=0"
802565.8500483624,0,161,161,900.8500483623939,3,"KURAMOTO N=5 K=10, PER=0"
803213.2108070396,1,161,161,1548.2108070396353,3,"KURAMOTO N=5 K=10, PER=0"
803857.7775206403,4,161,161,2192.7775206402875,3,"KURAMOTO N=5 K=10, PER=0"
806467.5590242941,2,162,161,4802.55902429414,3,"KURAMOTO N=5 K=10, PER=0"
806925.4409757059,3,162,162,260.4409757058602,3,"KURAMOTO N=5 K=10, PER=0"
807569.4650832734,0,162,162,904.4650832733605,3,"KURAMOTO N=5 K=10, PER=0"
808213.2108070396,1,162,162,1548.2108070396353,3,"KURAMOTO N=5 K=10, PER=0"
808861.3989096979,4,162,162,2196.398909697891,3,"KURAMOTO N=5 K=10, PER=0"
811464.8382081243,2,163,162,4799.838208124274,3,"KURAMOTO N=5 K=10, PER=0"
811928.1617918757,3,163,163,263.1617918757256,3,"KURAMOTO N=5 K=10, PER=0"
812573.0841207528,0,163,163,908.0841207527556,3,"KURAMOTO N=5 K=10, PER=0"
813216.8286373896,1,163,163,1551.8286373895826,3,"KURAMOTO N=5 K=10, PER=0"
813861.3989096979,4,163,163,2196.398909697891,3,"KURAMOTO N=5 K=10, PER=0"
816462.0887704283,2,164,163,4797.088770428323,3,"KURAMOTO N=5 K=10, PER=0"
816930.9112295717,3,164,164,265.9112295716768,3,"KURAMOTO N=5 K=10, PER=0"
817576.7070500837,0,164,164,911.7070500836708,3,"KURAMOTO N=5 K=10, PER=0"
818220.4464625042,1,164,164,1555.4464625042165,3,"KURAMOTO N=5 K=10, PER=0"
818865.0203141728,4,164,164,2200.0203141728416,3,"KURAMOTO N=5 K=10, PER=0"
821459.310540728,2,165,164,4794.310540728038,3,"KURAMOTO N=5 K=10, PER=0"
821933.689459272,3,165,165,268.6894592719618,3,"KURAMOTO N=5 K=10, PER=0"
822576.7070500837,0,165,165,911.7070500836708,3,"KURAMOTO N=5 K=10, PER=0"
823224.0642654818,1,165,165,1559.0642654817784,3,"KURAMOTO N=5 K=10, PER=0"
823868.6417341547,4,165,165,2203.641734154662,3,"KURAMOTO N=5 K=10, PER=0"
826456.5033522687,2,166,165,4791.503352268715,3,"KURAMOTO N=5 K=10, PER=0"
826936.4966477313,3,166,166,271.4966477312846,3,"KURAMOTO N=5 K=10, PER=0"
827580.3217210063,0,166,166,915.3217210063012,3,"KURAMOTO N=5 K=10, PER=0"
828224.0642654818,1,166,166,1559.0642654817784,3,"KURAMOTO N=5 K=10, PER=0"
828872.2631698062,4,166,166,2207.263169806218,3,"KURAMOTO N=5 K=10, PER=0"
831453.6670422152,2,167,166,4788.667042215238,3,"KURAMOTO N=5 K=10, PER=0"
831939.3329577848,3,167,167,274.3329577847617,3,"KURAMOTO N=5 K=10, PER=0"
832583.9398954771,0,167,167,918.9398954771459,3,"KURAMOTO N=5 K=10, PER=0"
833227.6820820431,1,167,167,1562.6820820431458,3,"KURAMOTO N=5 K=10, PER=0"
833872.2631698062,4,167,167,2207.263169806218,3,"KURAMOTO N=5 K=10, PER=0"
836450.801451852,2,168,167,4785.801451851963,3,"KURAMOTO N=5 K=10, PER=0"
836942.198548148,3,168,168,277.19854814803693,3,"KURAMOTO N=5 K=10, PER=0"
837587.5614587932,0,168,168,922.5614587932359,3,"KURAMOTO N=5 K=10, PER=0"
838231.2998970522,1,168,168,1566.2998970522312,3,"KURAMOTO N=5 K=10, PER=0"
838875.8846211366,4,168,168,2210.884621136589,3,"KURAMOTO N=5 K=10, PER=0"
841447.9064267877,2,169,168,4782.906426787726,3,"KURAMOTO N=5 K=10, PER=0"
841945.0935732123,3,169,169,280.09357321227435,3,"KURAMOTO N=5 K=10, PER=0"
842591.1862954086,0,169,169,926.1862954086391,3,"KURAMOTO N=5 K=10, PER=0"
843234.9176958048,1,169,169,1569.9176958048483,3,"KURAMOTO N=5 K=10, PER=0"
843879.5060882203,4,169,169,2214.5060882202815,3,"KURAMOTO N=5 K=10, PER=0"
846444.9818171641,2,170,169,4779.981817164109,3,"KURAMOTO N=5 K=10, PER=0"
846948.0181828359,3,170,170,283.0181828358909,3,"KURAMOTO N=5 K=10, PER=0"
847591.1862954086,0,170,170,926.1862954086391,3,"KURAMOTO N=5 K=10, PER=0"
848238.5354640337,1,170,170,1573.5354640337173,3,"KURAMOTO N=5 K=10, PER=0"
848883.1275711958,4,170,170,2218.1275711958297,3,"KURAMOTO N=5 K=10, PER=0"
851442.0274778686,2,171,170,4777.0274778686,3,"KURAMOTO N=5 K=10, PER=0"
851950.9725221314,3,171,171,285.9725221314002,3,"KURAMOTO N=5 K=10, PER=0"
852594.8016197055,0,171,171,929.8016197055113,3,"KURAMOTO N=5 K=10, PER=0"
853238.5354640337,1,171,171,1573.5354640337173,3,"KURAMOTO N=5 K=10, PER=0"
853886.7490702643,4,171,171,2221.7490702642826,3,"KURAMOTO N=5 K=10, PER=0"
856439.0432687514,2,172,171,4774.043268751353,3,"KURAMOTO N=5 K=10, PER=0"
856953.9567312486,3,172,172,288.956731248647,3,"KURAMOTO N=5 K=10, PER=0"
857598.419811628,0,172,172,933.419811627944,3,"KURAMOTO N=5 K=10, PER=0"
858242.1532428622,1,172,172,1577.1532428622013,3,"KURAMOTO N=5 K=10, PER=0"
858886.7490702643,4,172,172,2221.7490702642826,3,"KURAMOTO N=5 K=10, PER=0"
861436.0290548464,2,173,172,4771.029054846382,3,"KURAMOTO N=5 K=10, PER=0"
861956.9709451536,3,173,173,291.97094515361823,3,"KURAMOTO N=5 K=10, PER=0"
862602.0407516838,0,173,173,937.0407516837586,3,"KURAMOTO N=5 K=10, PER=0"
863245.771019899,1,173,173,1580.7710198990535,3,"KURAMOTO N=5 K=10, PER=0"
863890.3705854494,4,173,173,2225.370585449389,3,"KURAMOTO N=5 K=10, PER=0"
866432.9847065964,2,174,173,4767.984706596355,3,"KURAMOTO N=5 K=10, PER=0"
866960.0152934036,3,174,174,295.01529340364505,3,"KURAMOTO N=5 K=10, PER=0"
867605.6643195711,0,174,174,940.6643195711076,3,"KURAMOTO N=5 K=10, PER=0"
868249.3887832176,1,174,174,1584.3887832176406,3,"KURAMOTO N=5 K=10, PER=0"
868893.9921168287,4,174,174,2228.992116828682,3,"KURAMOTO N=5 K=10, PER=0"
871429.9101000812,2,175,174,4764.910100081237,3,"KURAMOTO N=5 K=10, PER=0"
871963.0898999188,3,175,175,298.08989991876297,3,"KURAMOTO N=5 K=10, PER=0"
872605.6643195711,0,175,175,940.6643195711076,3,"KURAMOTO N=5 K=10, PER=0"
873253.0065213612,1,175,175,1588.0065213611815,3,"KURAMOTO N=5 K=10, PER=0"
873897.6136645316,4,175,175,2232.6136645316146,3,"KURAMOTO N=5 K=10, PER=0"
876426.8051172505,2,176,175,4761.805117250537,3,"KURAMOTO N=5 K=10, PER=0"
876966.1948827495,3,176,176,301.19488274946343,3,"KURAMOTO N=5 K=10, PER=0"
877609.277066057,0,176,176,944.2770660569659,3,"KURAMOTO N=5 K=10, PER=0"
878253.0065213612,1,176,176,1588.0065213611815,3,"KURAMOTO N=5 K=10, PER=0"
878901.2352287379,4,176,176,2236.2352287379326,3,"KURAMOTO N=5 K=10, PER=0"
881423.6696461595,2,177,176,4758.669646159513,3,"KURAMOTO N=5 K=10, PER=0"
881969.3303538405,3,177,177,304.3303538404871,3,"KURAMOTO N=5 K=10, PER=0"
882612.892017374,0,177,177,947.892017374048,3,"KURAMOTO N=5 K=10, PER=0"
883256.624281154,1,177,177,1591.6242811540142,3,"KURAMOTO N=5 K=10, PER=0"
883901.2352287379,4,177,177,2236.2352287379326,3,"KURAMOTO N=5 K=10, PER=0"
886420.5035812082,2,178,177,4755.503581208177,3,"KURAMOTO N=5 K=10, PER=0"
886972.4964187918,3,178,178,307.4964187918231,3,"KURAMOTO N=5 K=10, PER=0"
887616.5090493578,0,178,178,951.5090493578464,3,"KURAMOTO N=5 K=10, PER=0"
888260.2420531275,1,178,178,1595.2420531274984,3,"KURAMOTO N=5 K=10, PER=0"
888904.8568094252,4,178,178,2239.8568094251677,3,"KURAMOTO N=5 K=10, PER=0"
891417.3068233837,2,179,178,4752.3068233836675,3,"KURAMOTO N=5 K=10, PER=0"
891975.6931766163,3,179,179,310.6931766163325,3,"KURAMOTO N=5 K=10, PER=0"
892620.1280370794,0,179,179,955.1280370793538,3,"KURAMOTO N=5 K=10, PER=0"
893263.8598283103,1,179,179,1598.8598283103202,3,"KURAMOTO N=5 K=10, PER=0"
893908.478406612,4,179,179,2243.4784066119464,3,"KURAMOTO N=5 K=10, PER=0"
896414.0792805059,2,180,179,4749.079280505888,3,"KURAMOTO N=5 K=10, PER=0"
896978.9207194941,3,180,180,313.92071949411184,3,"KURAMOTO N=5 K=10, PER=0"
897623.7488548588,0,180,180,958.7488548588008,3,"KURAMOTO N=5 K=10, PER=0"
898267.4775982343,1,180,180,1602.4775982343126,3,"KURAMOTO N=5 K=10, PER=0"
898912.1000203558,4,180,180,2247.100020355778,3,"KURAMOTO N=5 K=10, PER=0"
