run_id,final_10_cycle_adjacent_phase_gap_std_mean_rad,final_10_observed_cycle_count,coupling_function,device_count,k
019f666a-ce26-7d8c-9dde-6368ae62a108_0000,0.5362306594597357,10,LINEAR,5,30
019f666a-ce27-7891-ba6c-2e521dfc2a03_0001,0.7103610692900467,10,LINEAR,5,30
019f666a-ce28-7893-ac54-838d94535dc1_0002,0.9221708076057329,10,LINEAR,5,30
019f666a-ce29-7926-aeec-85d6dc4644b4_0003,0.9146698818836259,10,LINEAR,5,30
019f666a-ce2a-7840-b20d-b82fe81cd3d8_0004,0.6333458651466204,10,LINEAR,5,30
019f666a-ce2b-70a1-a5ef-83b5eccb1c0a_0005,0.43984464205070956,10,LINEAR,5,30
019f666a-ce2c-71e7-94f9-e3f648adc29e_0006,0.6917797394238676,10,LINEAR,5,30
019f666a-ce2d-7f2c-8dff-a97e6120f0a6_0007,0.8757498590082617,10,LINEAR,5,30
019f666a-ce2e-7b62-866d-3f76ded2f4d7_0008,0.9194173658023372,10,LINEAR,5,30
019f666a-ce2f-7abf-9a6e-90b5f85a89d5_0009,0.42632199663275305,10,LINEAR,5,30
019f666a-ce30-7a0a-8b82-810b929d71b9_0010,0.6384413695765587,10,LINEAR,5,30
019f666a-ce31-7abb-8984-8be8002057d2_0011,0.924812897146888,10,LINEAR,5,30
019f666a-ce32-7646-8200-6d822bda11be_0012,0.6084080805740212,10,LINEAR,5,30
019f666a-ce33-702e-a07d-5e04b302377c_0013,0.5916374822506137,10,LINEAR,5,30
019f666a-ce34-7a08-b8e2-32b1053ffb38_0014,0.7475019088750622,10,LINEAR,5,30
019f666a-ce35-763c-9fdf-7c758ab7796e_0015,0.6194941742756989,10,LINEAR,5,30
019f666a-ce36-7be2-9af0-e3af71bbdf41_0016,0.6701340172831406,10,LINEAR,5,30
019f666a-ce37-758e-8355-4c9a9dd07805_0017,0.5227265251074884,10,LINEAR,5,30
019f666a-ce38-7829-8430-46ec77185c4f_0018,0.9156992473538013,10,LINEAR,5,30
019f666a-ce39-7d43-a75e-575683c49e10_0019,0.6482703962565948,10,LINEAR,5,30
019f666a-ce3a-748a-a983-20b0405fe641_0020,0.8544949667840405,10,LINEAR,5,30
019f666a-ce3b-7fb4-b07b-f1dbcf0e3008_0021,0.5101358018816461,10,LINEAR,5,30
019f666a-ce3c-7efd-bc6a-4c534858fa4b_0022,0.42221244352506415,10,LINEAR,5,30
019f666a-ce3d-7894-bac8-9c22401f82d0_0023,0.8516006218789848,10,LINEAR,5,30
019f666a-ce3e-7c3f-882d-e377551bb9a4_0024,0.7270216215551988,10,LINEAR,5,30
019f666a-ce3f-70be-879d-19f5f5462b4e_0025,0.7037939884288997,10,LINEAR,5,30
019f666a-ce40-7d65-9238-c65a7e3b7b82_0026,0.4411158799064441,10,LINEAR,5,30
019f666a-ce41-7317-a3cc-f2a279518e8a_0027,0.7490708777886702,10,LINEAR,5,30
019f666a-ce42-7759-add8-db4ce5d71710_0028,0.6798237340014401,10,LINEAR,5,30
019f666a-ce43-7f3e-b9ac-4d0e94040291_0029,0.8741562701796324,10,LINEAR,5,30
019f666a-ce44-7a9d-a9ac-bceeb216bb42_0030,0.7383937873363546,10,LINEAR,5,30
019f666a-ce45-7428-89a1-8734dea6fffc_0031,0.5590694257448521,10,LINEAR,5,30
019f666a-ce46-7723-97eb-b3149e7803bf_0032,0.3593733689356161,10,LINEAR,5,30
019f666a-ce47-7432-badf-420069fda3ac_0033,0.592920325208633,10,LINEAR,5,30
019f666a-ce48-78c9-95a3-9cb5da7e05cb_0034,0.8723948712619889,10,LINEAR,5,30
019f666a-ce49-7ce1-9cc1-2df5a58e5fb5_0035,0.8767351559131296,10,LINEAR,5,30
019f666a-ce4a-7b37-a872-efa38b76fad6_0036,0.9267985263855252,10,LINEAR,5,30
019f666a-ce4b-7e1a-8e84-fee3d5bcce61_0037,0.8193339433762192,10,LINEAR,5,30
019f666a-ce4c-7552-9cee-d99e258f9d78_0038,0.9140245415788805,10,LINEAR,5,30
019f666a-ce4d-79e5-bf88-ff06f7614865_0039,0.915943919401992,10,LINEAR,5,30
019f666a-ce4e-744f-8735-ed8946c84cd0_0040,0.6362254810081324,10,LINEAR,5,30
019f666a-ce4f-7d1b-b316-970ab813a66e_0041,0.7656823877029298,10,LINEAR,5,30
019f666a-ce50-76fe-9176-5168c649842a_0042,0.7008637637912366,10,LINEAR,5,30
019f666a-ce51-76c6-befe-7ef5a81c3ed5_0043,0.9232668565261026,10,LINEAR,5,30
019f666a-ce52-7d3d-b52e-18f244b9cfdd_0044,0.4210030275149178,10,LINEAR,5,30
019f666a-ce53-7fa4-a287-d1a4da8518b4_0045,0.9217954520678655,10,LINEAR,5,30
019f666a-ce54-74ad-8356-c6da9627ce27_0046,0.6111888793974657,10,LINEAR,5,30
019f666a-ce55-76cd-bea7-43d174902251_0047,0.5333522682636892,10,LINEAR,5,30
019f666a-ce56-7930-8f27-8c39fc484fa3_0048,0.9210427248443999,10,LINEAR,5,30
019f666a-ce57-7808-9d8e-fae988df87f8_0049,0.7435227979771697,10,LINEAR,5,30
019f666a-ce58-7156-bd35-72aedfb4e5c0_0050,0.5620750824537852,10,LINEAR,5,30
019f666a-ce59-7d9d-b2dc-4380035f1a09_0051,0.7904163614005368,10,LINEAR,5,30
019f666a-ce5a-7730-9c56-a78aafd1c7fc_0052,0.5879670152238183,10,LINEAR,5,30
019f666a-ce5b-7c68-a37f-60859c99ded3_0053,0.9153168063402484,10,LINEAR,5,30
019f666a-ce5c-7eea-b4ff-012b1056b881_0054,0.5185434228099138,10,LINEAR,5,30
019f666a-ce5d-7659-aabb-f2fb46e4c9d1_0055,0.5410023193795308,10,LINEAR,5,30
019f666a-ce5e-7bf0-b187-d44096af79a3_0056,0.6781879612444455,10,LINEAR,5,30
019f666a-ce5f-78e7-9716-0eec7617a504_0057,0.913705315429296,10,LINEAR,5,30
019f666a-ce60-73f0-b79e-358d55bb1e92_0058,0.8177608362670432,10,LINEAR,5,30
019f666a-ce61-78dd-af35-2706a700583f_0059,0.4125439887761509,10,LINEAR,5,30
019f666a-ce62-7ebd-a536-8538dfbbbe2b_0060,0.6641799791429974,10,LINEAR,5,30
019f666a-ce63-74b4-9612-5cdf6e6897fc_0061,0.4746011641095276,10,LINEAR,5,30
019f666a-ce64-71c7-b2af-28ef93c1f83d_0062,0.7843316439487085,10,LINEAR,5,30
019f666a-ce65-7897-9d8a-d27a225ce0d7_0063,0.9234965983587481,10,LINEAR,5,30
019f666a-ce66-768a-a8e9-d4e3f4b9d290_0064,0.4430762593339487,10,LINEAR,5,30
019f666a-ce67-764a-bd47-eee23a1d4ac7_0065,0.9186891487647166,10,LINEAR,5,30
019f666a-ce68-7873-8897-c96b106b6c63_0066,0.917189955138792,10,LINEAR,5,30
019f666a-ce69-7a8e-adb3-b7e6b356bac2_0067,0.8063166896352276,10,LINEAR,5,30
019f666a-ce6a-7d53-9d31-b38f321c92e9_0068,0.6859194529887981,10,LINEAR,5,30
019f666a-ce6b-7209-8aa1-f78f5cc3f2bf_0069,0.8101701154663121,10,LINEAR,5,30
019f666a-ce6c-7dc8-bd7d-588d5b9d10f5_0070,0.4943849784467783,10,LINEAR,5,30
019f666a-ce6d-7c8f-a57a-2437a2c385a1_0071,0.8829350254810817,10,LINEAR,5,30
019f666a-ce6e-7e75-89ac-ba0bb221fd75_0072,0.5509319770438196,10,LINEAR,5,30
019f666a-ce6f-7588-bb21-cf16b544e716_0073,0.4184822438199921,10,LINEAR,5,30
019f666a-ce70-70c0-8dee-b4aaef630ec6_0074,0.6143677005717766,10,LINEAR,5,30
019f666a-ce71-7dcb-bef0-ab1c75963d8c_0075,0.6213776114793843,10,LINEAR,5,30
019f666a-ce72-79ab-9f05-64deb9718869_0076,0.8726590405215712,10,LINEAR,5,30
019f666a-ce73-707c-b934-c0e0ce3b2bc0_0077,0.6942532816282047,10,LINEAR,5,30
019f666a-ce74-71ef-80a0-ea32dbf60bec_0078,0.5498711649308416,10,LINEAR,5,30
019f666a-ce75-7c5f-bf71-b9d040cb11b1_0079,0.5710156750905726,10,LINEAR,5,30
019f666a-ce76-76b9-8eb7-3de61cecb807_0080,0.401911015114055,10,LINEAR,5,30
019f666a-ce77-7f7b-ba69-6709d975fe61_0081,0.6038153832340238,10,LINEAR,5,30
019f666a-ce78-7e50-a081-1027ebd4ff20_0082,0.8740541598492811,10,LINEAR,5,30
019f666a-ce79-79eb-bf0c-08b1be73649d_0083,0.7254559530407145,10,LINEAR,5,30
019f666a-ce7a-7ff0-83ff-e7c52a7b6216_0084,0.8783049621604269,10,LINEAR,5,30
019f666a-ce7b-7845-bff0-3ebf65f51020_0085,0.4699137170288469,10,LINEAR,5,30
019f666a-ce7c-7336-927d-88283d5861a0_0086,0.43235330056899723,10,LINEAR,5,30
019f666a-ce7d-755a-aba8-2318c5e1890d_0087,0.9212824360901399,10,LINEAR,5,30
019f666a-ce7e-7da7-8e57-259e98bd9b0a_0088,0.6112139239665912,10,LINEAR,5,30
019f666a-ce7f-78c8-b55f-6ebe0b34c526_0089,0.9218248951919179,10,LINEAR,5,30
019f666a-ce80-718b-ad6d-81bcaf27a462_0090,0.695994187727854,10,LINEAR,5,30
019f666a-ce81-7314-a133-ea08cb8d95cd_0091,0.9214068646412483,10,LINEAR,5,30
019f666a-ce82-72b3-914d-3ce72cb18979_0092,0.7373517835893619,10,LINEAR,5,30
019f666a-ce83-79d5-ae89-5bdc2b876cb0_0093,0.9196213558978206,10,LINEAR,5,30
019f666a-ce84-7097-bc33-f2a15d205b5d_0094,0.9186942374709904,10,LINEAR,5,30
019f666a-ce85-71c9-9eb3-c8d12074eb00_0095,0.918912786169263,10,LINEAR,5,30
019f666a-ce86-73ae-acde-8a4ef4233894_0096,0.9211415299962088,10,LINEAR,5,30
019f666a-ce87-72c0-b93b-c6c58eb8e700_0097,0.3757535991989211,10,LINEAR,5,30
019f666a-ce88-710a-9dff-0090791f0caa_0098,0.24216176548901566,10,LINEAR,5,30
019f666a-ce89-75bd-979f-fed30bb92baf_0099,0.6008458472834637,10,LINEAR,5,30
019f666a-ce8a-7230-bd8d-d531b6be9404_0100,0.7455863256801424,10,LINEAR,5,30
019f666a-ce8b-7cf8-9e23-474118b84278_0101,0.6303935902761205,10,LINEAR,5,30
019f666a-ce8c-72b0-a2e1-9cc6c4f17d9e_0102,0.6333583466640839,10,LINEAR,5,30
019f666a-ce8d-74c6-b5f0-79765270e327_0103,0.6162198004923077,10,LINEAR,5,30
019f666a-ce8e-77b4-b372-434ef50ef547_0104,0.8054150354385721,10,LINEAR,5,30
019f666a-ce8f-7b48-beec-bbf433a45697_0105,0.6205414162118783,10,LINEAR,5,30
019f666a-ce90-7e02-b133-8c7a9c12b4de_0106,0.9149857832851545,10,LINEAR,5,30
019f666a-ce91-79b5-b2e1-2941f7b9ce4b_0107,0.916126761607126,10,LINEAR,5,30
019f666a-ce92-7782-a5d4-ceba36d1fccd_0108,0.5092928192216372,10,LINEAR,5,30
019f666a-ce93-71f6-9868-bf0c30a3d157_0109,0.40525996782728485,10,LINEAR,5,30
019f666a-ce94-7af8-a932-f4594fa9d1fe_0110,0.8115039136164064,10,LINEAR,5,30
019f666a-ce95-78cd-9070-2e8e6e589f57_0111,0.6153835729520175,10,LINEAR,5,30
019f666a-ce96-7976-9ef2-9c6532b81f45_0112,0.6442444058250791,10,LINEAR,5,30
019f666a-ce97-7b1d-ac5c-abb395d3cfbe_0113,0.2992380722368045,10,LINEAR,5,30
019f666a-ce98-7799-bff2-34559d4fb40e_0114,0.5951861746312526,10,LINEAR,5,30
019f666a-ce99-7651-aee4-746f4073dc5c_0115,0.4558250456530725,10,LINEAR,5,30
019f666a-ce9a-797f-bd3c-d250a62f5b48_0116,0.928408905711407,10,LINEAR,5,30
019f666a-ce9b-7954-bd14-8d5ee4327745_0117,0.8840292335507527,10,LINEAR,5,30
019f666a-ce9c-77c9-ab62-c710632e507c_0118,0.5320004708785262,10,LINEAR,5,30
019f666a-ce9d-78fc-badc-d4ba1eea1ab8_0119,0.6141741989341667,10,LINEAR,5,30
019f666a-ce9e-74ef-bec2-f1ec9b0cc2b4_0120,0.6166069194277642,10,LINEAR,5,30
019f666a-ce9f-7178-9987-d9865077e3ec_0121,0.8807307736922535,10,LINEAR,5,30
019f666a-cea0-794a-bbff-d1e4667caf82_0122,0.540702608953678,10,LINEAR,5,30
019f666a-cea1-750b-9ae0-da9f86c632b6_0123,0.3532042492754008,10,LINEAR,5,30
019f666a-cea2-76c1-8439-f23f10e94114_0124,0.6120626445747239,10,LINEAR,5,30
019f666a-cea3-7985-8f24-a183d6418ac0_0125,0.8799564181802036,10,LINEAR,5,30
019f666a-cea4-7cf8-8fad-9a919054249d_0126,0.8912824145257474,10,LINEAR,5,30
019f666a-cea5-74b5-a87d-614fc03b7300_0127,0.754273494281265,10,LINEAR,5,30
019f666a-cea6-74f6-9182-bff077a4670d_0128,0.5770001753774795,10,LINEAR,5,30
019f666a-cea7-7765-8e57-6d22e3da50e3_0129,0.459136622392216,10,LINEAR,5,30
019f666a-cea8-7aa9-a1a6-1ed4dabf068f_0130,0.5661058679600849,10,LINEAR,5,30
019f666a-cea9-717e-b330-bc82997f0636_0131,0.6284735133699603,10,LINEAR,5,30
019f666a-ceaa-71a2-874b-cbb698eadbf9_0132,0.8786977643043951,10,LINEAR,5,30
019f666a-ceab-713c-8f6f-eb6c894a0f3d_0133,0.5071550777912974,10,LINEAR,5,30
019f666a-ceac-7d2e-b6c3-dead4369a63d_0134,0.7600602492370291,10,LINEAR,5,30
019f666a-cead-7c89-8ab1-0f96e2b4dc59_0135,0.7651480858730626,10,LINEAR,5,30
019f666a-ceae-7a81-8612-0355694c42d0_0136,0.8819545133886784,10,LINEAR,5,30
019f666a-ceaf-7fcd-88ae-3c7274a1bcd2_0137,0.4331489936898637,10,LINEAR,5,30
019f666a-ceb0-705d-8a97-62369a40a2c4_0138,0.4512069386464198,10,LINEAR,5,30
019f666a-ceb1-7e10-abda-a1e55403089a_0139,0.8115678190370759,10,LINEAR,5,30
019f666a-ceb2-7108-8efc-cacf7a809c8e_0140,0.3459348178860545,10,LINEAR,5,30
019f666a-ceb3-744f-90f5-9c5a0ab5b6fe_0141,0.9013316363012175,10,LINEAR,5,30
019f666a-ceb4-7305-a709-4273319770fb_0142,0.6525755156330744,10,LINEAR,5,30
019f666a-ceb5-73d2-a940-c8f744b1cdbc_0143,0.7938658362367522,10,LINEAR,5,30
019f666a-ceb6-71bc-9e30-1a48efa312ea_0144,0.8778132655390861,10,LINEAR,5,30
019f666a-ceb7-7241-91f1-af4b54a39184_0145,0.7101933469682281,10,LINEAR,5,30
019f666a-ceb8-7b00-93e6-6acc3eb1c011_0146,0.8831303973932971,10,LINEAR,5,30
019f666a-ceb9-74ea-90a3-feb4d1ef2995_0147,0.6497393578548118,10,LINEAR,5,30
019f666a-ceba-7a05-92db-7e43c9aa72f8_0148,0.2664529096973939,10,LINEAR,5,30
019f666a-cebb-7133-b7f9-38cce5da8639_0149,0.6851340872018591,10,LINEAR,5,30
019f666a-cebc-7d12-954a-b8cea81d7eea_0150,0.5128565901741169,10,LINEAR,5,30
019f666a-cebd-7b0c-ab1d-b02e18d8f5d5_0151,0.6527697031484071,10,LINEAR,5,30
019f666a-cebe-7b53-b452-d72204c01e55_0152,0.7379136490255657,10,LINEAR,5,30
019f666a-cebf-7ce5-aa99-28695d2443ae_0153,0.47622585429080394,10,LINEAR,5,30
019f666a-cec0-790b-8fcd-76c36042c7df_0154,0.7533448445065185,10,LINEAR,5,30
019f666a-cec1-76fc-8d99-122ffa25a1c5_0155,0.7258902053099832,10,LINEAR,5,30
019f666a-cec2-78c6-bc13-08936fab48a7_0156,0.8315745680777878,10,LINEAR,5,30
019f666a-cec3-7f35-a612-5439fd2afaad_0157,0.6367484349696116,10,LINEAR,5,30
019f666a-cec4-7c54-b20f-ef1eccd40c0b_0158,0.9218567243162656,10,LINEAR,5,30
019f666a-cec5-7377-a68b-bda5ce3825e9_0159,0.8574286356135099,10,LINEAR,5,30
019f666a-cec6-70fc-a2d7-b56a676ceeb4_0160,0.7882169308941693,10,LINEAR,5,30
019f666a-cec7-79d9-8413-55f3f0cab57c_0161,0.42227552122129663,10,LINEAR,5,30
019f666a-cec8-7685-a2c2-8c4ac7586bb1_0162,0.9182622758968879,10,LINEAR,5,30
019f666a-cec9-75af-bd7c-4031c8f0efda_0163,0.5586416469226341,10,LINEAR,5,30
019f666a-ceca-7253-af4c-6ec8967bf810_0164,0.5802281239948042,10,LINEAR,5,30
019f666a-cecb-7bf7-99c1-d05e704ed762_0165,0.9204188495626511,10,LINEAR,5,30
019f666a-cecc-72f8-b368-afd3d2a2cdaa_0166,0.4210761637144391,10,LINEAR,5,30
019f666a-cecd-7b28-82f1-716f54c93a1a_0167,0.8819325167268935,10,LINEAR,5,30
019f666a-cece-712b-943b-a9bcd4c220ba_0168,0.43477487225168276,10,LINEAR,5,30
019f666a-cecf-7e89-a560-1e061b27b64a_0169,0.560777730634873,10,LINEAR,5,30
019f666a-ced0-7886-9172-e279f2e89fea_0170,0.5655178465897686,10,LINEAR,5,30
019f666a-ced1-7318-b115-ef19f43e0be2_0171,0.5443736002862287,10,LINEAR,5,30
019f666a-ced2-74a4-8880-6f35aff408ab_0172,0.8030619386117923,10,LINEAR,5,30
019f666a-ced3-7cd0-82e3-b9571d03898f_0173,0.925381033882706,10,LINEAR,5,30
019f666a-ced4-713c-aa09-05fff840d481_0174,0.34935145577092336,10,LINEAR,5,30
019f666a-ced5-7995-9c6a-b785962d49f9_0175,0.5406419956488716,10,LINEAR,5,30
019f666a-ced6-70b5-9624-588735952484_0176,0.8564601194417941,10,LINEAR,5,30
019f666a-ced7-7a75-90cd-92d6893e9e96_0177,0.37989810309693367,10,LINEAR,5,30
019f666a-ced8-78c8-9ae6-5dbdcd282b12_0178,0.734139294247178,10,LINEAR,5,30
019f666a-ced9-7321-acb1-9ed58737f7b5_0179,0.9120642328464414,10,LINEAR,5,30
019f666a-ceda-7cf3-91b2-06682297831d_0180,0.9206033473544851,10,LINEAR,5,30
019f666a-cedb-7a2f-bba4-a57221399ec2_0181,0.5963968126713469,10,LINEAR,5,30
019f666a-cedc-7abc-898b-7a89573161a9_0182,0.8383870012430649,10,LINEAR,5,30
019f666a-cedd-7cac-a0a9-ad3a9606e24a_0183,0.6140777788258956,10,LINEAR,5,30
019f666a-cede-7891-aa7b-31b977ecba10_0184,0.5945313030113266,10,LINEAR,5,30
019f666a-cedf-78f6-b0d4-578bd35cb917_0185,0.9129871335524132,10,LINEAR,5,30
019f666a-cee0-7ec1-839c-c23f73275468_0186,0.27117995205154805,10,LINEAR,5,30
019f666a-cee1-7c6a-b50c-c4a64f9c51b4_0187,0.5193052731561696,10,LINEAR,5,30
019f666a-cee2-769b-b957-e72a5debfa57_0188,0.6267357622368562,10,LINEAR,5,30
019f666a-cee3-74d5-a214-0b57f6e28cda_0189,0.48103867168005443,10,LINEAR,5,30
019f666a-cee4-7cbb-b2cb-6064ca7c8f58_0190,0.3918881919543639,10,LINEAR,5,30
019f666a-cee5-7ecf-95b9-d1849cca198c_0191,0.4538441158397652,10,LINEAR,5,30
019f666a-cee6-79c2-97b2-1babdafdaaa7_0192,0.5416922744983783,10,LINEAR,5,30
019f666a-cee7-7d4f-a2df-d914cb56b346_0193,0.47415719209056045,10,LINEAR,5,30
019f666a-cee8-7609-9b6d-edc8c5ec2bf5_0194,0.7125543280990005,10,LINEAR,5,30
019f666a-cee9-73e7-a92c-58a8a54defb9_0195,0.9187773776360659,10,LINEAR,5,30
019f666a-ceea-76b7-b5fd-f569b37e0ecf_0196,0.8743335920727965,10,LINEAR,5,30
019f666a-ceeb-78ad-8b8a-18f9cf6f098f_0197,0.5956643126179632,10,LINEAR,5,30
019f666a-ceec-7537-be6e-9fb126c0e6c9_0198,0.6159392270022138,10,LINEAR,5,30
019f666a-ceed-7794-ab0d-9c632b10239c_0199,0.8957602119375407,10,LINEAR,5,30
019f666a-ceee-7bf2-99eb-48e3a8ae7c66_0200,0.8741928111206088,10,LINEAR,5,30
019f666a-ceef-7c0a-8be0-758c87d12fd3_0201,0.5068585134416732,10,LINEAR,5,30
019f666a-cef0-724d-9df2-73d71985f021_0202,0.9163135743070445,10,LINEAR,5,30
019f666a-cef1-73b3-b92c-0f19be8cd0c4_0203,0.6840229555039287,10,LINEAR,5,30
019f666a-cef2-7bcb-a2fb-2b85448dd156_0204,0.8512206636054612,10,LINEAR,5,30
019f666a-cef3-7085-a34a-ad0782f1e2a0_0205,0.35263878466797494,10,LINEAR,5,30
019f666a-cef4-7c24-8207-0b5627094bd5_0206,0.6255376082498235,10,LINEAR,5,30
019f666a-cef5-78f8-9cf7-9b2925ec60ef_0207,0.6130765344416804,10,LINEAR,5,30
019f666a-cef6-776d-8f16-1cfc02735a16_0208,0.7317778939923042,10,LINEAR,5,30
019f666a-cef7-70d1-b346-6ed5dfb0a9d4_0209,0.5680699319997794,10,LINEAR,5,30
019f666a-cef8-764b-88dc-6da9e78c6a42_0210,0.49583663117014093,10,LINEAR,5,30
019f666a-cef9-7d90-a0de-d166e6058a67_0211,0.9214152891530046,10,LINEAR,5,30
019f666a-cefa-773d-b321-1ca941c76799_0212,0.8839598805646569,10,LINEAR,5,30
019f666a-cefb-7511-a1e2-929ff598d62e_0213,0.8437206102829876,10,LINEAR,5,30
019f666a-cefc-7689-858c-6453ab6ba902_0214,0.43592369452411894,10,LINEAR,5,30
019f666a-cefd-7f2e-b5c9-9ba05ec94f44_0215,0.5205475687750678,10,LINEAR,5,30
019f666a-cefe-769c-a76e-c10ddf721951_0216,0.6241631159414406,10,LINEAR,5,30
019f666a-ceff-7354-bfda-b71bcc91ed40_0217,0.5660779890233786,10,LINEAR,5,30
019f666a-cf00-797f-abdd-460cf368ee20_0218,0.5664018459526068,10,LINEAR,5,30
019f666a-cf01-78ca-8dbd-9c81af033aec_0219,0.5155234181422502,10,LINEAR,5,30
019f666a-cf02-71bf-92bc-bd8287f16689_0220,0.49504865422991157,10,LINEAR,5,30
019f666a-cf03-7148-ba47-571208c9f04a_0221,0.54831995104454,10,LINEAR,5,30
019f666a-cf04-763e-9f34-d3b7d6f15911_0222,0.7281757590712667,10,LINEAR,5,30
019f666a-cf05-7c72-8425-bc78bad90274_0223,0.6378743538181886,10,LINEAR,5,30
019f666a-cf06-7921-aa15-91642f65fdc5_0224,0.8790017582184507,10,LINEAR,5,30
019f666a-cf07-7180-94f7-db0fdcdc800b_0225,0.5079354565315847,10,LINEAR,5,30
019f666a-cf08-7347-a57a-6509745bff08_0226,0.4555767995662253,10,LINEAR,5,30
019f666a-cf09-7aef-be4e-5f3c99353161_0227,0.5521566657300055,10,LINEAR,5,30
019f666a-cf0a-71eb-ad97-25b45de7dfc4_0228,0.6221859861851977,10,LINEAR,5,30
019f666a-cf0b-792b-9ded-982ac19e8bc8_0229,0.7820780675330761,10,LINEAR,5,30
019f666a-cf0c-71db-9725-3b1527549ca4_0230,0.5980789432898332,10,LINEAR,5,30
019f666a-cf0d-71a9-973d-e5c8b7348bb7_0231,0.41910577288974327,10,LINEAR,5,30
019f666a-cf0e-72eb-b8dd-60e13b5c8ba5_0232,0.5418916988585687,10,LINEAR,5,30
019f666a-cf0f-7e12-adb4-e40c70942c9a_0233,0.44651199899213906,10,LINEAR,5,30
019f666a-cf10-79e3-b285-7f796c6e5839_0234,0.3488154904698591,10,LINEAR,5,30
019f666a-cf11-720b-87d7-da4b3b1fec0f_0235,0.709940577404864,10,LINEAR,5,30
019f666a-cf12-7ecf-9b36-20a1191245e7_0236,0.5867305568345924,10,LINEAR,5,30
019f666a-cf13-74e2-a054-a61d03df95eb_0237,0.45357527699962663,10,LINEAR,5,30
019f666a-cf14-7772-953c-db18ad995bf9_0238,0.6284205065576112,10,LINEAR,5,30
019f666a-cf15-7613-b1f0-ddc3b43f2bfd_0239,0.5685354220047487,10,LINEAR,5,30
019f666a-cf16-7171-9a3c-ec9a82408dfd_0240,0.6799009138350159,10,LINEAR,5,30
019f666a-cf17-79c1-99c3-a683c42d5ec4_0241,0.30575354583330583,10,LINEAR,5,30
019f666a-cf18-7335-ada1-d3b3a0c47606_0242,0.44472683188516565,10,LINEAR,5,30
019f666a-cf19-7082-b1d5-4fee6ad7be52_0243,0.5444138837287842,10,LINEAR,5,30
019f666a-cf1a-70fe-b9f7-2603b23b8e02_0244,0.7887815505499819,10,LINEAR,5,30
019f666a-cf1b-7b26-b7c8-feae4e8c474e_0245,0.43659196381146737,10,LINEAR,5,30
019f666a-cf1c-7f23-bcdd-6a5e73e6dddb_0246,0.4063792103029309,10,LINEAR,5,30
019f666a-cf1d-7ef7-9cc5-17a2a150b8bb_0247,0.9178940446315359,10,LINEAR,5,30
019f666a-cf1e-769b-8f9c-98e26671cd2f_0248,0.5110082286465454,10,LINEAR,5,30
019f666a-cf1f-716f-b450-697e8fe8e166_0249,0.6083561278957355,10,LINEAR,5,30
019f666a-cf20-7110-b817-1fda954a9f12_0250,0.7977005595842527,10,LINEAR,5,30
019f666a-cf21-7a0b-96f3-47471fe5fa77_0251,0.6987460974689063,10,LINEAR,5,30
019f666a-cf22-71d9-8646-c239b3e0b071_0252,0.8805868642373282,10,LINEAR,5,30
019f666a-cf23-7425-8e3a-eec9d681bc05_0253,0.6155517791827908,10,LINEAR,5,30
019f666a-cf24-7368-8c79-67cfa8c9ebb8_0254,0.5023288420382797,10,LINEAR,5,30
019f666a-cf25-74cd-a1bb-b548ae0f93e4_0255,0.8804910521595943,10,LINEAR,5,30
019f666a-cf26-788e-83da-397e14d6f531_0256,0.4961036631655677,10,LINEAR,5,30
019f666a-cf27-7829-8c6c-a494daba6af6_0257,0.5684900159059868,10,LINEAR,5,30
019f666a-cf28-72e7-9019-0569c50486e4_0258,0.4210585975661328,10,LINEAR,5,30
019f666a-cf29-7786-aeec-b9aefd66d3e6_0259,0.5696138323061752,10,LINEAR,5,30
019f666a-cf2a-7efd-8557-3731c690d8c3_0260,0.3620345855000834,10,LINEAR,5,30
019f666a-cf2b-7385-89cc-583018bf7216_0261,0.7325705115328274,10,LINEAR,5,30
019f666a-cf2c-7cb8-ab64-58c4104981bd_0262,0.6437097473106203,10,LINEAR,5,30
019f666a-cf2d-7651-bf96-57820e9f583f_0263,0.6191354125839265,10,LINEAR,5,30
019f666a-cf2e-74a9-8517-bca989e1a44b_0264,0.9231241937545231,10,LINEAR,5,30
019f666a-cf2f-77ca-ae77-cdfd2fddf735_0265,0.6332315057607902,10,LINEAR,5,30
019f666a-cf30-7c52-8cf6-a245dba468fb_0266,0.9160464359728767,10,LINEAR,5,30
019f666a-cf31-7d7c-9ec6-3101c2033a1b_0267,0.491925662990386,10,LINEAR,5,30
019f666a-cf32-7a85-988a-fc5c147284ca_0268,0.9191702888954133,10,LINEAR,5,30
019f666a-cf33-7382-99f6-59805c01b2e2_0269,0.8725754391757373,10,LINEAR,5,30
019f666a-cf34-7632-8e25-f3dbc5b1383e_0270,0.42705820079946477,10,LINEAR,5,30
019f666a-cf35-77f7-8f57-eb613277108b_0271,0.43900767269854357,10,LINEAR,5,30
019f666a-cf36-726b-b93b-e530e20dec6e_0272,0.653844874249422,10,LINEAR,5,30
019f666a-cf37-7aa2-b435-033a9679da32_0273,0.6219970854984875,10,LINEAR,5,30
019f666a-cf38-7433-8e62-927f48d66507_0274,0.4426873408745452,10,LINEAR,5,30
019f666a-cf39-7dc1-966b-b66dc9aad6cb_0275,0.4813795439791133,10,LINEAR,5,30
019f666a-cf3a-7cf3-8dbb-4387c410920a_0276,0.5482827071476296,10,LINEAR,5,30
019f666a-cf3b-7054-9209-9646d2ecd678_0277,0.4811747327956649,10,LINEAR,5,30
019f666a-cf3c-77b3-bc75-1873cb7bf4bf_0278,0.6136968937813394,10,LINEAR,5,30
019f666a-cf3d-7836-9c00-0bd4d3c67880_0279,0.5668174536075282,10,LINEAR,5,30
019f666a-cf3e-706c-a19e-b494732c96c0_0280,0.5967552663074519,10,LINEAR,5,30
019f666a-cf3f-7711-8c48-0b65480fdf8d_0281,0.5673718419662527,10,LINEAR,5,30
019f666a-cf40-7de8-acf0-0675ae8026ab_0282,0.6816655013189857,10,LINEAR,5,30
019f666a-cf41-7718-81ad-4febc1923119_0283,0.4033509308734556,10,LINEAR,5,30
019f666a-cf42-701e-a1e1-bc6d073ec2ed_0284,0.8846519776749485,10,LINEAR,5,30
019f666a-cf43-7b45-84c6-3affe2607408_0285,0.6685163513803054,10,LINEAR,5,30
019f666a-cf44-701d-a7af-731f5be5b47c_0286,0.4069585618771744,10,LINEAR,5,30
019f666a-cf45-7805-a3cc-b995ed9bfe64_0287,0.4924112309998147,10,LINEAR,5,30
019f666a-cf46-78fe-9393-1e84b01f6c56_0288,0.30023878360865897,10,LINEAR,5,30
019f666a-cf47-7b67-b04e-1f4b3915d672_0289,0.9253603451068517,10,LINEAR,5,30
019f666a-cf48-7a5b-9757-60d8db58c82e_0290,0.8767575688653897,10,LINEAR,5,30
019f666a-cf49-72a2-b8eb-ee1c5a6cafb2_0291,0.5195534458216322,10,LINEAR,5,30
019f666a-cf4a-7f91-a2ff-51001b4cbb86_0292,0.5633612782913927,10,LINEAR,5,30
019f666a-cf4b-7dd3-87af-dd4bb52b4b5c_0293,0.7174636544142349,10,LINEAR,5,30
019f666a-cf4c-747f-b225-a6d77c0f7f62_0294,0.5886654721249402,10,LINEAR,5,30
019f666a-cf4d-7813-826c-d78ef250b2d4_0295,0.8426270464309358,10,LINEAR,5,30
019f666a-cf4e-707b-bb2c-61f741ba5085_0296,0.8433059995716065,10,LINEAR,5,30
019f666a-cf4f-71d2-b07d-4ca1a60fbb01_0297,0.4402120461344426,10,LINEAR,5,30
019f666a-cf50-7299-a3af-0afe2b0270b7_0298,0.6281097737862997,10,LINEAR,5,30
019f666a-cf51-79df-9632-6a8c3b2615db_0299,0.6349956849764282,10,LINEAR,5,30
019f666a-cf52-7101-8938-a8dfbb0403bb_0300,0.573687346702796,10,LINEAR,5,30
019f666a-cf53-7f2a-9b2f-724ccc462b5d_0301,0.5984525876295328,10,LINEAR,5,30
019f666a-cf54-76d8-b3cc-74932c8e479f_0302,0.679674135838881,10,LINEAR,5,30
019f666a-cf55-76b7-94f7-0d578d76eaf3_0303,0.7090077150083949,10,LINEAR,5,30
019f666a-cf56-78f1-9d59-b02cf65d48ad_0304,0.662455556927906,10,LINEAR,5,30
019f666a-cf57-7772-98bd-dc98da6bb483_0305,0.846718592497765,10,LINEAR,5,30
019f666a-cf58-7693-82f6-54310652997b_0306,0.6811669040675176,10,LINEAR,5,30
019f666a-cf59-7754-bee4-aef8c4c9aec5_0307,0.6254260903325536,10,LINEAR,5,30
019f666a-cf5a-75b7-a4d4-ded9ca64dca4_0308,0.4474417137005684,10,LINEAR,5,30
019f666a-cf5b-76ce-b88b-71fed9103f16_0309,0.42595858362185945,10,LINEAR,5,30
019f666a-cf5c-722a-9fed-56837719b3e2_0310,0.9261281188056284,10,LINEAR,5,30
019f666a-cf5d-7c0a-a278-6aee57c32755_0311,0.618630190532884,10,LINEAR,5,30
019f666a-cf5e-7228-bd11-64d7c4c68878_0312,0.8710889523633417,10,LINEAR,5,30
019f666a-cf5f-79dc-98ad-21fc4728a424_0313,0.8332519712155955,10,LINEAR,5,30
019f666a-cf60-7735-9f18-62c50f5d5e4f_0314,0.53435486642159,10,LINEAR,5,30
019f666a-cf61-774a-9e83-4ad0b14a84f7_0315,0.5652082404761686,10,LINEAR,5,30
019f666a-cf62-7755-9b0d-ac36d066bcf0_0316,0.6935689692254702,10,LINEAR,5,30
019f666a-cf63-7e2a-a551-d918f0f02dbb_0317,0.6536235451891625,10,LINEAR,5,30
019f666a-cf64-78ac-9b41-2b967c3b3c45_0318,0.5631377235446228,10,LINEAR,5,30
019f666a-cf65-78d1-b368-c2e8477c8e5c_0319,0.9145666663679093,10,LINEAR,5,30
019f666a-cf66-76ca-ad1a-0c790458c917_0320,0.3866845260005663,10,LINEAR,5,30
019f666a-cf67-7d72-8dad-0c623de25061_0321,0.6324270346576548,10,LINEAR,5,30
019f666a-cf68-7d31-8df0-fe82930c6d44_0322,0.9142896786144521,10,LINEAR,5,30
019f666a-cf69-7973-a509-2f6f9e652aa5_0323,0.45472282142188164,10,LINEAR,5,30
019f666a-cf6a-7281-95da-cf812e853027_0324,0.4655252564977813,10,LINEAR,5,30
019f666a-cf6b-7cbf-9f2e-d8ae598b2805_0325,0.38736979022437074,10,LINEAR,5,30
019f666a-cf6c-7537-b41c-bd14d71cb530_0326,0.6295951587197602,10,LINEAR,5,30
019f666a-cf6d-7264-ae5a-40b58fe6f5db_0327,0.5874565317044443,10,LINEAR,5,30
019f666a-cf6e-78b1-bd56-6342e33c3d95_0328,0.6019763579603704,10,LINEAR,5,30
019f666a-cf6f-74ee-a165-59c49c296b5d_0329,0.9180383526284605,10,LINEAR,5,30
019f666a-cf70-7625-8949-ec70015b3794_0330,0.6227899441665634,10,LINEAR,5,30
019f666a-cf71-7454-82d3-03484684c5e5_0331,0.586098020851135,10,LINEAR,5,30
019f666a-cf72-7b78-a8c7-f421ca018f93_0332,0.7560615128432068,10,LINEAR,5,30
019f666a-cf73-7bae-8b78-eb1c8784106e_0333,0.453888787355163,10,LINEAR,5,30
019f666a-cf74-7331-b94d-b8dda0131119_0334,0.4144110625124629,10,LINEAR,5,30
019f666a-cf75-76d4-bcda-fe4d7a2fdbcb_0335,0.9126791009178982,10,LINEAR,5,30
019f666a-cf76-7c82-b842-0bcf976acfd3_0336,0.6259890264552178,10,LINEAR,5,30
019f666a-cf77-7bc7-8ef9-5548e1415850_0337,0.8513080537719496,10,LINEAR,5,30
019f666a-cf78-7166-897f-150359baee23_0338,0.6637403243956254,10,LINEAR,5,30
019f666a-cf79-7760-8528-c5c5475538ae_0339,0.6452003248906032,10,LINEAR,5,30
019f666a-cf7a-7365-aeb1-ccf4659a9778_0340,0.5621807400611755,10,LINEAR,5,30
019f666a-cf7b-7446-bf92-be33f7041876_0341,0.568840287708231,10,LINEAR,5,30
019f666a-cf7c-7d5d-8382-4a9a8cf264ec_0342,0.5671441048847569,10,LINEAR,5,30
019f666a-cf7d-749f-985e-59513779a16b_0343,0.7146826089058173,10,LINEAR,5,30
019f666a-cf7e-7760-a2e8-dd92cdf558f6_0344,0.5899016542369335,10,LINEAR,5,30
019f666a-cf7f-7e96-8127-a18a5b3c9061_0345,0.9206583402709484,10,LINEAR,5,30
019f666a-cf80-708e-b35b-5bf9e92c6865_0346,0.5615780026175049,10,LINEAR,5,30
019f666a-cf81-7046-a9f4-60b9758cfd62_0347,0.8624051069863787,10,LINEAR,5,30
019f666a-cf82-751f-a1ee-b437759516d0_0348,0.7637717962897244,10,LINEAR,5,30
019f666a-cf83-7e92-bdd4-f1c16fd4ed4e_0349,0.6294562800388341,10,LINEAR,5,30
019f666a-cf84-7955-b0a2-fd4495b27f24_0350,0.8770081585633636,10,LINEAR,5,30
019f666a-cf85-7ee3-ab5c-a304e5c4c777_0351,0.43224773302477304,10,LINEAR,5,30
019f666a-cf86-7724-a9e9-a0bc30804a36_0352,0.5929514431315134,10,LINEAR,5,30
019f666a-cf87-7d3c-934b-f421ac71686a_0353,0.6667416084159916,10,LINEAR,5,30
019f666a-cf88-79d2-b118-80d77c6ba3fb_0354,0.4807685929495604,10,LINEAR,5,30
019f666a-cf89-7af9-a59b-12572b64e912_0355,0.48461258262558343,10,LINEAR,5,30
019f666a-cf8a-79a9-9635-10204b391489_0356,0.9201727631804827,10,LINEAR,5,30
019f666a-cf8b-7abc-b6e0-18c3889732bc_0357,0.45236743198714835,10,LINEAR,5,30
019f666a-cf8c-719b-913f-a742ef8e3039_0358,0.7960298873218757,10,LINEAR,5,30
019f666a-cf8d-749d-9046-17362e3df2bc_0359,0.391128528866912,10,LINEAR,5,30
019f666a-cf8e-713c-88bd-a162d34c91ae_0360,0.5612181705975762,10,LINEAR,5,30
019f666a-cf8f-70bf-ba22-66315b784fdb_0361,0.6388604682168102,10,LINEAR,5,30
019f666a-cf90-7b4f-8f74-a07d18ebcbe7_0362,0.4609719284050655,10,LINEAR,5,30
019f666a-cf91-7739-8142-4acf3bae1617_0363,0.813456389831345,10,LINEAR,5,30
019f666a-cf92-771e-bbe1-5245884a642b_0364,0.37739895627712516,10,LINEAR,5,30
019f666a-cf93-7885-baf5-c28a561e3899_0365,0.6341964280917338,10,LINEAR,5,30
019f666a-cf94-7e3e-b12d-fd4f4494b8ef_0366,0.5385397641577658,10,LINEAR,5,30
019f666a-cf95-7fca-9fe7-cebb3e59d29b_0367,0.8733028639430446,10,LINEAR,5,30
019f666a-cf96-7b24-9bb9-2051d87d95f3_0368,0.9145610593607486,10,LINEAR,5,30
019f666a-cf97-7d0f-afd4-2d4c7be4548b_0369,0.6254526722873275,10,LINEAR,5,30
019f666a-cf98-7596-8d3c-5162e790ce46_0370,0.45853897868661564,10,LINEAR,5,30
019f666a-cf99-7394-b1d6-f50a1efb1fb8_0371,0.45232245648712804,10,LINEAR,5,30
019f666a-cf9a-7ab9-9a9e-36c85415593b_0372,0.6011666446966087,10,LINEAR,5,30
019f666a-cf9b-721c-8ecc-5df0c9938a6d_0373,0.6018885732247833,10,LINEAR,5,30
019f666a-cf9c-7826-97e7-48c6925eaa6b_0374,0.9137449866362763,10,LINEAR,5,30
019f666a-cf9d-7df2-b646-eec7ae8b6e32_0375,0.41997821005019587,10,LINEAR,5,30
019f666a-cf9e-7b2b-9cdc-188e10b01838_0376,0.6315910706242238,10,LINEAR,5,30
019f666a-cf9f-7b8f-bffe-2b0fd189b03b_0377,0.5251527341303958,10,LINEAR,5,30
019f666a-cfa0-746c-9031-be979bb6b03d_0378,0.6173275240390107,10,LINEAR,5,30
019f666a-cfa1-7bca-8a71-181f4613ddf6_0379,0.6146853452582688,10,LINEAR,5,30
019f666a-cfa2-7cfc-83e6-c95cbb21b761_0380,0.6106204238258586,10,LINEAR,5,30
019f666a-cfa3-7080-9866-50a0bf6c422a_0381,0.9187607931665405,10,LINEAR,5,30
019f666a-cfa4-7ed4-900c-73c86b094514_0382,0.5692899070924264,10,LINEAR,5,30
019f666a-cfa5-7938-ac08-1244ce431daa_0383,0.9164446905734996,10,LINEAR,5,30
019f666a-cfa6-713b-9431-87a27f6ac73b_0384,0.5261689929196606,10,LINEAR,5,30
019f666a-cfa7-707d-a3d9-11783c4ade2a_0385,0.40844707326707796,10,LINEAR,5,30
019f666a-cfa8-7b8e-8f0e-07427452c21a_0386,0.7476784562598033,10,LINEAR,5,30
019f666a-cfa9-77dc-a9f6-10fd16c1a2f6_0387,0.5883231595478946,10,LINEAR,5,30
019f666a-cfaa-775d-95e3-f4b3d9bec6d3_0388,0.6266099275902824,10,LINEAR,5,30
019f666a-cfab-7b15-af6a-3444273175f4_0389,0.5769199283243746,10,LINEAR,5,30
019f666a-cfac-728f-a6af-4638db324c86_0390,0.39345532579044357,10,LINEAR,5,30
019f666a-cfad-7fb0-b45b-a855f886cb74_0391,0.850987088535914,10,LINEAR,5,30
019f666a-cfae-7cfb-bd15-537d898acbb7_0392,0.9203842089668599,10,LINEAR,5,30
019f666a-cfaf-7a5c-992a-113f3e37a5a4_0393,0.6161022490244035,10,LINEAR,5,30
019f666a-cfb0-796f-8d6e-53e1098f2f83_0394,0.6659010092043843,10,LINEAR,5,30
019f666a-cfb1-7699-9e14-94d5e9796843_0395,0.8334138594098903,10,LINEAR,5,30
019f666a-cfb2-7268-9218-aca22b6e13d5_0396,0.7167401537290068,10,LINEAR,5,30
019f666a-cfb3-7d30-b0cc-986e69094b62_0397,0.4334979654526788,10,LINEAR,5,30
019f666a-cfb4-7754-aa6f-d0c8fab3f292_0398,0.6642528948116041,10,LINEAR,5,30
019f666a-cfb5-7c01-beee-9c2f6c673e72_0399,0.46096407617580615,10,LINEAR,5,30
019f666a-cfb6-7503-827f-c75a217b0ad5_0400,0.3994093318553166,10,LINEAR,5,30
019f666a-cfb7-771b-9e40-acb05592d022_0401,0.9183996398697021,10,LINEAR,5,30
019f666a-cfb8-709c-b335-300e9067822e_0402,0.47244983465330126,10,LINEAR,5,30
019f666a-cfb9-7c84-85b1-bd782a7e61c4_0403,0.6112471350509524,10,LINEAR,5,30
019f666a-cfba-7ab9-899e-cd6e7a9216c5_0404,0.5425011935562734,10,LINEAR,5,30
019f666a-cfbb-73cd-968a-82a5245b6be2_0405,0.45655049140402487,10,LINEAR,5,30
019f666a-cfbc-7f48-829a-5882b8a3442e_0406,0.5350995702002554,10,LINEAR,5,30
019f666a-cfbd-75b3-9c10-73cea739316c_0407,0.47506645666584174,10,LINEAR,5,30
019f666a-cfbe-7f9a-adb9-92dd668fd00f_0408,0.8804278749913852,10,LINEAR,5,30
019f666a-cfbf-7c9d-9d15-9bd192970ccc_0409,0.4427238300343938,10,LINEAR,5,30
019f666a-cfc0-74b5-8fc7-0d6d6910932d_0410,0.7381941159036733,10,LINEAR,5,30
019f666a-cfc1-7e66-9e7d-7b1f1e40f95a_0411,0.5170030272116668,10,LINEAR,5,30
019f666a-cfc2-7e4b-95e4-c38fdf420d2b_0412,0.559042592448133,10,LINEAR,5,30
019f666a-cfc3-7c0a-a046-5c6929111993_0413,0.5896287042356587,10,LINEAR,5,30
019f666a-cfc4-7a15-8620-a3afc336968b_0414,0.5695568552729069,10,LINEAR,5,30
019f666a-cfc5-7f76-b070-b4f67e10f0d7_0415,0.6400069583490428,10,LINEAR,5,30
019f666a-cfc6-7922-bd1c-6e64654e5230_0416,0.8779861640204908,10,LINEAR,5,30
019f666a-cfc7-7c9f-809a-af8aae5131d8_0417,0.6234884137762563,10,LINEAR,5,30
019f666a-cfc8-7c26-833f-4979c474d363_0418,0.6244549473280985,10,LINEAR,5,30
019f666a-cfc9-75e5-846c-ffc7e61c15ef_0419,0.350459376891617,10,LINEAR,5,30
019f666a-cfca-7df5-96b0-3fdff43c0d33_0420,0.9155798006807092,10,LINEAR,5,30
019f666a-cfcb-7fa4-a242-faa63d7bb7c3_0421,0.606651975069939,10,LINEAR,5,30
019f666a-cfcc-77a4-8f32-3d6c44031f0f_0422,0.5550904995065007,10,LINEAR,5,30
019f666a-cfcd-7ab9-9235-25e62388138d_0423,0.5959435508251052,10,LINEAR,5,30
019f666a-cfce-74c4-9d11-a55c0b11f284_0424,0.5621402850946409,10,LINEAR,5,30
019f666a-cfcf-785e-9670-638d5170e7a4_0425,0.4804796505400774,10,LINEAR,5,30
019f666a-cfd0-7c90-89d1-99edd46ba857_0426,0.9137099322593943,10,LINEAR,5,30
019f666a-cfd1-75ae-b6ba-2f749cb50cac_0427,0.586338146659811,10,LINEAR,5,30
019f666a-cfd2-7bed-b514-e49145e49312_0428,0.4775542082862835,10,LINEAR,5,30
019f666a-cfd3-75aa-b2ce-5c28084cc173_0429,0.6731306875026863,10,LINEAR,5,30
019f666a-cfd4-71e4-8006-d7315eefa8a3_0430,0.6493268633642286,10,LINEAR,5,30
019f666a-cfd5-7786-ae7d-118f327298c6_0431,0.5454939983925498,10,LINEAR,5,30
019f666a-cfd6-7561-9695-9127f5e65d4e_0432,0.8213268784839738,10,LINEAR,5,30
019f666a-cfd7-7901-b44c-f32df744d347_0433,0.44239352026213774,10,LINEAR,5,30
019f666a-cfd8-7698-9ab4-daa3b2414667_0434,0.5918914782183782,10,LINEAR,5,30
019f666a-cfd9-7e9a-8a4b-b4d8fbc19cbb_0435,0.7999478578431386,10,LINEAR,5,30
019f666a-cfda-744c-b446-29d4cc8ac136_0436,0.7810936855756745,10,LINEAR,5,30
019f666a-cfdb-77e9-b2ff-fcd460c44d06_0437,0.5177585961342778,10,LINEAR,5,30
019f666a-cfdc-76ae-b75e-058cf0802a97_0438,0.41120547902259974,10,LINEAR,5,30
019f666a-cfdd-727e-96d1-2bfebf602eae_0439,0.8779394500291439,10,LINEAR,5,30
019f666a-cfde-7de1-bb97-f43a81b0597b_0440,0.5768568714905628,10,LINEAR,5,30
019f666a-cfdf-730c-a568-e1b0fb50105b_0441,0.7082006518466836,10,LINEAR,5,30
019f666a-cfe0-7182-8f91-6e9146551bb8_0442,0.6743107702859323,10,LINEAR,5,30
019f666a-cfe1-715c-ab14-62656eccdc53_0443,0.8847614018325786,10,LINEAR,5,30
019f666a-cfe2-77dd-a4f2-14ee8119f25b_0444,0.5886304703877384,10,LINEAR,5,30
019f666a-cfe3-7207-baf9-12ce9912ca1d_0445,0.49460200916177743,10,LINEAR,5,30
019f666a-cfe4-736e-817f-9241cecdb60c_0446,0.40225661811349783,10,LINEAR,5,30
019f666a-cfe5-7836-a1d9-dd93c462b806_0447,0.8771956632991167,10,LINEAR,5,30
019f666a-cfe6-75f1-b656-e7d0ae2cf39b_0448,0.907839377341692,10,LINEAR,5,30
019f666a-cfe7-741f-90d3-5cca3050c08a_0449,0.9152286204979874,10,LINEAR,5,30
019f666a-cfe8-71b9-9c81-5e1eff0b164f_0450,0.9212819376870034,10,LINEAR,5,30
019f666a-cfe9-7549-9a20-077eb975ce3e_0451,0.6942123746496013,10,LINEAR,5,30
019f666a-cfea-7449-aa98-8e0ecc71dc58_0452,0.6015588698528525,10,LINEAR,5,30
019f666a-cfeb-75bc-9f39-05088db7d1ca_0453,0.5716617473125504,10,LINEAR,5,30
019f666a-cfec-72cf-bca9-6bd45bcfe9cb_0454,0.5117650215734024,10,LINEAR,5,30
019f666a-cfed-79c1-9c98-f0d756e0eecc_0455,0.5536939997178998,10,LINEAR,5,30
019f666a-cfee-7e11-9588-39d5027dfd99_0456,0.6263108665425186,10,LINEAR,5,30
019f666a-cfef-7874-b56e-cffb1d8bf43c_0457,0.5910644265249484,10,LINEAR,5,30
019f666a-cff0-7822-b737-1ad0bf62ec25_0458,0.7856193570249322,10,LINEAR,5,30
019f666a-cff1-71c4-a15d-52715bd3cb53_0459,0.6838528452290784,10,LINEAR,5,30
019f666a-cff2-7f2f-baa2-2a7e489d9243_0460,0.7289234628315572,10,LINEAR,5,30
019f666a-cff3-70e6-ad86-57f4d1ff1ede_0461,0.3378463397493024,10,LINEAR,5,30
019f666a-cff4-7d87-88db-c4e05bf5697b_0462,0.41870927324891455,10,LINEAR,5,30
019f666a-cff5-765f-9f5f-03dfab35f0d9_0463,0.896274406030272,10,LINEAR,5,30
019f666a-cff6-785c-857d-901f53afae49_0464,0.9230847715634629,10,LINEAR,5,30
019f666a-cff7-7875-9dc0-433dc1819033_0465,0.8641809037796344,10,LINEAR,5,30
019f666a-cff8-7f30-b3bf-c2a3823b3491_0466,0.8762255927589886,10,LINEAR,5,30
019f666a-cff9-76bd-ba19-c5ef352a1813_0467,0.7186744226079057,10,LINEAR,5,30
019f666a-cffa-7d8e-847e-7a430922f1d3_0468,0.61814518627696,10,LINEAR,5,30
019f666a-cffb-7f55-9fcd-f0482bc5afea_0469,0.5709702695071265,10,LINEAR,5,30
019f666a-cffc-7e16-ab47-c8d266157ffa_0470,0.4163882262583253,10,LINEAR,5,30
019f666a-cffd-7222-a940-ea879d7ed491_0471,0.8777887255859854,10,LINEAR,5,30
019f666a-cffe-7d42-8cd5-c749eb4ea1c0_0472,0.8186516229843303,10,LINEAR,5,30
019f666a-cfff-70e2-bb50-0beb048debf8_0473,0.6175215218002947,10,LINEAR,5,30
019f666a-d000-7f92-a9e4-a53af026af1b_0474,0.9238290474608813,10,LINEAR,5,30
019f666a-d001-7df0-83a6-4ed46d4e1d02_0475,0.5592496616653311,10,LINEAR,5,30
019f666a-d002-77c1-b3a5-4b85b7b7a7a9_0476,0.7137888449745902,10,LINEAR,5,30
019f666a-d003-708e-ad5a-56b1003bfecb_0477,0.5755989076315524,10,LINEAR,5,30
019f666a-d004-7d20-a39c-7d47c73f16e5_0478,0.651657711264544,10,LINEAR,5,30
019f666a-d005-7418-be43-0d00be218574_0479,0.7517927208579719,10,LINEAR,5,30
019f666a-d006-7e74-98e2-4c00aa864adf_0480,0.6761876386799286,10,LINEAR,5,30
019f666a-d007-72b2-acd7-5ffa4b4addd6_0481,0.7379908077711532,10,LINEAR,5,30
019f666a-d008-7df5-bbe2-6a646d344dd9_0482,0.663582089049567,10,LINEAR,5,30
019f666a-d009-7aab-b413-718720b867a9_0483,0.5433403986816628,10,LINEAR,5,30
019f666a-d00a-74f1-ad7a-9c810214f0e0_0484,0.6946223376901365,10,LINEAR,5,30
019f666a-d00b-7b3b-8119-e2ccf9458052_0485,0.42694467027431904,10,LINEAR,5,30
019f666a-d00c-7be1-8c0b-16dd5f8bfecb_0486,0.7516469484392928,10,LINEAR,5,30
019f666a-d00d-732d-be7e-8519ce5f1087_0487,0.5391891902496135,10,LINEAR,5,30
019f666a-d00e-71cc-a5f3-8598746f2681_0488,0.9142314871394206,10,LINEAR,5,30
019f666a-d00f-7417-b268-e50070dd6f90_0489,0.32060601246701825,10,LINEAR,5,30
019f666a-d010-705a-9b9b-c698b7853994_0490,0.6799809529790609,10,LINEAR,5,30
019f666a-d011-7d6e-b9e1-7099ccd1de69_0491,0.6323930221501304,10,LINEAR,5,30
019f666a-d012-788a-827d-b8b2db994072_0492,0.5531629135936443,10,LINEAR,5,30
019f666a-d013-778f-97e7-a5973cfcf706_0493,0.5530948770299586,10,LINEAR,5,30
019f666a-d014-775d-a363-0830f3ee8fa1_0494,0.8295627506353757,10,LINEAR,5,30
019f666a-d015-704e-b422-8453ee0424fb_0495,0.7000802713840939,10,LINEAR,5,30
019f666a-d016-78b6-b465-57cd9dcb648a_0496,0.37312892616626137,10,LINEAR,5,30
019f666a-d017-711a-a52a-5b02d4821a13_0497,0.537905770026639,10,LINEAR,5,30
019f666a-d018-715b-9cbb-c6541a8f2157_0498,0.9253746548738041,10,LINEAR,5,30
019f666a-d019-7605-af7b-68209bd54dec_0499,0.6198032261963854,10,LINEAR,5,30
019f666a-d01a-7cca-91f4-f7894195a52b_0500,0.7146034794444747,10,LINEAR,5,30
019f666a-d01b-78e2-83fe-53492224a0dc_0501,0.9222983616499969,10,LINEAR,5,30
019f666a-d01c-748c-9a1f-e2215e4a533a_0502,0.6306579729610167,10,LINEAR,5,30
019f666a-d01d-7409-ae96-f23b22fa245c_0503,0.7878119995607286,10,LINEAR,5,30
019f666a-d01e-7167-be4e-9ef7ad0dd458_0504,0.8761348701619424,10,LINEAR,5,30
019f666a-d01f-79f2-aea7-226927e45689_0505,0.8764862958168042,10,LINEAR,5,30
019f666a-d020-73ca-9ddc-24d48d10a979_0506,0.6538141990262989,10,LINEAR,5,30
019f666a-d021-7a1a-9222-21262f550717_0507,0.8857440739478761,10,LINEAR,5,30
019f666a-d022-7f7a-b0c0-06065a0d5410_0508,0.6298857316473555,10,LINEAR,5,30
019f666a-d023-74c1-b463-8488fdacb93d_0509,0.5329632908942445,10,LINEAR,5,30
019f666a-d024-767b-88cd-195eb87eb4bd_0510,0.5951717571448649,10,LINEAR,5,30
019f666a-d025-7a4d-9971-7c9d23f4a8cd_0511,0.8398111405754136,10,LINEAR,5,30
019f666a-d026-7925-9339-60f570c15971_0512,0.8788588749595544,10,LINEAR,5,30
019f666a-d027-7365-9764-2ec042d042ec_0513,0.8850565932926685,10,LINEAR,5,30
019f666a-d028-7674-82e9-bb83108160af_0514,0.6533868575273158,10,LINEAR,5,30
019f666a-d029-7c14-b972-465e0886326d_0515,0.46869912226205945,10,LINEAR,5,30
019f666a-d02a-7ab9-96d0-527fe8f732c4_0516,0.5437566259982596,10,LINEAR,5,30
019f666a-d02b-70c9-8a76-9ccae3f346b4_0517,0.5891873087182722,10,LINEAR,5,30
019f666a-d02c-7e80-a906-bd8a32fc5380_0518,0.6635620496031582,10,LINEAR,5,30
019f666a-d02d-79a2-98a6-964022b2aa32_0519,0.8374485646500027,10,LINEAR,5,30
019f666a-d02e-7dc6-ad6a-d74e00fa49e0_0520,0.8755395105175822,10,LINEAR,5,30
019f666a-d02f-76f1-88d4-f298db558838_0521,0.9182064321727589,10,LINEAR,5,30
019f666a-d030-7882-bddf-f6ee9eafd4e6_0522,0.8109458656385715,10,LINEAR,5,30
019f666a-d031-7f8f-9dc9-b12248f3209b_0523,0.6258839736665196,10,LINEAR,5,30
019f666a-d032-7b64-a995-7a0b6012a084_0524,0.9177207997596367,10,LINEAR,5,30
019f666a-d033-7f28-8914-d8d208174276_0525,0.5394954451493673,10,LINEAR,5,30
019f666a-d034-7cb7-80a3-b36a47ad8d08_0526,0.7622189723246918,10,LINEAR,5,30
019f666a-d035-77ac-9b1f-9654fdb86fa5_0527,0.5447028450217929,10,LINEAR,5,30
019f666a-d036-70ef-8637-9cd736a1be3a_0528,0.8750527141813078,10,LINEAR,5,30
019f666a-d037-75a6-8439-6de6255a0422_0529,0.6018770613102566,10,LINEAR,5,30
019f666a-d038-75c7-af13-ec95834e38d4_0530,0.6488000132245311,10,LINEAR,5,30
019f666a-d039-776f-b6cd-68682b12b044_0531,0.7326789061867398,10,LINEAR,5,30
019f666a-d03a-7bdd-af0c-0b5d33912fd1_0532,0.7428244756007331,10,LINEAR,5,30
019f666a-d03b-7ae2-bceb-9bf3e0ae38d8_0533,0.6114102880095202,10,LINEAR,5,30
019f666a-d03c-7e84-a235-bc58f3e56b61_0534,0.9138388517566989,10,LINEAR,5,30
019f666a-d03d-75ff-b275-b1d393f7d2bf_0535,0.4960204950200563,10,LINEAR,5,30
019f666a-d03e-78c1-b5e3-73df4122496b_0536,0.8828393062528168,10,LINEAR,5,30
019f666a-d03f-7807-8859-bce0cb050211_0537,0.7660123514842583,10,LINEAR,5,30
019f666a-d040-7362-aeb0-94ca3a00f38a_0538,0.6525676013890207,10,LINEAR,5,30
019f666a-d041-7c5c-9e95-f8912457d210_0539,0.59028969903434,10,LINEAR,5,30
019f666a-d042-78bc-a34e-3cc4c799f356_0540,0.4057770223912945,10,LINEAR,5,30
019f666a-d043-7147-b9ee-0506e537264d_0541,0.6419194691826716,10,LINEAR,5,30
019f666a-d044-7c28-ac87-0cea1bc7fdea_0542,0.5611424136901088,10,LINEAR,5,30
019f666a-d045-7695-a382-bdfe34760bf8_0543,0.9239373747069465,10,LINEAR,5,30
019f666a-d046-7f5b-a101-66d70240039d_0544,0.5538081243639266,10,LINEAR,5,30
019f666a-d047-7721-95ee-4a757439b760_0545,0.7053925643798806,10,LINEAR,5,30
019f666a-d048-7f4c-bc4e-2ec85efb87a5_0546,0.41610319061776224,10,LINEAR,5,30
019f666a-d049-708d-8c71-a72e368b22bf_0547,0.7530590946192459,10,LINEAR,5,30
019f666a-d04a-771f-ae2e-06b24101193f_0548,0.5376582511068735,10,LINEAR,5,30
019f666a-d04b-7012-83c1-71f473fab376_0549,0.3895772510542559,10,LINEAR,5,30
019f666a-d04c-77bc-834b-8a085b204f1f_0550,0.7511780839950164,10,LINEAR,5,30
019f666a-d04d-76cf-9ae1-ec225d31a2e5_0551,0.570735282547869,10,LINEAR,5,30
019f666a-d04e-7f50-ac8c-9e4cf5cc7b2e_0552,0.8814709274755488,10,LINEAR,5,30
019f666a-d04f-70e9-ab04-25c255f9e5c5_0553,0.560420712162019,10,LINEAR,5,30
019f666a-d050-7659-af4f-2407255816b7_0554,0.5575414019741687,10,LINEAR,5,30
019f666a-d051-70ff-af94-5d629404f2ea_0555,0.5671093244646082,10,LINEAR,5,30
019f666a-d052-7370-b74c-2652dbc6fc7e_0556,0.5099846466300912,10,LINEAR,5,30
019f666a-d053-7b5f-a3e6-ba354fa2175f_0557,0.5624614887971466,10,LINEAR,5,30
019f666a-d054-7e6c-9eb4-8a2ab73e16dc_0558,0.6177545679032364,10,LINEAR,5,30
019f666a-d055-7428-a085-347200591f48_0559,0.7741717468991117,10,LINEAR,5,30
019f666a-d056-79a4-9910-891170ecaae7_0560,0.4474754885332041,10,LINEAR,5,30
019f666a-d057-7490-8952-d53d624f362f_0561,0.5913969814564144,10,LINEAR,5,30
019f666a-d058-723c-a875-33560b850823_0562,0.4249716620269585,10,LINEAR,5,30
019f666a-d059-76b0-82e1-10efa318b0ed_0563,0.5683520259756619,10,LINEAR,5,30
019f666a-d05a-7e03-a58d-095ece334e72_0564,0.564885237624229,10,LINEAR,5,30
019f666a-d05b-76f6-a99e-473e3674e057_0565,0.43630490380441855,10,LINEAR,5,30
019f666a-d05c-7a04-9e79-528959ffc251_0566,0.5795929676014447,10,LINEAR,5,30
019f666a-d05d-77d9-9213-881cc5fccfe6_0567,0.8784004968989988,10,LINEAR,5,30
019f666a-d05e-7b00-83be-a4977afe2132_0568,0.541729809931263,10,LINEAR,5,30
019f666a-d05f-7e3d-a277-a030f980abfd_0569,0.672986445616977,10,LINEAR,5,30
019f666a-d060-7d0a-884b-edf9528f437c_0570,0.5649933102477875,10,LINEAR,5,30
019f666a-d061-74e9-9648-54ea27095531_0571,0.4120473424764691,10,LINEAR,5,30
019f666a-d062-72c9-ab6b-59d834cc4200_0572,0.7073405472691295,10,LINEAR,5,30
019f666a-d063-79da-befc-4c4cc0949d03_0573,0.5448459064220905,10,LINEAR,5,30
019f666a-d064-73a3-b587-ed1f87f9b271_0574,0.8737235768690201,10,LINEAR,5,30
019f666a-d065-7434-83fb-111cb3e867ba_0575,0.9183908657672075,10,LINEAR,5,30
019f666a-d066-7826-aebc-b1a52efd09b6_0576,0.563564093340325,10,LINEAR,5,30
019f666a-d067-7db1-b560-a87279428365_0577,0.5664830702717611,10,LINEAR,5,30
019f666a-d068-7196-b8a6-8bb0675a5da8_0578,0.44553866016888977,10,LINEAR,5,30
019f666a-d069-794b-a279-18052accd1e8_0579,0.6253214542918736,10,LINEAR,5,30
019f666a-d06a-7592-867e-0fe9e31ed02c_0580,0.9250728415861286,10,LINEAR,5,30
019f666a-d06b-7214-8a28-0dbfb92405a6_0581,0.4816401088752843,10,LINEAR,5,30
019f666a-d06c-7ba7-a876-05b4626aafea_0582,0.7600857459024601,10,LINEAR,5,30
019f666a-d06d-7a2e-b12c-2578873b5b94_0583,0.401076232332806,10,LINEAR,5,30
019f666a-d06e-735d-b373-1f7f08ad0de8_0584,0.4115476924410114,10,LINEAR,5,30
019f666a-d06f-7cc1-9990-ccab5e713ed4_0585,0.6244403861759636,10,LINEAR,5,30
019f666a-d070-760b-8b4f-b93ebc73bd67_0586,0.4649444960534244,10,LINEAR,5,30
019f666a-d071-75f1-8456-4a536208bbba_0587,0.4079808656507528,10,LINEAR,5,30
019f666a-d072-7818-8f5a-a4484b24d014_0588,0.7085767405246923,10,LINEAR,5,30
019f666a-d073-7ae2-a9bb-3e9c36db414c_0589,0.7076514484468863,10,LINEAR,5,30
019f666a-d074-7196-999a-fbe7b9cfda40_0590,0.3405567813093203,10,LINEAR,5,30
019f666a-d075-7945-9dad-f7f254acfa50_0591,0.5603661409721843,10,LINEAR,5,30
019f666a-d076-7fba-89c3-baaf80f31913_0592,0.5192963725798824,10,LINEAR,5,30
019f666a-d077-75b7-8b96-d92c785eb015_0593,0.7033297674310734,10,LINEAR,5,30
019f666a-d078-7511-b203-e4e3018eec2c_0594,0.6242670519533459,10,LINEAR,5,30
019f666a-d079-7ae4-922a-f5c2fc9b050b_0595,0.6765347276947195,10,LINEAR,5,30
019f666a-d07a-72cd-9f87-385aaef87815_0596,0.9160973643800732,10,LINEAR,5,30
019f666a-d07b-7b77-acc8-79822394a623_0597,0.8267849601333144,10,LINEAR,5,30
019f666a-d07c-7c9f-ba34-f83fea6fa423_0598,0.42542511064179706,10,LINEAR,5,30
019f666a-d07d-7612-830d-41a01ac4f42a_0599,0.6058730319475149,10,LINEAR,5,30
019f666a-d07e-7911-830b-8006a60ee4a6_0600,0.6115005356308397,10,LINEAR,5,30
019f666a-d07f-7a10-b0bb-a0c06c3ebdca_0601,0.45279794562283887,10,LINEAR,5,30
019f666a-d080-7535-a2e6-f9cf1c9b1b0b_0602,0.8779627781394973,10,LINEAR,5,30
019f666a-d081-7fd1-8deb-0780f7ba086c_0603,0.8790121173524328,10,LINEAR,5,30
019f666a-d082-749d-b51a-a5f5a7bb4c7c_0604,0.655398902918136,10,LINEAR,5,30
019f666a-d083-7850-8fac-42fc6969ad74_0605,0.6251436182553987,10,LINEAR,5,30
019f666a-d084-7126-b55b-18439b4d22ee_0606,0.4830413596217862,10,LINEAR,5,30
019f666a-d085-722c-bd4c-553931d4e2f3_0607,0.5480550755853308,10,LINEAR,5,30
019f666a-d086-7a91-9aee-936b107064d7_0608,0.5791961084032436,10,LINEAR,5,30
019f666a-d087-77c3-be47-676419f85e39_0609,0.5670241673292004,10,LINEAR,5,30
019f666a-d088-7391-9f7f-22fb8f4214bb_0610,0.6571624466343986,10,LINEAR,5,30
019f666a-d089-7c7c-9945-f0a7e5befe4b_0611,0.7952747713865188,10,LINEAR,5,30
019f666a-d08a-738e-aa53-2da6ff0f5259_0612,0.7492632340565171,10,LINEAR,5,30
019f666a-d08b-7dbc-9a5a-d950b1a9f774_0613,0.5657238465894486,10,LINEAR,5,30
019f666a-d08c-7b33-8c88-26c9e3250da8_0614,0.8242380482699219,10,LINEAR,5,30
019f666a-d08d-7057-8da0-e5a76adc5e35_0615,0.9226213200085562,10,LINEAR,5,30
019f666a-d08e-705b-8798-2bac0ba7c0ae_0616,0.2818045074833621,10,LINEAR,5,30
019f666a-d08f-7cae-a490-40ca8c124c62_0617,0.5534849759083909,10,LINEAR,5,30
019f666a-d090-7811-a846-52067cee4f28_0618,0.7528520238797586,10,LINEAR,5,30
019f666a-d091-73b0-a778-afc98af3de29_0619,0.6264553745500001,10,LINEAR,5,30
019f666a-d092-7e3a-8987-3c74af4f169c_0620,0.6002972221099878,10,LINEAR,5,30
019f666a-d093-731c-b5ac-75fde5b20178_0621,0.5717078372514874,10,LINEAR,5,30
019f666a-d094-718b-8761-e43f4d7c0af9_0622,0.6203177460682852,10,LINEAR,5,30
019f666a-d095-7325-9771-14c90f3e65fa_0623,0.3989633119951764,10,LINEAR,5,30
019f666a-d096-73df-bcf4-86dbc8fbfd59_0624,0.9235062709723831,10,LINEAR,5,30
019f666a-d097-79ff-83ba-d5fac55e9203_0625,0.7256620065316699,10,LINEAR,5,30
019f666a-d098-7255-8d97-c53e6d574c39_0626,0.6325374184142663,10,LINEAR,5,30
019f666a-d099-720b-b133-c43431206948_0627,0.9210689682151783,10,LINEAR,5,30
019f666a-d09a-7276-a65f-3625f79dbc6b_0628,0.7931782044829703,10,LINEAR,5,30
019f666a-d09b-77c3-947f-af1214babef4_0629,0.680745459076072,10,LINEAR,5,30
019f666a-d09c-73b8-8393-d700ac6f4234_0630,0.9182715567890742,10,LINEAR,5,30
019f666a-d09d-7fce-9ca1-acfb65898c0c_0631,0.6151722074682057,10,LINEAR,5,30
019f666a-d09e-7969-8185-70309fabb311_0632,0.6073621077684865,10,LINEAR,5,30
019f666a-d09f-7759-a03d-49d5fbb93ece_0633,0.6671744357148027,10,LINEAR,5,30
019f666a-d0a0-740a-9a48-99ff77990979_0634,0.8993641950578148,10,LINEAR,5,30
019f666a-d0a1-7a80-8167-b40af582aec0_0635,0.6216344893737988,10,LINEAR,5,30
019f666a-d0a2-7944-b578-e67ed5d38277_0636,0.9132864301271727,10,LINEAR,5,30
019f666a-d0a3-7d8f-9734-2a2cef6e725e_0637,0.8066539534074796,10,LINEAR,5,30
019f666a-d0a4-7d63-b8a2-833394fee9fa_0638,0.8591347936561583,10,LINEAR,5,30
019f666a-d0a5-7ba7-bd49-1e0342bc6c7c_0639,0.6432696501973376,10,LINEAR,5,30
019f666a-d0a6-74d2-858f-4ed9bf46d4b9_0640,0.6251123445533787,10,LINEAR,5,30
019f666a-d0a7-7860-9538-a2d9ee3da563_0641,0.479488923076797,10,LINEAR,5,30
019f666a-d0a8-7a10-b378-b8b0fc48e560_0642,0.8323825300089304,10,LINEAR,5,30
019f666a-d0a9-752d-b621-4cdc0659ea26_0643,0.7078318532313208,10,LINEAR,5,30
019f666a-d0aa-70b4-9485-30652f370274_0644,0.9173112880182221,10,LINEAR,5,30
019f666a-d0ab-7178-b63d-67fdac0ae090_0645,0.5631231393520301,10,LINEAR,5,30
019f666a-d0ac-78c7-bfaa-1e51fcb2fb1e_0646,0.7067953488314738,10,LINEAR,5,30
019f666a-d0ad-771d-92d8-f3bb2607829d_0647,0.8729210796765823,10,LINEAR,5,30
019f666a-d0ae-74da-a651-5b463b6bc7f4_0648,0.7446262712577747,10,LINEAR,5,30
019f666a-d0af-7d15-8e42-25db85aedcd0_0649,0.40937685623646275,10,LINEAR,5,30
019f666a-d0b0-7784-ad5e-d95498521b1d_0650,0.5389394058549323,10,LINEAR,5,30
019f666a-d0b1-795f-852a-b0c4fa407eeb_0651,0.8753482700922751,10,LINEAR,5,30
019f666a-d0b2-7581-a9b7-2a0f520ddda4_0652,0.6889976057952906,10,LINEAR,5,30
019f666a-d0b3-7938-a854-6768ca322a0f_0653,0.526337991058282,10,LINEAR,5,30
019f666a-d0b4-7b08-9a09-e5c38e10843b_0654,0.6342222663629686,10,LINEAR,5,30
019f666a-d0b5-79fc-b526-910e6efac2ee_0655,0.8065146651085369,10,LINEAR,5,30
019f666a-d0b6-77ec-95b4-5791f653bf71_0656,0.7296520359920295,10,LINEAR,5,30
019f666a-d0b7-764f-96b7-89eec2ca451b_0657,0.645596043409525,10,LINEAR,5,30
019f666a-d0b8-7676-b3cc-7869f1b67c10_0658,0.8263969151334184,10,LINEAR,5,30
019f666a-d0b9-75bc-810b-b73724fcdf94_0659,0.5661958033487838,10,LINEAR,5,30
019f666a-d0ba-7020-8fab-08999655c8f0_0660,0.5289327639542362,10,LINEAR,5,30
019f666a-d0bb-7fe4-8b99-cc8c9b8838a4_0661,0.6196041378158172,10,LINEAR,5,30
019f666a-d0bc-7568-83d9-8cfba4b48caf_0662,0.44059138941525877,10,LINEAR,5,30
019f666a-d0bd-7ca0-96ba-2a6b356190ed_0663,0.439994862676111,10,LINEAR,5,30
019f666a-d0be-73a4-81ae-3d5de12fde25_0664,0.48731318318067673,10,LINEAR,5,30
019f666a-d0bf-7427-8b7d-4b879d339755_0665,0.78409201006853,10,LINEAR,5,30
019f666a-d0c0-779e-82cd-d32531efa968_0666,0.5783539078486023,10,LINEAR,5,30
019f666a-d0c1-77b4-83d4-436bb3f31059_0667,0.4741080240478115,10,LINEAR,5,30
019f666a-d0c2-7a37-ac96-8a9fc12f9449_0668,0.7213324435808722,10,LINEAR,5,30
019f666a-d0c3-71b5-8977-74abc42dd18b_0669,0.4633983010351656,10,LINEAR,5,30
019f666a-d0c4-7a3f-864e-66a086cc46a3_0670,0.697738452059643,10,LINEAR,5,30
019f666a-d0c5-750f-bc61-0ec9b676c1e1_0671,0.9181576192093865,10,LINEAR,5,30
019f666a-d0c6-7135-82e9-e3273e6828bf_0672,0.3371456865136853,10,LINEAR,5,30
019f666a-d0c7-79ff-a1a1-7de5de55d3d6_0673,0.5993172380817963,10,LINEAR,5,30
019f666a-d0c8-745b-906a-c211123f6aa3_0674,0.6389467418288717,10,LINEAR,5,30
019f666a-d0c9-7738-a635-0f47d229739d_0675,0.6029834129531957,10,LINEAR,5,30
019f666a-d0ca-71b6-bb2a-7d527de75fb8_0676,0.9217644754726037,10,LINEAR,5,30
019f666a-d0cb-77a7-8d9f-0e6885c57742_0677,0.8768324591187131,10,LINEAR,5,30
019f666a-d0cc-736c-892a-6693d9a83787_0678,0.8851841624691101,10,LINEAR,5,30
019f666a-d0cd-7df5-b772-0f3832fd9412_0679,0.9204644129509936,10,LINEAR,5,30
019f666a-d0ce-7991-a542-790cae83d88d_0680,0.46851404750357906,10,LINEAR,5,30
019f666a-d0cf-779c-8e8d-c298f14c7721_0681,0.6149152849973418,10,LINEAR,5,30
019f666a-d0d0-74c3-951b-5a82de5fd675_0682,0.8289495768793141,10,LINEAR,5,30
019f666a-d0d1-7cd7-9eb5-989986ce5864_0683,0.5977540975554547,10,LINEAR,5,30
019f666a-d0d2-7578-817c-a0328047c321_0684,0.6260857920701398,10,LINEAR,5,30
019f666a-d0d3-7c69-aaa6-e22a548c4b9a_0685,0.7169057407272612,10,LINEAR,5,30
019f666a-d0d4-77d6-9577-b5400c2f48ff_0686,0.8819282654327217,10,LINEAR,5,30
019f666a-d0d5-7f6b-8bd2-b7ffa4575f05_0687,0.5031512020518356,10,LINEAR,5,30
019f666a-d0d6-7def-a996-9b89cbe0933d_0688,0.26752250013577283,10,LINEAR,5,30
019f666a-d0d7-741e-83c9-d58af0b64b40_0689,0.7398596504977684,10,LINEAR,5,30
019f666a-d0d8-711f-a2cd-5c401536c28e_0690,0.7007524966878187,10,LINEAR,5,30
019f666a-d0d9-7deb-b322-ef4a1638d87b_0691,0.9147988815569394,10,LINEAR,5,30
019f666a-d0da-73ec-95eb-aff8a7bbc95e_0692,0.6089515496488829,10,LINEAR,5,30
019f666a-d0db-7cab-adc6-373384e7fd28_0693,0.5672202911313026,10,LINEAR,5,30
019f666a-d0dc-7e8e-8908-c527fa26196c_0694,0.5995492852360943,10,LINEAR,5,30
019f666a-d0dd-73a3-9890-6a76409efe5e_0695,0.7386111601968134,10,LINEAR,5,30
019f666a-d0de-71fb-9ce8-9bd8f1afcddc_0696,0.6006029696918558,10,LINEAR,5,30
019f666a-d0df-7c0c-966f-82ac26f0bc93_0697,0.875400708810154,10,LINEAR,5,30
019f666a-d0e0-76f3-9e79-11f16b0dab66_0698,0.4262755523551858,10,LINEAR,5,30
019f666a-d0e1-78a1-b4b5-9d3891206740_0699,0.8767116734603135,10,LINEAR,5,30
019f666a-d0e2-7440-8712-651f4b41f1ff_0700,0.7103584073234104,10,LINEAR,5,30
019f666a-d0e3-72f8-8da4-d20b7215805a_0701,0.6400919050577951,10,LINEAR,5,30
019f666a-d0e4-7515-96be-5af6ac845901_0702,0.6281156902502331,10,LINEAR,5,30
019f666a-d0e5-74d8-a310-d678479c6677_0703,0.9176325948031521,10,LINEAR,5,30
019f666a-d0e6-7a89-965c-fb0b0bfa6c95_0704,0.3391516319062027,10,LINEAR,5,30
019f666a-d0e7-7d36-928a-8ee5f67dd760_0705,0.9214025426961097,10,LINEAR,5,30
019f666a-d0e8-7306-8764-3e6c5ea686ef_0706,0.8581160699592086,10,LINEAR,5,30
019f666a-d0e9-7612-8806-f6155a1b50c2_0707,0.4233543720865011,10,LINEAR,5,30
019f666a-d0ea-7e46-877a-4066d4306090_0708,0.5654559704549185,10,LINEAR,5,30
019f666a-d0eb-7578-b3a6-f1660ae120ec_0709,0.6055551111707658,10,LINEAR,5,30
019f666a-d0ec-7176-b93f-06183bdd9ddf_0710,0.7780156702845751,10,LINEAR,5,30
019f666a-d0ed-726c-989e-74abc2488f44_0711,0.3949763585167818,10,LINEAR,5,30
019f666a-d0ee-7e6f-bc56-43d746c81c12_0712,0.9240456995563321,10,LINEAR,5,30
019f666a-d0ef-7b8c-83b6-5207e6f97cbd_0713,0.6277003614249527,10,LINEAR,5,30
019f666a-d0f0-7359-bd54-1731be6b9cad_0714,0.8730328429737406,10,LINEAR,5,30
019f666a-d0f1-70dd-bfa5-33197560e2b8_0715,0.8372761806661801,10,LINEAR,5,30
019f666a-d0f2-7c4b-9283-1a3dcab50797_0716,0.3049910378575337,10,LINEAR,5,30
019f666a-d0f3-7948-b420-7ebcc84d231a_0717,0.912911930963198,10,LINEAR,5,30
019f666a-d0f4-7474-9ae7-69ea66fb77f4_0718,0.5700546400106484,10,LINEAR,5,30
019f666a-d0f5-70a1-b513-57a6cc6f0fbd_0719,0.5321876990218442,10,LINEAR,5,30
019f666a-d0f6-7f98-8c05-b5dd855a8b77_0720,0.6089741109843431,10,LINEAR,5,30
019f666a-d0f7-78b9-b797-de3e39d67ae5_0721,0.6543289970867996,10,LINEAR,5,30
019f666a-d0f8-7a42-b739-c3285b1a23a1_0722,0.9244915268975158,10,LINEAR,5,30
019f666a-d0f9-782f-86a8-f5487405b3ad_0723,0.9174933756814381,10,LINEAR,5,30
019f666a-d0fa-7223-9e14-085cb8cfff9c_0724,0.9214290159301083,10,LINEAR,5,30
019f666a-d0fb-7391-a3c6-1835dfb741fd_0725,0.8406605389300813,10,LINEAR,5,30
019f666a-d0fc-78e0-97e3-4855492a9bec_0726,0.7192828306187387,10,LINEAR,5,30
019f666a-d0fd-7f7e-9dd9-fb6923b10afe_0727,0.8087530442647752,10,LINEAR,5,30
019f666a-d0fe-74e2-ba90-a89bc075c140_0728,0.6727060674482562,10,LINEAR,5,30
019f666a-d0ff-7e8e-8f81-ec01b0f4d615_0729,0.8740085174797834,10,LINEAR,5,30
019f666a-d100-7c08-a311-faab3e9ca865_0730,0.6038738033666537,10,LINEAR,5,30
019f666a-d101-74f9-807a-3160917de0bf_0731,0.31019396680573974,10,LINEAR,5,30
019f666a-d102-7a4c-902d-32fdabbcf1a5_0732,0.8992038727600817,10,LINEAR,5,30
019f666a-d103-7900-bce7-521a032a9ecb_0733,0.46665723097695244,10,LINEAR,5,30
019f666a-d104-7d55-9e35-ce48bb4df473_0734,0.42651003754732225,10,LINEAR,5,30
019f666a-d105-7797-b5ad-2837dd0d556b_0735,0.926191600549194,10,LINEAR,5,30
019f666a-d106-76a5-b5a0-e2e0bca50ccf_0736,0.9150187722402606,10,LINEAR,5,30
019f666a-d107-7bce-be3d-3c9ea6a5a7ac_0737,0.8771414391296928,10,LINEAR,5,30
019f666a-d108-7f84-9547-e1658942e909_0738,0.6064531433396636,10,LINEAR,5,30
019f666a-d109-71be-9359-773d8a75b3c6_0739,0.6145903713523911,10,LINEAR,5,30
019f666a-d10a-7cca-8f33-3464b216b999_0740,0.5901152126581095,10,LINEAR,5,30
019f666a-d10b-7002-a7b6-9c206b491c83_0741,0.6400386161785121,10,LINEAR,5,30
019f666a-d10c-75b5-ad28-eac8bfb544f4_0742,0.6610120875526455,10,LINEAR,5,30
019f666a-d10d-7f30-a852-f35a53d71e97_0743,0.5921308171496258,10,LINEAR,5,30
019f666a-d10e-75be-8a69-89f240e55747_0744,0.4173823089467456,10,LINEAR,5,30
019f666a-d10f-71a9-9329-d08c248cb70e_0745,0.4109521337795683,10,LINEAR,5,30
019f666a-d110-73ac-8829-a18808a40aa5_0746,0.6318681213408948,10,LINEAR,5,30
019f666a-d111-7e48-b3a8-b4db2a7469d6_0747,0.6458272144090362,10,LINEAR,5,30
019f666a-d112-7597-ae95-ececc4888349_0748,0.847500745248286,10,LINEAR,5,30
019f666a-d113-7aad-8eb6-72718ed70cb8_0749,0.6885063065662582,10,LINEAR,5,30
019f666a-d114-7c42-9ddd-d95829645b19_0750,0.4871842616994647,10,LINEAR,5,30
019f666a-d115-758c-8865-8e454a23e53b_0751,0.8953462580747571,10,LINEAR,5,30
019f666a-d116-70a4-83d3-9e95ff0faa93_0752,0.35522380740965104,10,LINEAR,5,30
019f666a-d117-7ece-9dc8-a88c99d6d063_0753,0.8849119072701465,10,LINEAR,5,30
019f666a-d118-713b-8f21-44aac7e78631_0754,0.5282619330106672,10,LINEAR,5,30
019f666a-d119-72dc-9316-4dff51ac2831_0755,0.652495945827221,10,LINEAR,5,30
019f666a-d11a-7eec-885e-9f6cec5428b3_0756,0.8721668458377806,10,LINEAR,5,30
019f666a-d11b-711e-b2bf-04ea01f97d13_0757,0.9228621974112977,10,LINEAR,5,30
019f666a-d11c-7fec-966f-7a14acdcc902_0758,0.5248498243458564,10,LINEAR,5,30
019f666a-d11d-769d-8d70-c38856c1ccf2_0759,0.918957116753465,10,LINEAR,5,30
019f666a-d11e-7379-bb5d-7284fe467be3_0760,0.38266973025457324,10,LINEAR,5,30
019f666a-d11f-7b7f-a2ef-4fef5da3b63a_0761,0.5501465834717305,10,LINEAR,5,30
019f666a-d120-7d3a-a6b3-7e69a8109d3b_0762,0.9209085634825541,10,LINEAR,5,30
019f666a-d121-7e3e-a3d6-1978413ccf85_0763,0.573796382510323,10,LINEAR,5,30
019f666a-d122-70f5-8b99-94392b5d02a8_0764,0.743365584750243,10,LINEAR,5,30
019f666a-d123-72aa-ad73-4b69ec7265ed_0765,0.807121539197125,10,LINEAR,5,30
019f666a-d124-7293-9fbb-f0706b0fb2d3_0766,0.48194358389679126,10,LINEAR,5,30
019f666a-d125-7dfc-8fe4-bba9eb6d156c_0767,0.9170381095460476,10,LINEAR,5,30
019f666a-d126-7053-adfa-2247f8e2e90c_0768,0.8776468101422908,10,LINEAR,5,30
019f666a-d127-7eec-8ffb-343e0d74e544_0769,0.7764916880333301,10,LINEAR,5,30
019f666a-d128-7d27-983c-ba24368bacbe_0770,0.5842973432288481,10,LINEAR,5,30
019f666a-d129-701b-b556-096127c9f8dd_0771,0.48877146594874876,10,LINEAR,5,30
019f666a-d12a-77cf-b93e-37c7738a14a3_0772,0.9167770941028502,10,LINEAR,5,30
019f666a-d12b-7110-9fea-7b524acf4c1b_0773,0.34899575587582554,10,LINEAR,5,30
019f666a-d12c-7f69-8522-8e8310006b12_0774,0.8723100279098743,10,LINEAR,5,30
019f666a-d12d-7eaf-b4d0-9777552ef70a_0775,0.6027179887921424,10,LINEAR,5,30
019f666a-d12e-7f5f-8af9-5aac59d15444_0776,0.6987430590033683,10,LINEAR,5,30
019f666a-d12f-7ac6-bb1a-0ea3c0466280_0777,0.6581525979998364,10,LINEAR,5,30
019f666a-d130-7943-8318-b25e25413a96_0778,0.475647373149762,10,LINEAR,5,30
019f666a-d131-782d-9ed8-d431d9b2d8b2_0779,0.8803274106671989,10,LINEAR,5,30
019f666a-d132-7054-97f0-dcab91d60cae_0780,0.5757821468239618,10,LINEAR,5,30
019f666a-d133-7626-838c-c509568bf4b3_0781,0.7624725899187428,10,LINEAR,5,30
019f666a-d134-79bd-ac90-adc678be5e94_0782,0.49805779655740856,10,LINEAR,5,30
019f666a-d135-7a18-88df-521923ed4631_0783,0.5762721644235549,10,LINEAR,5,30
019f666a-d136-7254-ae25-b3b273774318_0784,0.6754926201573095,10,LINEAR,5,30
019f666a-d137-7627-9810-1c98322b9578_0785,0.5736008298016474,10,LINEAR,5,30
019f666a-d138-70b7-958f-e56aa74784a2_0786,0.9240982339149445,10,LINEAR,5,30
019f666a-d139-760c-9639-a38341c38d54_0787,0.6932707449120594,10,LINEAR,5,30
019f666a-d13a-7728-aeb1-59c66ecf169c_0788,0.6517074408496087,10,LINEAR,5,30
019f666a-d13b-75d8-8d5d-be6ce5f1db40_0789,0.9179224524847044,10,LINEAR,5,30
019f666a-d13c-7386-bb9d-3e1c4d087a25_0790,0.6582563568618301,10,LINEAR,5,30
019f666a-d13d-7214-b0b9-ea2f75ece3ab_0791,0.8418748912158064,10,LINEAR,5,30
019f666a-d13e-73ee-a06e-5e4e849e3014_0792,0.5123860017263027,10,LINEAR,5,30
019f666a-d13f-7097-842e-8e31d4392093_0793,0.6321097292142775,10,LINEAR,5,30
019f666a-d140-7078-b120-3cbe1c58211b_0794,0.46898906278991614,10,LINEAR,5,30
019f666a-d141-795b-a645-954a82bc948b_0795,0.32530895055304193,10,LINEAR,5,30
019f666a-d142-7b8f-b06b-e53fb4e90377_0796,0.8414870158095831,10,LINEAR,5,30
019f666a-d143-73fa-8cbe-8f473948f749_0797,0.9186894974962085,10,LINEAR,5,30
019f666a-d144-7cc4-b7a2-fadccf6a37a5_0798,0.609764222336427,10,LINEAR,5,30
019f666a-d145-78c0-bccc-5ed80618a087_0799,0.9109833936816102,10,LINEAR,5,30
019f666a-d146-7148-b57e-98998156acd8_0800,0.5382546334026518,10,LINEAR,5,30
019f666a-d147-7910-b75d-9d761060273c_0801,0.3790046701194819,10,LINEAR,5,30
019f666a-d148-7529-9f2f-c4bbbade0b0c_0802,0.6042682886307009,10,LINEAR,5,30
019f666a-d149-7ed0-8076-47141b280fe9_0803,0.805006060087867,10,LINEAR,5,30
019f666a-d14a-7f1e-88a2-08b13c9beed7_0804,0.7674664471017905,10,LINEAR,5,30
019f666a-d14b-7ebe-92e3-3adf7a2dbc10_0805,0.5172714668203386,10,LINEAR,5,30
019f666a-d14c-70ed-b037-abf202a426cd_0806,0.6000632792774698,10,LINEAR,5,30
019f666a-d14d-7b02-80f1-7cda0ca4e065_0807,0.5477144860107096,10,LINEAR,5,30
019f666a-d14e-7e05-811f-de74f8226bff_0808,0.9175913660456313,10,LINEAR,5,30
019f666a-d14f-7adf-b2a3-797ce14bf228_0809,0.656270674440343,10,LINEAR,5,30
019f666a-d150-7c30-9ce7-1d694dcd55ca_0810,0.729742115330543,10,LINEAR,5,30
019f666a-d151-79fb-a048-1a11f7777cd6_0811,0.3896191174118603,10,LINEAR,5,30
019f666a-d152-74bf-b05c-ffce4207fa54_0812,0.6980987274846859,10,LINEAR,5,30
019f666a-d153-73dc-86b6-1288a0389665_0813,0.6900625681348156,10,LINEAR,5,30
019f666a-d154-7c41-8ec4-3381d9c7f1d7_0814,0.7648054119885423,10,LINEAR,5,30
019f666a-d155-7b94-bd15-f8c92cc5fc95_0815,0.5846173324933257,10,LINEAR,5,30
019f666a-d156-7084-8c42-284ca2644dbc_0816,0.8765679718474251,10,LINEAR,5,30
019f666a-d157-7a66-9aff-45e0cbab46bd_0817,0.5694919037433749,10,LINEAR,5,30
019f666a-d158-7b1e-8a2d-93e9b7dd9c7d_0818,0.34472421653678265,10,LINEAR,5,30
019f666a-d159-790b-9757-3686ab020534_0819,0.7302184069364817,10,LINEAR,5,30
019f666a-d15a-7db3-9a2d-82cce20c2efc_0820,0.6836634865152111,10,LINEAR,5,30
019f666a-d15b-79b0-8366-c3eb3c796d60_0821,0.49477775712778005,10,LINEAR,5,30
019f666a-d15c-7915-a809-c901f05c55b2_0822,0.6685553632924551,10,LINEAR,5,30
019f666a-d15d-7b8e-a100-09ce9a7c46e9_0823,0.880325926861197,10,LINEAR,5,30
019f666a-d15e-7208-83e9-5c442353209f_0824,0.6273134442361957,10,LINEAR,5,30
019f666a-d15f-7732-bd52-9e0feb90b778_0825,0.6287491849386144,10,LINEAR,5,30
019f666a-d160-70fb-a280-fbe07ff8d5a7_0826,0.8752307432043421,10,LINEAR,5,30
019f666a-d161-76ce-b60a-36c8b4ee9ade_0827,0.6866750999606263,10,LINEAR,5,30
019f666a-d162-7155-8351-3347deb5f668_0828,0.49055323550414587,10,LINEAR,5,30
019f666a-d163-7a9f-a09f-13018f71c5e2_0829,0.612381764971935,10,LINEAR,5,30
019f666a-d164-705c-a39f-e7612e29dc1f_0830,0.5674276774377223,10,LINEAR,5,30
019f666a-d165-71ac-81af-52308bb84de3_0831,0.7962432634349573,10,LINEAR,5,30
019f666a-d166-75ef-8fda-e7f9da915693_0832,0.4679438096317747,10,LINEAR,5,30
019f666a-d167-7011-bbe9-a564fa423d12_0833,0.6013864929778803,10,LINEAR,5,30
019f666a-d168-77c2-a7eb-3eee740b5a84_0834,0.7232060313457189,10,LINEAR,5,30
019f666a-d169-7abc-8de8-785785403557_0835,0.6872066832207374,10,LINEAR,5,30
019f666a-d16a-7023-9292-c1e0576661d2_0836,0.49387945534058525,10,LINEAR,5,30
019f666a-d16b-7777-ad71-ad1e3c5ccb45_0837,0.725696131640314,10,LINEAR,5,30
019f666a-d16c-7d8c-b62d-9e6a2452e035_0838,0.7177947772328204,10,LINEAR,5,30
019f666a-d16d-7a20-9035-9297cbecdeef_0839,0.4601766065429718,10,LINEAR,5,30
019f666a-d16e-7c69-997d-56b7b79e5af7_0840,0.5291855411743625,10,LINEAR,5,30
019f666a-d16f-735d-bf36-b6ff9eb3359a_0841,0.4306937185923445,10,LINEAR,5,30
019f666a-d170-7350-ab7b-49a16e88a6f5_0842,0.5736939719770051,10,LINEAR,5,30
019f666a-d171-73d2-b5a3-f3521362c9bb_0843,0.8499360245756276,10,LINEAR,5,30
019f666a-d172-7952-ad8c-88e60e1ca29b_0844,0.6759280758811466,10,LINEAR,5,30
019f666a-d173-7234-989d-8f3e4091919a_0845,0.4287749077846909,10,LINEAR,5,30
019f666a-d174-77ef-8f79-156fd99d74bf_0846,0.5040744627476321,10,LINEAR,5,30
019f666a-d175-79b0-8589-ec9923806316_0847,0.7850600487727439,10,LINEAR,5,30
019f666a-d176-79bd-86b3-6e2d258c084e_0848,0.7789939777657523,10,LINEAR,5,30
019f666a-d177-7f3c-b1f0-7eb23b2cb7e5_0849,0.5849502166897915,10,LINEAR,5,30
019f666a-d178-7d55-865b-0b85020fd948_0850,0.8842205519653212,10,LINEAR,5,30
019f666a-d179-7a8c-92d2-a437c27ad27f_0851,0.6141694826713007,10,LINEAR,5,30
019f666a-d17a-750c-a99d-e4b2485fc8ac_0852,0.425790389678096,10,LINEAR,5,30
019f666a-d17b-796f-a6d6-e54f5cca1510_0853,0.5001933678800017,10,LINEAR,5,30
019f666a-d17c-78aa-91a1-d4a666c33a50_0854,0.33186675075826594,10,LINEAR,5,30
019f666a-d17d-7ced-a073-1cbfb7a717eb_0855,0.917526838338313,10,LINEAR,5,30
019f666a-d17e-727b-8429-eb7db7d1d0b5_0856,0.5668605937407608,10,LINEAR,5,30
019f666a-d17f-75b4-8428-4158c824f1d5_0857,0.5788765619814844,10,LINEAR,5,30
019f666a-d180-7f4a-8c18-70c802f0e8c4_0858,0.6171902199193141,10,LINEAR,5,30
019f666a-d181-768d-841e-7cfb1dcf26ea_0859,0.5984930314464827,10,LINEAR,5,30
019f666a-d182-7f4e-8162-1d81559a5e12_0860,0.7320949036511875,10,LINEAR,5,30
019f666a-d183-773a-93e6-d3e00522981c_0861,0.6307479899399024,10,LINEAR,5,30
019f666a-d184-78af-91b1-9f7357c6b5bf_0862,0.6048951164096918,10,LINEAR,5,30
019f666a-d185-7a0b-abef-e4744a3ac811_0863,0.7323510790035437,10,LINEAR,5,30
019f666a-d186-723a-8d42-0c8a462fdea4_0864,0.9185103709702156,10,LINEAR,5,30
019f666a-d187-7596-a6b5-ba7bd2de13ad_0865,0.5881391444121938,10,LINEAR,5,30
019f666a-d188-74cb-b6ac-606872bdc6e3_0866,0.5685305116170227,10,LINEAR,5,30
019f666a-d189-7b9b-8532-aae776d357cc_0867,0.9195565514854526,10,LINEAR,5,30
019f666a-d18a-7187-b590-65e374f81f1f_0868,0.6076750477015607,10,LINEAR,5,30
019f666a-d18b-779a-9b6d-05c5a3dc319c_0869,0.4076520078080653,10,LINEAR,5,30
019f666a-d18c-79c7-992f-bb99be3cbc7c_0870,0.5650260968010061,10,LINEAR,5,30
019f666a-d18d-7b55-a5cb-8c8d7cd8140f_0871,0.6066575137719017,10,LINEAR,5,30
019f666a-d18e-7396-a375-55d838ac2918_0872,0.4110328580001026,10,LINEAR,5,30
019f666a-d18f-79eb-87ba-7a64036ab536_0873,0.8618854631562904,10,LINEAR,5,30
019f666a-d190-74a8-8581-b99005cdff80_0874,0.9235661737513328,10,LINEAR,5,30
019f666a-d191-7778-adc6-4f1e82a2a25b_0875,0.9161789829378858,10,LINEAR,5,30
019f666a-d192-75d4-a8da-432f4f9dfc69_0876,0.4205024839939746,10,LINEAR,5,30
019f666a-d193-72ff-a73d-bd4823a475b7_0877,0.5795712601317117,10,LINEAR,5,30
019f666a-d194-7aa9-beec-ae1476d34408_0878,0.4767289090825673,10,LINEAR,5,30
019f666a-d195-7554-816c-1b3ff069d29b_0879,0.47795364089744163,10,LINEAR,5,30
019f666a-d196-74f5-a7a9-e08c291adcaa_0880,0.6325286119408942,10,LINEAR,5,30
019f666a-d197-7c6d-bf4b-5dee48dc0d99_0881,0.6870375862746474,10,LINEAR,5,30
019f666a-d198-75f6-98e1-1a6ebe022314_0882,0.18327303018894922,10,LINEAR,5,30
019f666a-d199-7737-897d-73d8db12b9ed_0883,0.9149399753990531,10,LINEAR,5,30
019f666a-d19a-7f91-9f74-1fa39daf20bd_0884,0.6502353825120533,10,LINEAR,5,30
019f666a-d19b-7114-86d8-8403b2bbbfe5_0885,0.6682687309147006,10,LINEAR,5,30
019f666a-d19c-7ddd-8fc0-42305b3541c3_0886,0.8729487712067229,10,LINEAR,5,30
019f666a-d19d-7f66-b5f9-a8b815de2d58_0887,0.783355841693468,10,LINEAR,5,30
019f666a-d19e-72c6-a6c9-4509590388c5_0888,0.5958578949381643,10,LINEAR,5,30
019f666a-d19f-70d9-89dc-4a67d2da76fc_0889,0.6429037677587898,10,LINEAR,5,30
019f666a-d1a0-7eab-a73e-cddea2283a59_0890,0.539605577503709,10,LINEAR,5,30
019f666a-d1a1-766b-9844-c892c8e7f077_0891,0.5791793389622244,10,LINEAR,5,30
019f666a-d1a2-74b0-91d2-0fa06e1bb03f_0892,0.9188521727383266,10,LINEAR,5,30
019f666a-d1a3-7f88-839a-eae8d4d2a8cf_0893,0.8568422191023902,10,LINEAR,5,30
019f666a-d1a4-7731-89cf-31846813fe03_0894,0.6177857766351795,10,LINEAR,5,30
019f666a-d1a5-7ad1-8d97-b5940339287e_0895,0.653008889314284,10,LINEAR,5,30
019f666a-d1a6-7bb3-8c90-405b4c0a7ab5_0896,0.4610855843242544,10,LINEAR,5,30
019f666a-d1a7-70ba-94d3-5a38acdedb2c_0897,0.4779268064374399,10,LINEAR,5,30
019f666a-d1a8-7d03-8f41-8f22e05a52c7_0898,0.8064168363672575,10,LINEAR,5,30
019f666a-d1a9-715d-9604-27c00632f854_0899,0.45986987274175356,10,LINEAR,5,30
019f666a-d1aa-75fb-85d6-c75f1ed1c9ae_0900,0.3950980785468329,10,LINEAR,5,30
019f666a-d1ab-7a4b-9920-6fddd7d3adc8_0901,0.8259364088512611,10,LINEAR,5,30
019f666a-d1ac-7cfe-a28b-39305abf51bb_0902,0.6499979232745783,10,LINEAR,5,30
019f666a-d1ad-70bc-b4cb-e2260ca6a9e7_0903,0.5325052759098016,10,LINEAR,5,30
019f666a-d1ae-793a-b9e3-8d66d8300d5c_0904,0.6147193105784046,10,LINEAR,5,30
019f666a-d1af-72b8-ab0c-553ed6f9b5f8_0905,0.6939859578939174,10,LINEAR,5,30
019f666a-d1b0-7190-a302-7ba422b1e200_0906,0.8781492773909774,10,LINEAR,5,30
019f666a-d1b1-78b5-8495-24a92ec5801f_0907,0.3586737476594272,10,LINEAR,5,30
019f666a-d1b2-7a63-92a3-45558382776d_0908,0.5224454972529505,10,LINEAR,5,30
019f666a-d1b3-71bc-baa5-ccdeff7c4502_0909,0.36655897099965273,10,LINEAR,5,30
019f666a-d1b4-7594-b9ca-342cbc6a1d14_0910,0.6499561740707829,10,LINEAR,5,30
019f666a-d1b5-7c36-a1e3-6f53f92b8205_0911,0.9237508095953272,10,LINEAR,5,30
019f666a-d1b6-76e4-8832-bb6284aa14b2_0912,0.6088619979953822,10,LINEAR,5,30
019f666a-d1b7-7769-80bf-8ae0c54c4c06_0913,0.5743513112105175,10,LINEAR,5,30
019f666a-d1b8-7433-933a-5a53f98070a6_0914,0.922884185511078,10,LINEAR,5,30
019f666a-d1b9-75e0-b2e1-6d4eacadc3f9_0915,0.921569467495372,10,LINEAR,5,30
019f666a-d1ba-7b5e-897e-8170166606e3_0916,0.6451812128788612,10,LINEAR,5,30
019f666a-d1bb-7f95-9d6f-3d58679ce7f2_0917,0.658800288952677,10,LINEAR,5,30
019f666a-d1bc-74ab-9c5f-2e6358839989_0918,0.5489137900623307,10,LINEAR,5,30
019f666a-d1bd-73fc-9e98-97c898890e73_0919,0.5119123091540511,10,LINEAR,5,30
019f666a-d1be-7ddd-bdf8-62abcfdf1329_0920,0.6171342479516195,10,LINEAR,5,30
019f666a-d1bf-74f2-a1bb-828d03468cd2_0921,0.5678830506985821,10,LINEAR,5,30
019f666a-d1c0-799a-a29a-423498d34d85_0922,0.6644130479214072,10,LINEAR,5,30
019f666a-d1c1-79d3-bbe3-cae9dd7129a9_0923,0.7774394529425417,10,LINEAR,5,30
019f666a-d1c2-7ace-8cc5-1afbf0ab3367_0924,0.4671369565116673,10,LINEAR,5,30
019f666a-d1c3-768e-b1b8-cbb63739f9aa_0925,0.6279635836428216,10,LINEAR,5,30
019f666a-d1c4-7e25-a2a8-9ab208c07a45_0926,0.5326097453668535,10,LINEAR,5,30
019f666a-d1c5-77cd-bc3d-2b61ede1a683_0927,0.5229813695262829,10,LINEAR,5,30
019f666a-d1c6-7016-a8ac-db8d996e5c16_0928,0.9207513974527546,10,LINEAR,5,30
019f666a-d1c7-7617-8635-43eaa35cdc1f_0929,0.6018521160412645,10,LINEAR,5,30
019f666a-d1c8-7893-b949-62659f7a86bb_0930,0.5619903593238943,10,LINEAR,5,30
019f666a-d1c9-751d-a9b2-30024d1ba33a_0931,0.870955774714451,10,LINEAR,5,30
019f666a-d1ca-7f93-8eb2-9b323003cee3_0932,0.918280107476899,10,LINEAR,5,30
019f666a-d1cb-758f-9ab1-836f40602470_0933,0.5173956125291331,10,LINEAR,5,30
019f666a-d1cc-7166-9d9d-a9c83e8db7ee_0934,0.9130047254995262,10,LINEAR,5,30
019f666a-d1cd-736b-8f81-71c5266eea95_0935,0.4543168958147385,10,LINEAR,5,30
019f666a-d1ce-7fd0-b6d8-5c74001ee9ad_0936,0.41343538736698077,10,LINEAR,5,30
019f666a-d1cf-748c-a8e5-8e1c4a7d144a_0937,0.482345821994299,10,LINEAR,5,30
019f666a-d1d0-755c-a803-55d0e356dde4_0938,0.9214797940651913,10,LINEAR,5,30
019f666a-d1d1-70fb-ba81-f207913aaa9e_0939,0.5432246537694401,10,LINEAR,5,30
019f666a-d1d2-720a-8c64-7cdac88f0539_0940,0.8777488520320871,10,LINEAR,5,30
019f666a-d1d3-780f-9254-cea21c6084cf_0941,0.4885313412900619,10,LINEAR,5,30
019f666a-d1d4-788b-832d-771186ffd650_0942,0.6035871033806031,10,LINEAR,5,30
019f666a-d1d5-765c-8d3c-59138b1926be_0943,0.9118374307901729,10,LINEAR,5,30
019f666a-d1d6-7c03-a7b0-ba644c5c24f1_0944,0.6099785743950993,10,LINEAR,5,30
019f666a-d1d7-7785-9025-43073e15e3b7_0945,0.7614242545508673,10,LINEAR,5,30
019f666a-d1d8-795c-a021-0297dc358d3c_0946,0.8777807072170203,10,LINEAR,5,30
019f666a-d1d9-7596-92b2-69660a6afe51_0947,0.5326991168454621,10,LINEAR,5,30
019f666a-d1da-757f-aed3-3cf8a7a18de6_0948,0.9222478913189326,10,LINEAR,5,30
019f666a-d1db-7e62-a242-8d8dd368f0ff_0949,0.5042470236734629,10,LINEAR,5,30
019f666a-d1dc-73fb-827f-4193841fccf8_0950,0.9173544684006275,10,LINEAR,5,30
019f666a-d1dd-7ad6-959e-227a085ee831_0951,0.3823251325594422,10,LINEAR,5,30
019f666a-d1de-7aef-b1f8-6bb84f7e3900_0952,0.8964593293911258,10,LINEAR,5,30
019f666a-d1df-7bb4-af06-f73157d43d01_0953,0.45213091904606095,10,LINEAR,5,30
019f666a-d1e0-7c0e-ba10-92cc9ba0480b_0954,0.5732001762471965,10,LINEAR,5,30
019f666a-d1e1-7e61-b7be-29fb63f163f2_0955,0.47338919610570074,10,LINEAR,5,30
019f666a-d1e2-727c-975b-4bc1ca4f370c_0956,0.6109508977241606,10,LINEAR,5,30
019f666a-d1e3-7e12-81c1-bf86c1cad69f_0957,0.564032925341498,10,LINEAR,5,30
019f666a-d1e4-7f90-b2e3-df10a8490b6c_0958,0.6157430812665204,10,LINEAR,5,30
019f666a-d1e5-7116-8d48-2a26c7940204_0959,0.9142491181451036,10,LINEAR,5,30
019f666a-d1e6-7a63-8635-8f4f47700a2f_0960,0.7477326771842574,10,LINEAR,5,30
019f666a-d1e7-7f9d-8b60-ca46dbeeec69_0961,0.8157770669951508,10,LINEAR,5,30
019f666a-d1e8-71d2-a317-4b42802b216d_0962,0.6332820393866321,10,LINEAR,5,30
019f666a-d1e9-777d-a33f-83401f38f6a9_0963,0.5722190737230857,10,LINEAR,5,30
019f666a-d1ea-717f-8a7b-4168ca0b8c6f_0964,0.7092898715518792,10,LINEAR,5,30
019f666a-d1eb-74e7-9043-7bddb6946fbe_0965,0.6910418170647114,10,LINEAR,5,30
019f666a-d1ec-7ab9-bb1f-7beb03299b05_0966,0.4344147446294169,10,LINEAR,5,30
019f666a-d1ed-7f1f-8856-c5c253ac4a69_0967,0.5713393133094116,10,LINEAR,5,30
019f666a-d1ee-7e4d-b20d-1c0e4c5414b3_0968,0.8819078092237695,10,LINEAR,5,30
019f666a-d1ef-7b89-9cf3-ff98273e7207_0969,0.3514047311635019,10,LINEAR,5,30
019f666a-d1f0-7ca0-a9a4-2b1ec8a9dc0b_0970,0.5679022633602155,10,LINEAR,5,30
019f666a-d1f1-711d-9a84-c40f3726bdb5_0971,0.8785854996359713,10,LINEAR,5,30
019f666a-d1f2-758e-9547-b02347463b34_0972,0.6940254662910507,10,LINEAR,5,30
019f666a-d1f3-704e-b2f6-e30eb95e5b44_0973,0.6409601721657875,10,LINEAR,5,30
019f666a-d1f4-77f1-8119-a71e7f835d63_0974,0.6771150297488442,10,LINEAR,5,30
019f666a-d1f5-71e3-8e31-5a964e11218a_0975,0.8914411701601722,10,LINEAR,5,30
019f666a-d1f6-7c30-abd8-3baedc9f6af6_0976,0.4950860656927446,10,LINEAR,5,30
019f666a-d1f7-7da0-85d7-23a1e0343801_0977,0.730217351535162,10,LINEAR,5,30
019f666a-d1f8-733b-b154-d26572776eb0_0978,0.5752323451945875,10,LINEAR,5,30
019f666a-d1f9-7320-8855-e4615c1b12bf_0979,0.9125277221126694,10,LINEAR,5,30
019f666a-d1fa-7795-a830-0baa3f3636c4_0980,0.5730779666242122,10,LINEAR,5,30
019f666a-d1fb-717b-bcec-b255c3872fc0_0981,0.37406049727414975,10,LINEAR,5,30
019f666a-d1fc-759f-ab5c-ec8f7b8a6f88_0982,0.5492303481880916,10,LINEAR,5,30
019f666a-d1fd-7cbf-98a1-94306770b918_0983,0.7472820796967298,10,LINEAR,5,30
019f666a-d1fe-7091-b98d-21dc236fc24d_0984,0.6733771105016727,10,LINEAR,5,30
019f666a-d1ff-793c-be20-a58653b78885_0985,0.8272210819269408,10,LINEAR,5,30
019f666a-d200-7819-99b5-fb1b70fe5790_0986,0.8750154762917888,10,LINEAR,5,30
019f666a-d201-7b90-a7e8-3ec53b59fe92_0987,0.9217001186126861,10,LINEAR,5,30
019f666a-d202-74d0-822d-9bab0af73130_0988,0.630527314313764,10,LINEAR,5,30
019f666a-d203-7852-86f5-21559ff1dc5c_0989,0.6880356902442216,10,LINEAR,5,30
019f666a-d204-7828-adac-72e6e905b508_0990,0.42934829586500334,10,LINEAR,5,30
019f666a-d205-7c0f-98dd-36a4ea21fb00_0991,0.6187035067492559,10,LINEAR,5,30
019f666a-d206-772e-8d0d-58b5ca42f571_0992,0.4268820511856908,10,LINEAR,5,30
019f666a-d207-7d13-86a0-9300ab1b46fe_0993,0.9182938914243115,10,LINEAR,5,30
019f666a-d208-7932-85c3-4dc6b4b0afde_0994,0.6991760821614079,10,LINEAR,5,30
019f666a-d209-7e5b-9980-6e05daac4843_0995,0.8790809506672265,10,LINEAR,5,30
019f666a-d20a-768b-b531-f31e05f6e07d_0996,0.8763761849546372,10,LINEAR,5,30
019f666a-d20b-7719-b62c-bb64ff26998d_0997,0.6095710388402966,10,LINEAR,5,30
019f666a-d20c-735d-8702-aa250edc2a5f_0998,0.3787083324381175,10,LINEAR,5,30
019f666a-d20d-765b-975b-1f87298e795b_0999,0.9121301743405834,10,LINEAR,5,30
